Faculty Name,Faculty Title,Faculty ID,Department,College,Website Link
Debbra Jennings,Adjunct Faculty,0,Multidisciplinary Innovation,College of Applied and Collaborative Studies,https://facultyinfo.unt.edu/faculty-profile?profile=dkm0091#current-teaching
Heather Treadway,Adjunct Faculty,1,Multidisciplinary Innovation,College of Applied and Collaborative Studies,https://facultyinfo.unt.edu/faculty-profile?profile=ht0140#current-teaching
Jason L. Cooley,Adjunct Faculty,2,Multidisciplinary Innovation,College of Applied and Collaborative Studies,https://facultyinfo.unt.edu/faculty-profile?profile=jlc0755#current-teaching
Justin Kramer,Adjunct Faculty,3,Multidisciplinary Innovation,College of Applied and Collaborative Studies,https://facultyinfo.unt.edu/faculty-profile?profile=jk0751#current-teaching
Kevin D. Sanders,Adjunct Faculty,4,Multidisciplinary Innovation,College of Applied and Collaborative Studies,https://facultyinfo.unt.edu/faculty-profile?profile=kds0238#current-teaching
Lalla Shackelford,Adjunct Faculty,5,Multidisciplinary Innovation,College of Applied and Collaborative Studies,https://facultyinfo.unt.edu/faculty-profile?profile=les0254#current-teaching
Michael A. Bailey,Adjunct Faculty,6,Multidisciplinary Innovation,College of Applied and Collaborative Studies,https://facultyinfo.unt.edu/faculty-profile?profile=mab0830#current-teaching
Niraj Desai,Adjunct Faculty,7,Multidisciplinary Innovation,College of Applied and Collaborative Studies,https://facultyinfo.unt.edu/faculty-profile?profile=nd0591#current-teaching
Robert Brown,Adjunct Faculty,8,Multidisciplinary Innovation,College of Applied and Collaborative Studies,https://facultyinfo.unt.edu/faculty-profile?profile=rab0204#current-teaching
Trapper Pace,Adjunct Faculty,9,Multidisciplinary Innovation,College of Applied and Collaborative Studies,https://facultyinfo.unt.edu/faculty-profile?profile=tkp0028#current-teaching
Shari M. Childers,Associate Dean,10,Multidisciplinary Innovation,College of Applied and Collaborative Studies,https://facultyinfo.unt.edu/faculty-profile?profile=smc0322#current-teaching
Pamela K. Bracey,Chair,11,Multidisciplinary Innovation,College of Applied and Collaborative Studies,https://facultyinfo.unt.edu/faculty-profile?profile=pks0047#current-teaching
Danielle L. Dumaine,Clinical Assistant Professor,12,Multidisciplinary Innovation,College of Applied and Collaborative Studies,https://facultyinfo.unt.edu/faculty-profile?profile=dld0302#current-teaching
Dev Mukherjee,Clinical Assistant Professor,13,Multidisciplinary Innovation,College of Applied and Collaborative Studies,https://facultyinfo.unt.edu/faculty-profile?profile=debasish#current-teaching
Dianne Y. Gravley,Clinical Assistant Professor,14,Multidisciplinary Innovation,College of Applied and Collaborative Studies,https://facultyinfo.unt.edu/faculty-profile?profile=dyg0001#current-teaching
Elizabeth N. Ranieri,Clinical Assistant Professor,15,Multidisciplinary Innovation,College of Applied and Collaborative Studies,https://facultyinfo.unt.edu/faculty-profile?profile=enr0063#current-teaching
Kelsey M. Carroll,Clinical Assistant Professor,16,Multidisciplinary Innovation,College of Applied and Collaborative Studies,https://facultyinfo.unt.edu/faculty-profile?profile=kmc0326#current-teaching
Les Stanaland,Clinical Assistant Professor,17,Multidisciplinary Innovation,College of Applied and Collaborative Studies,https://facultyinfo.unt.edu/faculty-profile?profile=lss0076#current-teaching
Melissa M. McKay,Clinical Assistant Professor,18,Multidisciplinary Innovation,College of Applied and Collaborative Studies,https://facultyinfo.unt.edu/faculty-profile?profile=mmm0240#current-teaching
Miranda Williams,Clinical Assistant Professor,19,Multidisciplinary Innovation,College of Applied and Collaborative Studies,https://facultyinfo.unt.edu/faculty-profile?profile=mw0596#current-teaching
Shomik Chakrabarti,Clinical Assistant Professor,20,Multidisciplinary Innovation,College of Applied and Collaborative Studies,https://facultyinfo.unt.edu/faculty-profile?profile=sc2523#current-teaching
Adam Guerrero,Clinical Associate Professor,21,Multidisciplinary Innovation,College of Applied and Collaborative Studies,https://facultyinfo.unt.edu/faculty-profile?profile=ag2345#current-teaching
Agustin Palao Mendizabal,Clinical Associate Professor,22,Multidisciplinary Innovation,College of Applied and Collaborative Studies,https://facultyinfo.unt.edu/faculty-profile?profile=apm0166#current-teaching
Bill T. Morgan,Clinical Associate Professor,23,Multidisciplinary Innovation,College of Applied and Collaborative Studies,https://facultyinfo.unt.edu/faculty-profile?profile=bm0215#current-teaching
Curtis Williams,Clinical Associate Professor,24,Multidisciplinary Innovation,College of Applied and Collaborative Studies,https://facultyinfo.unt.edu/faculty-profile?profile=cw0800#current-teaching
Laura Vu,Clinical Associate Professor,25,Multidisciplinary Innovation,College of Applied and Collaborative Studies,https://facultyinfo.unt.edu/faculty-profile?profile=lmv0139#current-teaching
LeeAnn Derdeyn,Clinical Associate Professor,26,Multidisciplinary Innovation,College of Applied and Collaborative Studies,https://facultyinfo.unt.edu/faculty-profile?profile=ld1099#current-teaching
Rochelle Gregory,Clinical Associate Professor,27,Multidisciplinary Innovation,College of Applied and Collaborative Studies,https://facultyinfo.unt.edu/faculty-profile?profile=rdg0188#current-teaching
Sammer M. Tekarli,Clinical Associate Professor,28,Multidisciplinary Innovation,College of Applied and Collaborative Studies,https://facultyinfo.unt.edu/faculty-profile?profile=smt0112#current-teaching
Sarvjeet Singh,Clinical Associate Professor,29,Multidisciplinary Innovation,College of Applied and Collaborative Studies,https://facultyinfo.unt.edu/faculty-profile?profile=ss2070#current-teaching
Susan E. Watson,Clinical Associate Professor,30,Multidisciplinary Innovation,College of Applied and Collaborative Studies,https://facultyinfo.unt.edu/faculty-profile?profile=sew0286#current-teaching
Suz Tyrrell,Clinical Associate Professor,31,Multidisciplinary Innovation,College of Applied and Collaborative Studies,https://facultyinfo.unt.edu/faculty-profile?profile=st1214#current-teaching
Thom DeWitt,Clinical Associate Professor,32,Multidisciplinary Innovation,College of Applied and Collaborative Studies,https://facultyinfo.unt.edu/faculty-profile?profile=tjd0172#current-teaching
Thomas Brindle,Clinical Associate Professor,33,Multidisciplinary Innovation,College of Applied and Collaborative Studies,https://facultyinfo.unt.edu/faculty-profile?profile=tb0447#current-teaching
Tina Ross,Clinical Associate Professor,34,Multidisciplinary Innovation,College of Applied and Collaborative Studies,https://facultyinfo.unt.edu/faculty-profile?profile=clr0311#current-teaching
Ajay Aggarwal,Clinical Professor,35,Multidisciplinary Innovation,College of Applied and Collaborative Studies,https://facultyinfo.unt.edu/faculty-profile?profile=aka0248#current-teaching
Andrew Snyder,Clinical Professor,36,Multidisciplinary Innovation,College of Applied and Collaborative Studies,https://facultyinfo.unt.edu/faculty-profile?profile=cas0883#current-teaching
Kara A. Fulton,Clinical Professor,37,Multidisciplinary Innovation,College of Applied and Collaborative Studies,https://facultyinfo.unt.edu/faculty-profile?profile=kaf0213#current-teaching
Junhyeon Kwon,Assistant Professor,38,Data Analytics and Statistics,College of Artificial Intelligence and Advanced Analytics,https://facultyinfo.unt.edu/faculty-profile?profile=jk1079#current-teaching
Sarah Quintanar,Chair,39,Data Analytics and Statistics,College of Artificial Intelligence and Advanced Analytics,https://facultyinfo.unt.edu/faculty-profile?profile=sjq0010#current-teaching
Amrita Thomas,Clinical Assistant Professor,40,Data Analytics and Statistics,College of Artificial Intelligence and Advanced Analytics,https://facultyinfo.unt.edu/faculty-profile?profile=at1102#current-teaching
Henrique Ewbank,Clinical Assistant Professor,41,Data Analytics and Statistics,College of Artificial Intelligence and Advanced Analytics,https://facultyinfo.unt.edu/faculty-profile?profile=he0146#current-teaching
Jingjing Tong,Clinical Assistant Professor,42,Data Analytics and Statistics,College of Artificial Intelligence and Advanced Analytics,https://facultyinfo.unt.edu/faculty-profile?profile=jt0941#current-teaching
Leann K. Boyce,Clinical Assistant Professor,43,Data Analytics and Statistics,College of Artificial Intelligence and Advanced Analytics,https://facultyinfo.unt.edu/faculty-profile?profile=lkb0118#current-teaching
Levent Bulut,Clinical Assistant Professor,44,Data Analytics and Statistics,College of Artificial Intelligence and Advanced Analytics,https://facultyinfo.unt.edu/faculty-profile?profile=lb0509#current-teaching
Richard Appiah,Clinical Assistant Professor,45,Data Analytics and Statistics,College of Artificial Intelligence and Advanced Analytics,https://facultyinfo.unt.edu/faculty-profile?profile=ra1186#current-teaching
Schenita A. Floyd,Clinical Assistant Professor,46,Data Analytics and Statistics,College of Artificial Intelligence and Advanced Analytics,https://facultyinfo.unt.edu/faculty-profile?profile=saf0174#current-teaching
Shon Paul Williams,Clinical Assistant Professor,47,Data Analytics and Statistics,College of Artificial Intelligence and Advanced Analytics,https://facultyinfo.unt.edu/faculty-profile?profile=spw0089#current-teaching
Stephen Penn,Clinical Assistant Professor,48,Data Analytics and Statistics,College of Artificial Intelligence and Advanced Analytics,https://facultyinfo.unt.edu/faculty-profile?profile=spp0006#current-teaching
Tony Fantasia,Clinical Assistant Professor,49,Data Analytics and Statistics,College of Artificial Intelligence and Advanced Analytics,https://facultyinfo.unt.edu/faculty-profile?profile=atf0060#current-teaching
Zeynep Orhan,Clinical Assistant Professor,50,Data Analytics and Statistics,College of Artificial Intelligence and Advanced Analytics,https://facultyinfo.unt.edu/faculty-profile?profile=zo0027#current-teaching
Denise R. Philpot,Clinical Associate Professor,51,Data Analytics and Statistics,College of Artificial Intelligence and Advanced Analytics,https://facultyinfo.unt.edu/faculty-profile?profile=drp0006#current-teaching
Mehmet Orhan,Clinical Associate Professor,52,Data Analytics and Statistics,College of Artificial Intelligence and Advanced Analytics,https://facultyinfo.unt.edu/faculty-profile?profile=mo0354#current-teaching
Orhan Erdem,Clinical Associate Professor,53,Data Analytics and Statistics,College of Artificial Intelligence and Advanced Analytics,https://facultyinfo.unt.edu/faculty-profile?profile=oe0076#current-teaching
Thuan L. Nguyen,Clinical Associate Professor,54,Data Analytics and Statistics,College of Artificial Intelligence and Advanced Analytics,https://facultyinfo.unt.edu/faculty-profile?profile=tln0076#current-teaching
Yixun Xing,Clinical Associate Professor,55,Data Analytics and Statistics,College of Artificial Intelligence and Advanced Analytics,https://facultyinfo.unt.edu/faculty-profile?profile=yx0101#current-teaching
Kai-Sheng Song,Professor,56,Data Analytics and Statistics,College of Artificial Intelligence and Advanced Analytics,https://facultyinfo.unt.edu/faculty-profile?profile=ks0264#current-teaching
Haihua Chen,Assistant Professor,57,Data Science,College of Artificial Intelligence and Advanced Analytics,https://facultyinfo.unt.edu/faculty-profile?profile=hhc0025#current-teaching
Mohammed Aledhari,Assistant Professor,58,Data Science,College of Artificial Intelligence and Advanced Analytics,https://facultyinfo.unt.edu/faculty-profile?profile=ma1603#current-teaching
Pretom Roy Ovi,Assistant Professor,59,Data Science,College of Artificial Intelligence and Advanced Analytics,https://facultyinfo.unt.edu/faculty-profile?profile=po0132#current-teaching
Sahara Ali,Assistant Professor,60,Data Science,College of Artificial Intelligence and Advanced Analytics,https://facultyinfo.unt.edu/faculty-profile?profile=sa2923#current-teaching
Ting Xiao,Assistant Professor,61,Data Science,College of Artificial Intelligence and Advanced Analytics,https://facultyinfo.unt.edu/faculty-profile?profile=tx0014#current-teaching
Tozammel Hossain,Assistant Professor,62,Data Science,College of Artificial Intelligence and Advanced Analytics,https://facultyinfo.unt.edu/faculty-profile?profile=kh0718#current-teaching
Wael Korani,Assistant Professor,63,Data Science,College of Artificial Intelligence and Advanced Analytics,https://facultyinfo.unt.edu/faculty-profile?profile=wk0109#current-teaching
Gahangir Hossain,Associate Professor,64,Data Science,College of Artificial Intelligence and Advanced Analytics,https://facultyinfo.unt.edu/faculty-profile?profile=gh0276#current-teaching
Kewei Sha,Associate Professor,65,Data Science,College of Artificial Intelligence and Advanced Analytics,https://facultyinfo.unt.edu/faculty-profile?profile=ks1382#current-teaching
Lingzi Hong,Associate Professor,66,Data Science,College of Artificial Intelligence and Advanced Analytics,https://facultyinfo.unt.edu/faculty-profile?profile=lh0463#current-teaching
Junhua Ding,Chair,67,Data Science,College of Artificial Intelligence and Advanced Analytics,https://facultyinfo.unt.edu/faculty-profile?profile=jd0595#current-teaching
Stephen F. Wheeler,Clinical Assistant Professor,68,Data Science,College of Artificial Intelligence and Advanced Analytics,https://facultyinfo.unt.edu/faculty-profile?profile=sfw0046#current-teaching
Yang Zhang,Clinical Assistant Professor,69,Data Science,College of Artificial Intelligence and Advanced Analytics,https://facultyinfo.unt.edu/faculty-profile?profile=yz0392#current-teaching
Clifford K. Whitworth,Lecturer,70,Data Science,College of Artificial Intelligence and Advanced Analytics,https://facultyinfo.unt.edu/faculty-profile?profile=ckw0006#current-teaching
Sharad Sharma,Professor,71,Data Science,College of Artificial Intelligence and Advanced Analytics,https://facultyinfo.unt.edu/faculty-profile?profile=ss3223#current-teaching
Jiuyan Li,Teaching Fellow,72,Data Science,College of Artificial Intelligence and Advanced Analytics,https://facultyinfo.unt.edu/faculty-profile?profile=jl0953#current-teaching
Melika Rostami,Teaching Fellow,73,Data Science,College of Artificial Intelligence and Advanced Analytics,https://facultyinfo.unt.edu/faculty-profile?profile=mr2073#current-teaching
Kinshuk Kinshuk,Dean,74,Dean's Office,College of Artificial Intelligence and Advanced Analytics,https://facultyinfo.unt.edu/faculty-profile?profile=dk0242#current-teaching
Adrianne J. Washburn,Adjunct Faculty,75,Information Science,College of Artificial Intelligence and Advanced Analytics,https://facultyinfo.unt.edu/faculty-profile?profile=aem0053#current-teaching
Agnes G. Pearcy,Adjunct Faculty,76,Information Science,College of Artificial Intelligence and Advanced Analytics,https://facultyinfo.unt.edu/faculty-profile?profile=ag0028#current-teaching
Angela Alvarado,Adjunct Faculty,77,Information Science,College of Artificial Intelligence and Advanced Analytics,https://facultyinfo.unt.edu/faculty-profile?profile=ams0325#current-teaching
Artemida Kabashi,Adjunct Faculty,78,Information Science,College of Artificial Intelligence and Advanced Analytics,https://facultyinfo.unt.edu/faculty-profile?profile=ak0173#current-teaching
Christina R. Guadalupe,Adjunct Faculty,79,Information Science,College of Artificial Intelligence and Advanced Analytics,https://facultyinfo.unt.edu/faculty-profile?profile=crr0099#current-teaching
Constance A. Coyle,Adjunct Faculty,80,Information Science,College of Artificial Intelligence and Advanced Analytics,https://facultyinfo.unt.edu/faculty-profile?profile=cac0048#current-teaching
Craig M. Drayden,Adjunct Faculty,81,Information Science,College of Artificial Intelligence and Advanced Analytics,https://facultyinfo.unt.edu/faculty-profile?profile=cmd0148#current-teaching
Deama A. Khader,Adjunct Faculty,82,Information Science,College of Artificial Intelligence and Advanced Analytics,https://facultyinfo.unt.edu/faculty-profile?profile=dak0126#current-teaching
Debra Knight,Adjunct Faculty,83,Information Science,College of Artificial Intelligence and Advanced Analytics,https://facultyinfo.unt.edu/faculty-profile?profile=dak0147#current-teaching
Denise L. Chochrek,Adjunct Faculty,84,Information Science,College of Artificial Intelligence and Advanced Analytics,https://facultyinfo.unt.edu/faculty-profile?profile=dlc0069#current-teaching
Diana Colby,Adjunct Faculty,85,Information Science,College of Artificial Intelligence and Advanced Analytics,https://facultyinfo.unt.edu/faculty-profile?profile=dlc0267#current-teaching
Elena Vassilieva,Adjunct Faculty,86,Information Science,College of Artificial Intelligence and Advanced Analytics,https://facultyinfo.unt.edu/faculty-profile?profile=evv0002#current-teaching
Elise Chieko Victor,Adjunct Faculty,87,Information Science,College of Artificial Intelligence and Advanced Analytics,https://facultyinfo.unt.edu/faculty-profile?profile=ecv0023#current-teaching
Eric Upchurch,Adjunct Faculty,88,Information Science,College of Artificial Intelligence and Advanced Analytics,https://facultyinfo.unt.edu/faculty-profile?profile=ecu0005#current-teaching
Fariba Sadeghinaeenifard,Adjunct Faculty,89,Information Science,College of Artificial Intelligence and Advanced Analytics,https://facultyinfo.unt.edu/faculty-profile?profile=fs0163#current-teaching
Guonan Wang,Adjunct Faculty,90,Information Science,College of Artificial Intelligence and Advanced Analytics,https://facultyinfo.unt.edu/faculty-profile?profile=gw0016#current-teaching
Hammad Khan,Adjunct Faculty,91,Information Science,College of Artificial Intelligence and Advanced Analytics,https://facultyinfo.unt.edu/faculty-profile?profile=hrk0027#current-teaching
Heather A. Lamb,Adjunct Faculty,92,Information Science,College of Artificial Intelligence and Advanced Analytics,https://facultyinfo.unt.edu/faculty-profile?profile=hal0007#current-teaching
Ijay Kaz-Onyeakazi,Adjunct Faculty,93,Information Science,College of Artificial Intelligence and Advanced Analytics,https://facultyinfo.unt.edu/faculty-profile?profile=iak0016#current-teaching
James M. Spence,Adjunct Faculty,94,Information Science,College of Artificial Intelligence and Advanced Analytics,https://facultyinfo.unt.edu/faculty-profile?profile=jms0435#current-teaching
Jenny N. Mumah,Adjunct Faculty,95,Information Science,College of Artificial Intelligence and Advanced Analytics,https://facultyinfo.unt.edu/faculty-profile?profile=jnm0106#current-teaching
Jian Yang,Adjunct Faculty,96,Information Science,College of Artificial Intelligence and Advanced Analytics,https://facultyinfo.unt.edu/faculty-profile?profile=jy0282#current-teaching
Jo Ann Livingston,Adjunct Faculty,97,Information Science,College of Artificial Intelligence and Advanced Analytics,https://facultyinfo.unt.edu/faculty-profile?profile=jal0352#current-teaching
Kerri Harris,Adjunct Faculty,98,Information Science,College of Artificial Intelligence and Advanced Analytics,https://facultyinfo.unt.edu/faculty-profile?profile=ksh0100#current-teaching
Kimberly R. Moore,Adjunct Faculty,99,Information Science,College of Artificial Intelligence and Advanced Analytics,https://facultyinfo.unt.edu/faculty-profile?profile=krm0038#current-teaching
Kristy Smrcka,Adjunct Faculty,100,Information Science,College of Artificial Intelligence and Advanced Analytics,https://facultyinfo.unt.edu/faculty-profile?profile=ks0020#current-teaching
Lewis Giles,Adjunct Faculty,101,Information Science,College of Artificial Intelligence and Advanced Analytics,https://facultyinfo.unt.edu/faculty-profile?profile=lmg0203#current-teaching
Lucinda W. Sharp,Adjunct Faculty,102,Information Science,College of Artificial Intelligence and Advanced Analytics,https://facultyinfo.unt.edu/faculty-profile?profile=ls0008#current-teaching
Lynne M. Simpson,Adjunct Faculty,103,Information Science,College of Artificial Intelligence and Advanced Analytics,https://facultyinfo.unt.edu/faculty-profile?profile=lms0029#current-teaching
Malak M. Khader,Adjunct Faculty,104,Information Science,College of Artificial Intelligence and Advanced Analytics,https://facultyinfo.unt.edu/faculty-profile?profile=mmk0145#current-teaching
Mason Jones,Adjunct Faculty,105,Information Science,College of Artificial Intelligence and Advanced Analytics,https://facultyinfo.unt.edu/faculty-profile?profile=maj0406#current-teaching
Nancy Jo Ann Lambert,Adjunct Faculty,106,Information Science,College of Artificial Intelligence and Advanced Analytics,https://facultyinfo.unt.edu/faculty-profile?profile=njl0028#current-teaching
Philip M. Turner,Adjunct Faculty,107,Information Science,College of Artificial Intelligence and Advanced Analytics,https://facultyinfo.unt.edu/faculty-profile?profile=pmt0002#current-teaching
Rachel E. Hoyt,Adjunct Faculty,108,Information Science,College of Artificial Intelligence and Advanced Analytics,https://facultyinfo.unt.edu/faculty-profile?profile=reh0142#current-teaching
Robbie R. Sittel,Adjunct Faculty,109,Information Science,College of Artificial Intelligence and Advanced Analytics,https://facultyinfo.unt.edu/faculty-profile?profile=nrs0011#current-teaching
Samantha M. Dodd Summerbell,Adjunct Faculty,110,Information Science,College of Artificial Intelligence and Advanced Analytics,https://facultyinfo.unt.edu/faculty-profile?profile=smd0191#current-teaching
Samuel Muwanguzi,Adjunct Faculty,111,Information Science,College of Artificial Intelligence and Advanced Analytics,https://facultyinfo.unt.edu/faculty-profile?profile=sm0140#current-teaching
Shawna Ford,Adjunct Faculty,112,Information Science,College of Artificial Intelligence and Advanced Analytics,https://facultyinfo.unt.edu/faculty-profile?profile=slf0271#current-teaching
Stephen Lancaster,Adjunct Faculty,113,Information Science,College of Artificial Intelligence and Advanced Analytics,https://facultyinfo.unt.edu/faculty-profile?profile=sml0266#current-teaching
Tereza R. Merlo,Adjunct Faculty,114,Information Science,College of Artificial Intelligence and Advanced Analytics,https://facultyinfo.unt.edu/faculty-profile?profile=trm0120#current-teaching
Ting Wang,Adjunct Faculty,115,Information Science,College of Artificial Intelligence and Advanced Analytics,https://facultyinfo.unt.edu/faculty-profile?profile=tw0374#current-teaching
Toby J. Faber,Adjunct Faculty,116,Information Science,College of Artificial Intelligence and Advanced Analytics,https://facultyinfo.unt.edu/faculty-profile?profile=tjf0016#current-teaching
Tyson D. McMillan,Adjunct Faculty,117,Information Science,College of Artificial Intelligence and Advanced Analytics,https://facultyinfo.unt.edu/faculty-profile?profile=tdm0119#current-teaching
Uma Sarder,Adjunct Faculty,118,Information Science,College of Artificial Intelligence and Advanced Analytics,https://facultyinfo.unt.edu/faculty-profile?profile=us0150#current-teaching
Valli M. Hoski,Adjunct Faculty,119,Information Science,College of Artificial Intelligence and Advanced Analytics,https://facultyinfo.unt.edu/faculty-profile?profile=vmh0008#current-teaching
Vyacheslav I. Zavalin,Adjunct Faculty,120,Information Science,College of Artificial Intelligence and Advanced Analytics,https://facultyinfo.unt.edu/faculty-profile?profile=viz0001#current-teaching
Zandra I. Lopez,Adjunct Faculty,121,Information Science,College of Artificial Intelligence and Advanced Analytics,https://facultyinfo.unt.edu/faculty-profile?profile=zil0004#current-teaching
Ana Roeschley,Assistant Professor,122,Information Science,College of Artificial Intelligence and Advanced Analytics,https://facultyinfo.unt.edu/faculty-profile?profile=akr0128#current-teaching
Bishnu Sarker,Assistant Professor,123,Information Science,College of Artificial Intelligence and Advanced Analytics,https://facultyinfo.unt.edu/faculty-profile?profile=bs1168#current-teaching
Brady Lund,Assistant Professor,124,Information Science,College of Artificial Intelligence and Advanced Analytics,https://facultyinfo.unt.edu/faculty-profile?profile=bdl0095#current-teaching
Heejun Kim,Assistant Professor,125,Information Science,College of Artificial Intelligence and Advanced Analytics,https://facultyinfo.unt.edu/faculty-profile?profile=hk0525#current-teaching
Katie Klein,Assistant Professor,126,Information Science,College of Artificial Intelligence and Advanced Analytics,https://facultyinfo.unt.edu/faculty-profile?profile=kek0228#current-teaching
Mary Burke,Assistant Professor,127,Information Science,College of Artificial Intelligence and Advanced Analytics,https://facultyinfo.unt.edu/faculty-profile?profile=mb0722#current-teaching
Yunfei Du,Associate Dean,128,Information Science,College of Artificial Intelligence and Advanced Analytics,https://facultyinfo.unt.edu/faculty-profile?profile=yd0006#current-teaching
Hsia-Ching Chang,Associate Professor,129,Information Science,College of Artificial Intelligence and Advanced Analytics,https://facultyinfo.unt.edu/faculty-profile?profile=hc0314#current-teaching
Jennifer E. Moore,Associate Professor,130,Information Science,College of Artificial Intelligence and Advanced Analytics,https://facultyinfo.unt.edu/faculty-profile?profile=jem0095#current-teaching
Mutlu Mete,Associate Professor,131,Information Science,College of Artificial Intelligence and Advanced Analytics,https://facultyinfo.unt.edu/faculty-profile?profile=mm3396#current-teaching
Sarah A. Evans,Associate Professor,132,Information Science,College of Artificial Intelligence and Advanced Analytics,https://facultyinfo.unt.edu/faculty-profile?profile=sae0143#current-teaching
Sarah E. Ryan,Associate Professor,133,Information Science,College of Artificial Intelligence and Advanced Analytics,https://facultyinfo.unt.edu/faculty-profile?profile=ser0252#current-teaching
Mark V. Albert,Chair,134,Information Science,College of Artificial Intelligence and Advanced Analytics,https://facultyinfo.unt.edu/faculty-profile?profile=mva0023#current-teaching
Tae Hee Lee,Clinical Assistant Professor,135,Information Science,College of Artificial Intelligence and Advanced Analytics,https://facultyinfo.unt.edu/faculty-profile?profile=tl0466#current-teaching
Jodi L. Philbrick,Principal Lecturer,136,Information Science,College of Artificial Intelligence and Advanced Analytics,https://facultyinfo.unt.edu/faculty-profile?profile=jlw0059#current-teaching
Lawrence M. Enoch,Principal Lecturer,137,Information Science,College of Artificial Intelligence and Advanced Analytics,https://facultyinfo.unt.edu/faculty-profile?profile=lme0004#current-teaching
Xin Wang,Principal Lecturer,138,Information Science,College of Artificial Intelligence and Advanced Analytics,https://facultyinfo.unt.edu/faculty-profile?profile=xw0083#current-teaching
Ana D. Cleveland,Professor,139,Information Science,College of Artificial Intelligence and Advanced Analytics,https://facultyinfo.unt.edu/faculty-profile?profile=adc0003#current-teaching
Daniella L. Smith,Professor,140,Information Science,College of Artificial Intelligence and Advanced Analytics,https://facultyinfo.unt.edu/faculty-profile?profile=dls0323#current-teaching
Jeff M. Allen,Professor,141,Information Science,College of Artificial Intelligence and Advanced Analytics,https://facultyinfo.unt.edu/faculty-profile?profile=jma0002#current-teaching
Jeonghyun Kim,Professor,142,Information Science,College of Artificial Intelligence and Advanced Analytics,https://facultyinfo.unt.edu/faculty-profile?profile=jk0330#current-teaching
Oksana L. Zavalina,Professor,143,Information Science,College of Artificial Intelligence and Advanced Analytics,https://facultyinfo.unt.edu/faculty-profile?profile=olz0003#current-teaching
Shawne D. Miksa,Professor,144,Information Science,College of Artificial Intelligence and Advanced Analytics,https://facultyinfo.unt.edu/faculty-profile?profile=sm0108#current-teaching
Tricia A. Kuon,Senior Lecturer,145,Information Science,College of Artificial Intelligence and Advanced Analytics,https://facultyinfo.unt.edu/faculty-profile?profile=tak0124#current-teaching
Abdullah Alenezi,Teaching Fellow,146,Information Science,College of Artificial Intelligence and Advanced Analytics,https://facultyinfo.unt.edu/faculty-profile?profile=aha0066#current-teaching
Abdullah Gadi,Teaching Fellow,147,Information Science,College of Artificial Intelligence and Advanced Analytics,https://facultyinfo.unt.edu/faculty-profile?profile=ag0839#current-teaching
Abidemi Atolagbe-Olaoye,Teaching Fellow,148,Information Science,College of Artificial Intelligence and Advanced Analytics,https://facultyinfo.unt.edu/faculty-profile?profile=aa1316#current-teaching
Chinami McLain,Teaching Fellow,149,Information Science,College of Artificial Intelligence and Advanced Analytics,https://facultyinfo.unt.edu/faculty-profile?profile=cm0464#current-teaching
Daniel Agbaji,Teaching Fellow,150,Information Science,College of Artificial Intelligence and Advanced Analytics,https://facultyinfo.unt.edu/faculty-profile?profile=daa0194#current-teaching
Emily Pojman,Teaching Fellow,151,Information Science,College of Artificial Intelligence and Advanced Analytics,https://facultyinfo.unt.edu/faculty-profile?profile=erp0095#current-teaching
Fatemeh (Ava) Hajian,Teaching Fellow,152,Information Science,College of Artificial Intelligence and Advanced Analytics,https://facultyinfo.unt.edu/faculty-profile?profile=fh0141#current-teaching
Fengjiao Tu,Teaching Fellow,153,Information Science,College of Artificial Intelligence and Advanced Analytics,https://facultyinfo.unt.edu/faculty-profile?profile=ft0138#current-teaching
Gayathri Challa,Teaching Fellow,154,Information Science,College of Artificial Intelligence and Advanced Analytics,https://facultyinfo.unt.edu/faculty-profile?profile=lc0611#current-teaching
Hesam Akbari,Teaching Fellow,155,Information Science,College of Artificial Intelligence and Advanced Analytics,https://facultyinfo.unt.edu/faculty-profile?profile=ha0628#current-teaching
Kate Kargozari,Teaching Fellow,156,Information Science,College of Artificial Intelligence and Advanced Analytics,https://facultyinfo.unt.edu/faculty-profile?profile=ak0841#current-teaching
Komala Cherukuri,Teaching Fellow,157,Information Science,College of Artificial Intelligence and Advanced Analytics,https://facultyinfo.unt.edu/faculty-profile?profile=kc1080#current-teaching
Lacy Molina,Teaching Fellow,158,Information Science,College of Artificial Intelligence and Advanced Analytics,https://facultyinfo.unt.edu/faculty-profile?profile=lnm0124#current-teaching
Lydia Oladapo,Teaching Fellow,159,Information Science,College of Artificial Intelligence and Advanced Analytics,https://facultyinfo.unt.edu/faculty-profile?profile=llo0030#current-teaching
Md Golam Rabbani,Teaching Fellow,160,Information Science,College of Artificial Intelligence and Advanced Analytics,https://facultyinfo.unt.edu/faculty-profile?profile=mgr0140#current-teaching
Mimi Byun,Teaching Fellow,161,Information Science,College of Artificial Intelligence and Advanced Analytics,https://facultyinfo.unt.edu/faculty-profile?profile=mkb0256#current-teaching
Monica Zhang,Teaching Fellow,162,Information Science,College of Artificial Intelligence and Advanced Analytics,https://facultyinfo.unt.edu/faculty-profile?profile=xz0130#current-teaching
Nathan Brown,Teaching Fellow,163,Information Science,College of Artificial Intelligence and Advanced Analytics,https://facultyinfo.unt.edu/faculty-profile?profile=ndb0086#current-teaching
Nayana Pampapura Madali,Teaching Fellow,164,Information Science,College of Artificial Intelligence and Advanced Analytics,https://facultyinfo.unt.edu/faculty-profile?profile=np0208#current-teaching
Rashid Mohotarema,Teaching Fellow,165,Information Science,College of Artificial Intelligence and Advanced Analytics,https://facultyinfo.unt.edu/faculty-profile?profile=mr1639#current-teaching
Rosa A. Malave,Teaching Fellow,166,Information Science,College of Artificial Intelligence and Advanced Analytics,https://facultyinfo.unt.edu/faculty-profile?profile=ram0113#current-teaching
Tayiba Raheem,Teaching Fellow,167,Information Science,College of Artificial Intelligence and Advanced Analytics,https://facultyinfo.unt.edu/faculty-profile?profile=tr0377#current-teaching
Velverthi Navya,Teaching Fellow,168,Information Science,College of Artificial Intelligence and Advanced Analytics,https://facultyinfo.unt.edu/faculty-profile?profile=nv0177#current-teaching
Zohreh Farahmandpour,Teaching Fellow,169,Information Science,College of Artificial Intelligence and Advanced Analytics,https://facultyinfo.unt.edu/faculty-profile?profile=zf0045#current-teaching
Blair B. Copeland,Adjunct Faculty,170,Learning Technologies,College of Artificial Intelligence and Advanced Analytics,https://facultyinfo.unt.edu/faculty-profile?profile=copeland#current-teaching
Frank W. Kellner,Adjunct Faculty,171,Learning Technologies,College of Artificial Intelligence and Advanced Analytics,https://facultyinfo.unt.edu/faculty-profile?profile=fk0064#current-teaching
Jenny S. Wakefield,Adjunct Faculty,172,Learning Technologies,College of Artificial Intelligence and Advanced Analytics,https://facultyinfo.unt.edu/faculty-profile?profile=jsw0130#current-teaching
Joshua W. Tabor,Adjunct Faculty,173,Learning Technologies,College of Artificial Intelligence and Advanced Analytics,https://facultyinfo.unt.edu/faculty-profile?profile=jt0010#current-teaching
Karen M. Lackey,Adjunct Faculty,174,Learning Technologies,College of Artificial Intelligence and Advanced Analytics,https://facultyinfo.unt.edu/faculty-profile?profile=kml0206#current-teaching
Monica Surrency,Adjunct Faculty,175,Learning Technologies,College of Artificial Intelligence and Advanced Analytics,https://facultyinfo.unt.edu/faculty-profile?profile=mjs0438#current-teaching
Samantha Norton,Adjunct Faculty,176,Learning Technologies,College of Artificial Intelligence and Advanced Analytics,https://facultyinfo.unt.edu/faculty-profile?profile=smh0539#current-teaching
Sara Reynolds,Adjunct Faculty,177,Learning Technologies,College of Artificial Intelligence and Advanced Analytics,https://facultyinfo.unt.edu/faculty-profile?profile=sk1212#current-teaching
Tania Heap,Adjunct Faculty,178,Learning Technologies,College of Artificial Intelligence and Advanced Analytics,https://facultyinfo.unt.edu/faculty-profile?profile=tph0050#current-teaching
Fred C. McMahan,Assistant Professor,179,Learning Technologies,College of Artificial Intelligence and Advanced Analytics,https://facultyinfo.unt.edu/faculty-profile?profile=tcm0025#current-teaching
Jenny Ji,Assistant Professor,180,Learning Technologies,College of Artificial Intelligence and Advanced Analytics,https://facultyinfo.unt.edu/faculty-profile?profile=hj0352#current-teaching
Ji Hyun Yu,Assistant Professor,181,Learning Technologies,College of Artificial Intelligence and Advanced Analytics,https://facultyinfo.unt.edu/faculty-profile?profile=jy0373#current-teaching
Jingwen He,Assistant Professor,182,Learning Technologies,College of Artificial Intelligence and Advanced Analytics,https://facultyinfo.unt.edu/faculty-profile?profile=jh1772#current-teaching
Li Cheng,Assistant Professor,183,Learning Technologies,College of Artificial Intelligence and Advanced Analytics,https://facultyinfo.unt.edu/faculty-profile?profile=lc0912#current-teaching
Regina Kaplan-Rakowski,Assistant Professor,184,Learning Technologies,College of Artificial Intelligence and Advanced Analytics,https://facultyinfo.unt.edu/faculty-profile?profile=rk0442#current-teaching
John R. Turner,Associate Professor,185,Learning Technologies,College of Artificial Intelligence and Advanced Analytics,https://facultyinfo.unt.edu/faculty-profile?profile=jrt0169#current-teaching
Karen R. Johnson,Associate Professor,186,Learning Technologies,College of Artificial Intelligence and Advanced Analytics,https://facultyinfo.unt.edu/faculty-profile?profile=krj0084#current-teaching
Lauren M. Eutsler,Associate Professor,187,Learning Technologies,College of Artificial Intelligence and Advanced Analytics,https://facultyinfo.unt.edu/faculty-profile?profile=lme0080#current-teaching
Rose M. Baker,Associate Professor,188,Learning Technologies,College of Artificial Intelligence and Advanced Analytics,https://facultyinfo.unt.edu/faculty-profile?profile=rmb0252#current-teaching
Youngjin Lee,Associate Professor,189,Learning Technologies,College of Artificial Intelligence and Advanced Analytics,https://facultyinfo.unt.edu/faculty-profile?profile=yl0611#current-teaching
Xun Ge,Chair,190,Learning Technologies,College of Artificial Intelligence and Advanced Analytics,https://facultyinfo.unt.edu/faculty-profile?profile=xg0073#current-teaching
Deborah P. Cockerham,Clinical Assistant Professor,191,Learning Technologies,College of Artificial Intelligence and Advanced Analytics,https://facultyinfo.unt.edu/faculty-profile?profile=dpc0075#current-teaching
Tai-Yi Huang,Lecturer,192,Learning Technologies,College of Artificial Intelligence and Advanced Analytics,https://facultyinfo.unt.edu/faculty-profile?profile=th0052#current-teaching
Gerald Knezek,Professor,193,Learning Technologies,College of Artificial Intelligence and Advanced Analytics,https://facultyinfo.unt.edu/faculty-profile?profile=gknezek#current-teaching
Scott J. Warren,Professor,194,Learning Technologies,College of Artificial Intelligence and Advanced Analytics,https://facultyinfo.unt.edu/faculty-profile?profile=sjw0117#current-teaching
Tandra L. Tyler-Wood,Professor,195,Learning Technologies,College of Artificial Intelligence and Advanced Analytics,https://facultyinfo.unt.edu/faculty-profile?profile=tlt0031#current-teaching
Yuan-Hsuan Lee,Professor,196,Learning Technologies,College of Artificial Intelligence and Advanced Analytics,https://facultyinfo.unt.edu/faculty-profile?profile=yl0819#current-teaching
Yunjo An,Professor,197,Learning Technologies,College of Artificial Intelligence and Advanced Analytics,https://facultyinfo.unt.edu/faculty-profile?profile=ya0172#current-teaching
Alex A. Matthews,Teaching Fellow,198,Learning Technologies,College of Artificial Intelligence and Advanced Analytics,https://facultyinfo.unt.edu/faculty-profile?profile=jam0876#current-teaching
Imonitie Atamenwan,Teaching Fellow,199,Learning Technologies,College of Artificial Intelligence and Advanced Analytics,https://facultyinfo.unt.edu/faculty-profile?profile=ioa0011#current-teaching
Francesca Cape,Adjunct Faculty,200,Linguistics,College of Artificial Intelligence and Advanced Analytics,https://facultyinfo.unt.edu/faculty-profile?profile=fc0041#current-teaching
Ken Decker,Adjunct Faculty,201,Linguistics,College of Artificial Intelligence and Advanced Analytics,https://facultyinfo.unt.edu/faculty-profile?profile=kdd0132#current-teaching
Lisa R. Jeon,Adjunct Faculty,202,Linguistics,College of Artificial Intelligence and Advanced Analytics,https://facultyinfo.unt.edu/faculty-profile?profile=lrj0012#current-teaching
Nicholas A. Lester,Adjunct Faculty,203,Linguistics,College of Artificial Intelligence and Advanced Analytics,https://facultyinfo.unt.edu/faculty-profile?profile=nal0025#current-teaching
Peter E. Schuelke,Adjunct Faculty,204,Linguistics,College of Artificial Intelligence and Advanced Analytics,https://facultyinfo.unt.edu/faculty-profile?profile=pes0007#current-teaching
Xian Zhang,Associate Professor,205,Linguistics,College of Artificial Intelligence and Advanced Analytics,https://facultyinfo.unt.edu/faculty-profile?profile=xz0142#current-teaching
William N. Salmon,Chair,206,Linguistics,College of Artificial Intelligence and Advanced Analytics,https://facultyinfo.unt.edu/faculty-profile?profile=wns0002#current-teaching
Konstantia Kapetangianni,Principal Lecturer,207,Linguistics,College of Artificial Intelligence and Advanced Analytics,https://facultyinfo.unt.edu/faculty-profile?profile=kk0336#current-teaching
Sarah K. Crowder,Principal Lecturer,208,Linguistics,College of Artificial Intelligence and Advanced Analytics,https://facultyinfo.unt.edu/faculty-profile?profile=skc0019#current-teaching
Dorian Roehrs,Professor,209,Linguistics,College of Artificial Intelligence and Advanced Analytics,https://facultyinfo.unt.edu/faculty-profile?profile=dr0130#current-teaching
Patricia Cukor-Avila,Professor,210,Linguistics,College of Artificial Intelligence and Advanced Analytics,https://facultyinfo.unt.edu/faculty-profile?profile=pcavila#current-teaching
Christine M. Ellis,Adjunct Faculty,211,Accounting,College of Business,https://facultyinfo.unt.edu/faculty-profile?profile=cmj0093#current-teaching
Christopher Jr. Mitchell,Adjunct Faculty,212,Accounting,College of Business,https://facultyinfo.unt.edu/faculty-profile?profile=cm0436#current-teaching
Kevin A. Kleiner,Adjunct Faculty,213,Accounting,College of Business,https://facultyinfo.unt.edu/faculty-profile?profile=kak0362#current-teaching
Susan V. Bradley,Adjunct Faculty,214,Accounting,College of Business,https://facultyinfo.unt.edu/faculty-profile?profile=svb0035#current-teaching
Blair B. Marquardt,Assistant Professor,215,Accounting,College of Business,https://facultyinfo.unt.edu/faculty-profile?profile=bbm0052#current-teaching
Hayoung Yoon,Assistant Professor,216,Accounting,College of Business,https://facultyinfo.unt.edu/faculty-profile?profile=hy0353#current-teaching
Lisa A. McLuckie Thain,Assistant Professor,217,Accounting,College of Business,https://facultyinfo.unt.edu/faculty-profile?profile=lam0605#current-teaching
Michael J. Neel,Assistant Professor,218,Accounting,College of Business,https://facultyinfo.unt.edu/faculty-profile?profile=mjn0053#current-teaching
Pradeep Sapkota,Assistant Professor,219,Accounting,College of Business,https://facultyinfo.unt.edu/faculty-profile?profile=ps0506#current-teaching
Yiting Cao,Assistant Professor,220,Accounting,College of Business,https://facultyinfo.unt.edu/faculty-profile?profile=yc0838#current-teaching
Jared A. Eutsler,Associate Professor,221,Accounting,College of Business,https://facultyinfo.unt.edu/faculty-profile?profile=jae0188#current-teaching
Neil A. Wilner,Associate Professor,222,Accounting,College of Business,https://facultyinfo.unt.edu/faculty-profile?profile=naw0008#current-teaching
Peter C. Kipp,Associate Professor,223,Accounting,College of Business,https://facultyinfo.unt.edu/faculty-profile?profile=pck0021#current-teaching
Richard A. Cazier,Associate Professor,224,Accounting,College of Business,https://facultyinfo.unt.edu/faculty-profile?profile=rac0338#current-teaching
Ananth Seetharaman,Chair,225,Accounting,College of Business,https://facultyinfo.unt.edu/faculty-profile?profile=as1320#current-teaching
Jose V. Lineros,Clinical Assistant Professor,226,Accounting,College of Business,https://facultyinfo.unt.edu/faculty-profile?profile=jvl0017#current-teaching
Peggy D. Jimenez,Clinical Assistant Professor,227,Accounting,College of Business,https://facultyinfo.unt.edu/faculty-profile?profile=pdj0030#current-teaching
Scott Stovall,Clinical Assistant Professor,228,Accounting,College of Business,https://facultyinfo.unt.edu/faculty-profile?profile=oss0002#current-teaching
Kyndell Brianna Bailey,Lecturer,229,Accounting,College of Business,https://facultyinfo.unt.edu/faculty-profile?profile=kbb0160#current-teaching
Nikki Sharma,Lecturer,230,Accounting,College of Business,https://facultyinfo.unt.edu/faculty-profile?profile=ns0716#current-teaching
Casey M. Schwab,Professor,231,Accounting,College of Business,https://facultyinfo.unt.edu/faculty-profile?profile=cms0661#current-teaching
Chad Proell,Professor,232,Accounting,College of Business,https://facultyinfo.unt.edu/faculty-profile?profile=cap0490#current-teaching
Govind S. Iyer,Professor,233,Accounting,College of Business,https://facultyinfo.unt.edu/faculty-profile?profile=gsi0002#current-teaching
Jesse C. Robertson,Professor,234,Accounting,College of Business,https://facultyinfo.unt.edu/faculty-profile?profile=jcr0155#current-teaching
Lili Sun,Professor,235,Accounting,College of Business,https://facultyinfo.unt.edu/faculty-profile?profile=ls0248#current-teaching
Paul D. Hutchison,Professor,236,Accounting,College of Business,https://facultyinfo.unt.edu/faculty-profile?profile=pdh0001#current-teaching
Allison M. McLeod,Senior Lecturer,237,Accounting,College of Business,https://facultyinfo.unt.edu/faculty-profile?profile=amm0520#current-teaching
Anne M. Grieser,Senior Lecturer,238,Accounting,College of Business,https://facultyinfo.unt.edu/faculty-profile?profile=amm0380#current-teaching
Hillary G. Wang,Senior Lecturer,239,Accounting,College of Business,https://facultyinfo.unt.edu/faculty-profile?profile=hgj0007#current-teaching
Madhuri N. Bandla,Senior Lecturer,240,Accounting,College of Business,https://facultyinfo.unt.edu/faculty-profile?profile=mnb0033#current-teaching
Adriano Gomes Ferreira,Teaching Fellow,241,Accounting,College of Business,https://facultyinfo.unt.edu/faculty-profile?profile=agf0087#current-teaching
Leah Conrad,Teaching Fellow,242,Accounting,College of Business,https://facultyinfo.unt.edu/faculty-profile?profile=lmc0393#current-teaching
Shaily Das,Teaching Fellow,243,Accounting,College of Business,https://facultyinfo.unt.edu/faculty-profile?profile=sd1438#current-teaching
Jana M. Hawley,Dean,244,Dean's Office,College of Business,https://facultyinfo.unt.edu/faculty-profile?profile=jmh0037#current-teaching
Alyssa A. Kenyon-Cordero,Adjunct Faculty,245,"Finance, Insurance, Real Estate and Law",College of Business,https://facultyinfo.unt.edu/faculty-profile?profile=aak0178#current-teaching
Amy Ferman,Adjunct Faculty,246,"Finance, Insurance, Real Estate and Law",College of Business,https://facultyinfo.unt.edu/faculty-profile?profile=aen0009#current-teaching
Andrew Shay,Adjunct Faculty,247,"Finance, Insurance, Real Estate and Law",College of Business,https://facultyinfo.unt.edu/faculty-profile?profile=ars0265#current-teaching
Byron R. Berry,Adjunct Faculty,248,"Finance, Insurance, Real Estate and Law",College of Business,https://facultyinfo.unt.edu/faculty-profile?profile=brb0251#current-teaching
Cory Mangum,Adjunct Faculty,249,"Finance, Insurance, Real Estate and Law",College of Business,https://facultyinfo.unt.edu/faculty-profile?profile=cm0156#current-teaching
David A. Ragan,Adjunct Faculty,250,"Finance, Insurance, Real Estate and Law",College of Business,https://facultyinfo.unt.edu/faculty-profile?profile=dr0009#current-teaching
David Dugger,Adjunct Faculty,251,"Finance, Insurance, Real Estate and Law",College of Business,https://facultyinfo.unt.edu/faculty-profile?profile=djd0242#current-teaching
David Smith,Adjunct Faculty,252,"Finance, Insurance, Real Estate and Law",College of Business,https://facultyinfo.unt.edu/faculty-profile?profile=dgr0005#current-teaching
Edwin Restrepo,Adjunct Faculty,253,"Finance, Insurance, Real Estate and Law",College of Business,https://facultyinfo.unt.edu/faculty-profile?profile=er1084#current-teaching
Elizabeth Hubbard,Adjunct Faculty,254,"Finance, Insurance, Real Estate and Law",College of Business,https://facultyinfo.unt.edu/faculty-profile?profile=eah0330#current-teaching
Enya He,Adjunct Faculty,255,"Finance, Insurance, Real Estate and Law",College of Business,https://facultyinfo.unt.edu/faculty-profile?profile=mh0286#current-teaching
Grant Garrett,Adjunct Faculty,256,"Finance, Insurance, Real Estate and Law",College of Business,https://facultyinfo.unt.edu/faculty-profile?profile=gag0020#current-teaching
Jack Beaumont,Adjunct Faculty,257,"Finance, Insurance, Real Estate and Law",College of Business,https://facultyinfo.unt.edu/faculty-profile?profile=jb0848#current-teaching
Jackson Patton,Adjunct Faculty,258,"Finance, Insurance, Real Estate and Law",College of Business,https://facultyinfo.unt.edu/faculty-profile?profile=jwp0017#current-teaching
Justin Williams,Adjunct Faculty,259,"Finance, Insurance, Real Estate and Law",College of Business,https://facultyinfo.unt.edu/faculty-profile?profile=jtw0310#current-teaching
Matthew Whitten,Adjunct Faculty,260,"Finance, Insurance, Real Estate and Law",College of Business,https://facultyinfo.unt.edu/faculty-profile?profile=mjw0035#current-teaching
Natalie Boyd,Adjunct Faculty,261,"Finance, Insurance, Real Estate and Law",College of Business,https://facultyinfo.unt.edu/faculty-profile?profile=nnb0020#current-teaching
Nicholas Frost,Adjunct Faculty,262,"Finance, Insurance, Real Estate and Law",College of Business,https://facultyinfo.unt.edu/faculty-profile?profile=nef0033#current-teaching
Paul Panza,Adjunct Faculty,263,"Finance, Insurance, Real Estate and Law",College of Business,https://facultyinfo.unt.edu/faculty-profile?profile=pnp0050#current-teaching
Randal G. Sahm,Adjunct Faculty,264,"Finance, Insurance, Real Estate and Law",College of Business,https://facultyinfo.unt.edu/faculty-profile?profile=rgs0045#current-teaching
Rick Fair,Adjunct Faculty,265,"Finance, Insurance, Real Estate and Law",College of Business,https://facultyinfo.unt.edu/faculty-profile?profile=rhf0022#current-teaching
Robert Rauker,Adjunct Faculty,266,"Finance, Insurance, Real Estate and Law",College of Business,https://facultyinfo.unt.edu/faculty-profile?profile=rmr0311#current-teaching
Sally Carne,Adjunct Faculty,267,"Finance, Insurance, Real Estate and Law",College of Business,https://facultyinfo.unt.edu/faculty-profile?profile=slc0020#current-teaching
Scott Smith,Adjunct Faculty,268,"Finance, Insurance, Real Estate and Law",College of Business,https://facultyinfo.unt.edu/faculty-profile?profile=sls0914#current-teaching
Wei Hao,Adjunct Faculty,269,"Finance, Insurance, Real Estate and Law",College of Business,https://facultyinfo.unt.edu/faculty-profile?profile=wh0156#current-teaching
Zachary Montgomery,Adjunct Faculty,270,"Finance, Insurance, Real Estate and Law",College of Business,https://facultyinfo.unt.edu/faculty-profile?profile=zjm0060#current-teaching
Austin H. Hill-Kleespie,Assistant Professor,271,"Finance, Insurance, Real Estate and Law",College of Business,https://facultyinfo.unt.edu/faculty-profile?profile=ahh0084#current-teaching
Lezgin Ay,Assistant Professor,272,"Finance, Insurance, Real Estate and Law",College of Business,https://facultyinfo.unt.edu/faculty-profile?profile=la0445#current-teaching
Meredith E. Rhodes,Assistant Professor,273,"Finance, Insurance, Real Estate and Law",College of Business,https://facultyinfo.unt.edu/faculty-profile?profile=mer0225#current-teaching
Nga Q. Nguyen,Assistant Professor,274,"Finance, Insurance, Real Estate and Law",College of Business,https://facultyinfo.unt.edu/faculty-profile?profile=nqn0010#current-teaching
Stephen R. Owen,Assistant Professor,275,"Finance, Insurance, Real Estate and Law",College of Business,https://facultyinfo.unt.edu/faculty-profile?profile=sro0066#current-teaching
Zinat S. Alam,Assistant Professor,276,"Finance, Insurance, Real Estate and Law",College of Business,https://facultyinfo.unt.edu/faculty-profile?profile=zsa0027#current-teaching
John Puthenpurackal,Associate Dean,277,"Finance, Insurance, Real Estate and Law",College of Business,https://facultyinfo.unt.edu/faculty-profile?profile=jp0862#current-teaching
Jianren Xu,Associate Professor,278,"Finance, Insurance, Real Estate and Law",College of Business,https://facultyinfo.unt.edu/faculty-profile?profile=jx0054#current-teaching
Nat Pope,Associate Professor,279,"Finance, Insurance, Real Estate and Law",College of Business,https://facultyinfo.unt.edu/faculty-profile?profile=np0277#current-teaching
Takeshi Nishikawa,Associate Professor,280,"Finance, Insurance, Real Estate and Law",College of Business,https://facultyinfo.unt.edu/faculty-profile?profile=tn0226#current-teaching
Tomas Mantecon,Associate Professor,281,"Finance, Insurance, Real Estate and Law",College of Business,https://facultyinfo.unt.edu/faculty-profile?profile=tm0176#current-teaching
Xun Bian,Associate Professor,282,"Finance, Insurance, Real Estate and Law",College of Business,https://facultyinfo.unt.edu/faculty-profile?profile=xb0017#current-teaching
"Yi ""Ian"" Liu",Associate Professor,283,"Finance, Insurance, Real Estate and Law",College of Business,https://facultyinfo.unt.edu/faculty-profile?profile=yl0236#current-teaching
Yingchun Liu,Associate Professor,284,"Finance, Insurance, Real Estate and Law",College of Business,https://facultyinfo.unt.edu/faculty-profile?profile=yl0476#current-teaching
Stephen Ferris,Chair,285,"Finance, Insurance, Real Estate and Law",College of Business,https://facultyinfo.unt.edu/faculty-profile?profile=spf0064#current-teaching
Amir Fard,Clinical Assistant Professor,286,"Finance, Insurance, Real Estate and Law",College of Business,https://facultyinfo.unt.edu/faculty-profile?profile=af0677#current-teaching
Amy Cyr,Clinical Assistant Professor,287,"Finance, Insurance, Real Estate and Law",College of Business,https://facultyinfo.unt.edu/faculty-profile?profile=adc0497#current-teaching
Mark A. Evers,Clinical Assistant Professor,288,"Finance, Insurance, Real Estate and Law",College of Business,https://facultyinfo.unt.edu/faculty-profile?profile=mae0246#current-teaching
Nima Ebrahimi,Clinical Assistant Professor,289,"Finance, Insurance, Real Estate and Law",College of Business,https://facultyinfo.unt.edu/faculty-profile?profile=ne0157#current-teaching
Marilyn K. Wiley,Dean,290,"Finance, Insurance, Real Estate and Law",College of Business,https://facultyinfo.unt.edu/faculty-profile?profile=mkw0126#current-teaching
Lance B. Metcalf,Lecturer,291,"Finance, Insurance, Real Estate and Law",College of Business,https://facultyinfo.unt.edu/faculty-profile?profile=lbm0106#current-teaching
Marcus M. Moffitt,Lecturer,292,"Finance, Insurance, Real Estate and Law",College of Business,https://facultyinfo.unt.edu/faculty-profile?profile=mmm0006#current-teaching
Michael Gallo,Lecturer,293,"Finance, Insurance, Real Estate and Law",College of Business,https://facultyinfo.unt.edu/faculty-profile?profile=mpg0095#current-teaching
John S. Baen,Professor,294,"Finance, Insurance, Real Estate and Law",College of Business,https://facultyinfo.unt.edu/faculty-profile?profile=jsb0023#current-teaching
Niranjan Tripathy,Professor,295,"Finance, Insurance, Real Estate and Law",College of Business,https://facultyinfo.unt.edu/faculty-profile?profile=nt0013#current-teaching
Stuart L. Gillan,Professor,296,"Finance, Insurance, Real Estate and Law",College of Business,https://facultyinfo.unt.edu/faculty-profile?profile=slg0319#current-teaching
Yu-Luen Ma,Professor,297,"Finance, Insurance, Real Estate and Law",College of Business,https://facultyinfo.unt.edu/faculty-profile?profile=ym0207#current-teaching
Adam T. Whitten,Senior Lecturer,298,"Finance, Insurance, Real Estate and Law",College of Business,https://facultyinfo.unt.edu/faculty-profile?profile=atw0005#current-teaching
Benjamin Hart,Senior Lecturer,299,"Finance, Insurance, Real Estate and Law",College of Business,https://facultyinfo.unt.edu/faculty-profile?profile=bsh0168#current-teaching
Thomas C. Williams,Senior Lecturer,300,"Finance, Insurance, Real Estate and Law",College of Business,https://facultyinfo.unt.edu/faculty-profile?profile=tcw0095#current-teaching
Chi Wang,Teaching Fellow,301,"Finance, Insurance, Real Estate and Law",College of Business,https://facultyinfo.unt.edu/faculty-profile?profile=cw0697#current-teaching
Hau Cong Tran,Teaching Fellow,302,"Finance, Insurance, Real Estate and Law",College of Business,https://facultyinfo.unt.edu/faculty-profile?profile=hct0034#current-teaching
Ishtiaq Miraj,Teaching Fellow,303,"Finance, Insurance, Real Estate and Law",College of Business,https://facultyinfo.unt.edu/faculty-profile?profile=im0340#current-teaching
Kiran Modi,Teaching Fellow,304,"Finance, Insurance, Real Estate and Law",College of Business,https://facultyinfo.unt.edu/faculty-profile?profile=krm0337#current-teaching
Nancy He,Teaching Fellow,305,"Finance, Insurance, Real Estate and Law",College of Business,https://facultyinfo.unt.edu/faculty-profile?profile=yh0339#current-teaching
Vivek Acharya,Teaching Fellow,306,"Finance, Insurance, Real Estate and Law",College of Business,https://facultyinfo.unt.edu/faculty-profile?profile=va0156#current-teaching
Yuchen Qi,Teaching Fellow,307,"Finance, Insurance, Real Estate and Law",College of Business,https://facultyinfo.unt.edu/faculty-profile?profile=yq0032#current-teaching
Leta L. Durrett,Adjunct Faculty,308,"Hospitality, Event and Tourism Management",College of Business,https://facultyinfo.unt.edu/faculty-profile?profile=lld0036#current-teaching
Liyu Yang,Adjunct Faculty,309,"Hospitality, Event and Tourism Management",College of Business,https://facultyinfo.unt.edu/faculty-profile?profile=ly0153#current-teaching
Soona P. Blackmore,Assistant Professor,310,"Hospitality, Event and Tourism Management",College of Business,https://facultyinfo.unt.edu/faculty-profile?profile=sp2992#current-teaching
Xingyi Zhang,Assistant Professor,311,"Hospitality, Event and Tourism Management",College of Business,https://facultyinfo.unt.edu/faculty-profile?profile=xz0175#current-teaching
Yanyan Zheng,Assistant Professor,312,"Hospitality, Event and Tourism Management",College of Business,https://facultyinfo.unt.edu/faculty-profile?profile=yz0391#current-teaching
Yidan Huang,Assistant Professor,313,"Hospitality, Event and Tourism Management",College of Business,https://facultyinfo.unt.edu/faculty-profile?profile=yh0448#current-teaching
Birendra KC,Associate Professor,314,"Hospitality, Event and Tourism Management",College of Business,https://facultyinfo.unt.edu/faculty-profile?profile=bk0236#current-teaching
Daniel L. Spears,Associate Professor,315,"Hospitality, Event and Tourism Management",College of Business,https://facultyinfo.unt.edu/faculty-profile?profile=dls0277#current-teaching
Han Wen,Associate Professor,316,"Hospitality, Event and Tourism Management",College of Business,https://facultyinfo.unt.edu/faculty-profile?profile=hw0202#current-teaching
Jihye Min,Associate Professor,317,"Hospitality, Event and Tourism Management",College of Business,https://facultyinfo.unt.edu/faculty-profile?profile=jm1106#current-teaching
Lisa R. Kennon,Associate Professor,318,"Hospitality, Event and Tourism Management",College of Business,https://facultyinfo.unt.edu/faculty-profile?profile=lrk0003#current-teaching
Priscilla L. Connors,Associate Professor,319,"Hospitality, Event and Tourism Management",College of Business,https://facultyinfo.unt.edu/faculty-profile?profile=plc0013#current-teaching
Harold S. Lee,Clinical Associate Professor,320,"Hospitality, Event and Tourism Management",College of Business,https://facultyinfo.unt.edu/faculty-profile?profile=hsl0021#current-teaching
Rosa Peterson,Lecturer,321,"Hospitality, Event and Tourism Management",College of Business,https://facultyinfo.unt.edu/faculty-profile?profile=rsj0042#current-teaching
Ann M. Afflerbach,Principal Lecturer,322,"Hospitality, Event and Tourism Management",College of Business,https://facultyinfo.unt.edu/faculty-profile?profile=ama0225#current-teaching
Joseph T. O'Donnell,Principal Lecturer,323,"Hospitality, Event and Tourism Management",College of Business,https://facultyinfo.unt.edu/faculty-profile?profile=jto0032#current-teaching
Todd A. Uglow,Principal Lecturer,324,"Hospitality, Event and Tourism Management",College of Business,https://facultyinfo.unt.edu/faculty-profile?profile=tau0016#current-teaching
Mark Traynor,Professor,325,"Hospitality, Event and Tourism Management",College of Business,https://facultyinfo.unt.edu/faculty-profile?profile=mpt0079#current-teaching
Jeffrey K. Britain,Senior Lecturer,326,"Hospitality, Event and Tourism Management",College of Business,https://facultyinfo.unt.edu/faculty-profile?profile=jkb0107#current-teaching
Luwis A. Mhlanga,Senior Lecturer,327,"Hospitality, Event and Tourism Management",College of Business,https://facultyinfo.unt.edu/faculty-profile?profile=lam0091#current-teaching
M.T. Hickman,Senior Lecturer,328,"Hospitality, Event and Tourism Management",College of Business,https://facultyinfo.unt.edu/faculty-profile?profile=mh0131#current-teaching
Mark Schneider,Senior Lecturer,329,"Hospitality, Event and Tourism Management",College of Business,https://facultyinfo.unt.edu/faculty-profile?profile=mrs0538#current-teaching
Arash Negahban,,330,Information Technology and Decision Sciences,College of Business,https://facultyinfo.unt.edu/faculty-profile?profile=an0199#current-teaching
Ali Safari,Adjunct Faculty,331,Information Technology and Decision Sciences,College of Business,https://facultyinfo.unt.edu/faculty-profile?profile=as3681#current-teaching
Aprille Lim,Adjunct Faculty,332,Information Technology and Decision Sciences,College of Business,https://facultyinfo.unt.edu/faculty-profile?profile=arl0221#current-teaching
Azhar Merchant,Adjunct Faculty,333,Information Technology and Decision Sciences,College of Business,https://facultyinfo.unt.edu/faculty-profile?profile=aam0260#current-teaching
Bradford Love,Adjunct Faculty,334,Information Technology and Decision Sciences,College of Business,https://facultyinfo.unt.edu/faculty-profile?profile=bal0134#current-teaching
Farzad Kamalzadeh,Adjunct Faculty,335,Information Technology and Decision Sciences,College of Business,https://facultyinfo.unt.edu/faculty-profile?profile=hk0913#current-teaching
Jennifer Lyles,Adjunct Faculty,336,Information Technology and Decision Sciences,College of Business,https://facultyinfo.unt.edu/faculty-profile?profile=jbl0155#current-teaching
Lauren Williams,Adjunct Faculty,337,Information Technology and Decision Sciences,College of Business,https://facultyinfo.unt.edu/faculty-profile?profile=law0274#current-teaching
Masood Aly khan Pathan,Adjunct Faculty,338,Information Technology and Decision Sciences,College of Business,https://facultyinfo.unt.edu/faculty-profile?profile=map0643#current-teaching
Mofid Nakhaei,Adjunct Faculty,339,Information Technology and Decision Sciences,College of Business,https://facultyinfo.unt.edu/faculty-profile?profile=mn0731#current-teaching
Reza Sajjadi,Adjunct Faculty,340,Information Technology and Decision Sciences,College of Business,https://facultyinfo.unt.edu/faculty-profile?profile=ss4915#current-teaching
Tony Fuller,Adjunct Faculty,341,Information Technology and Decision Sciences,College of Business,https://facultyinfo.unt.edu/faculty-profile?profile=tff0004#current-teaching
Tresia Eaves,Adjunct Faculty,342,Information Technology and Decision Sciences,College of Business,https://facultyinfo.unt.edu/faculty-profile?profile=tde0022#current-teaching
Aaron Bonnett,Assistant Professor,343,Information Technology and Decision Sciences,College of Business,https://facultyinfo.unt.edu/faculty-profile?profile=ab0988#current-teaching
Anto Verghese,Assistant Professor,344,Information Technology and Decision Sciences,College of Business,https://facultyinfo.unt.edu/faculty-profile?profile=av0970#current-teaching
Ari Wigdor,Assistant Professor,345,Information Technology and Decision Sciences,College of Business,https://facultyinfo.unt.edu/faculty-profile?profile=abw0197#current-teaching
Chih-Hao (Justin) Ku,Assistant Professor,346,Information Technology and Decision Sciences,College of Business,https://facultyinfo.unt.edu/faculty-profile?profile=ck0122#current-teaching
Dmitry Anokhin,Assistant Professor,347,Information Technology and Decision Sciences,College of Business,https://facultyinfo.unt.edu/faculty-profile?profile=da0738#current-teaching
Foad Hassanmirzaei,Assistant Professor,348,Information Technology and Decision Sciences,College of Business,https://facultyinfo.unt.edu/faculty-profile?profile=fh0119#current-teaching
Kane Smith,Assistant Professor,349,Information Technology and Decision Sciences,College of Business,https://facultyinfo.unt.edu/faculty-profile?profile=ks1147#current-teaching
Kashif Saeed,Assistant Professor,350,Information Technology and Decision Sciences,College of Business,https://facultyinfo.unt.edu/faculty-profile?profile=ks0776#current-teaching
Laurie G. Giddens,Assistant Professor,351,Information Technology and Decision Sciences,College of Business,https://facultyinfo.unt.edu/faculty-profile?profile=lgg0070#current-teaching
Maryam Khatami,Assistant Professor,352,Information Technology and Decision Sciences,College of Business,https://facultyinfo.unt.edu/faculty-profile?profile=mk1642#current-teaching
Michel Fathi,Assistant Professor,353,Information Technology and Decision Sciences,College of Business,https://facultyinfo.unt.edu/faculty-profile?profile=mf0427#current-teaching
Hakan Tarakci,Associate Professor,354,Information Technology and Decision Sciences,College of Business,https://facultyinfo.unt.edu/faculty-profile?profile=ht0111#current-teaching
Hoon Seok Choi,Associate Professor,355,Information Technology and Decision Sciences,College of Business,https://facultyinfo.unt.edu/faculty-profile?profile=hc0550#current-teaching
James L. Parrish,Associate Professor,356,Information Technology and Decision Sciences,College of Business,https://facultyinfo.unt.edu/faculty-profile?profile=jlp0464#current-teaching
Javier Rubio Herrero,Associate Professor,357,Information Technology and Decision Sciences,College of Business,https://facultyinfo.unt.edu/faculty-profile?profile=jr1078#current-teaching
Jay D. Jayakumar,Associate Professor,358,Information Technology and Decision Sciences,College of Business,https://facultyinfo.unt.edu/faculty-profile?profile=mdj0024#current-teaching
Ling Ge,Associate Professor,359,Information Technology and Decision Sciences,College of Business,https://facultyinfo.unt.edu/faculty-profile?profile=lg0418#current-teaching
Obi Ogbanufe,Associate Professor,360,Information Technology and Decision Sciences,College of Business,https://facultyinfo.unt.edu/faculty-profile?profile=oo0066#current-teaching
Ronnie Jia,Associate Professor,361,Information Technology and Decision Sciences,College of Business,https://facultyinfo.unt.edu/faculty-profile?profile=rj0412#current-teaching
Russell R. Torres,Associate Professor,362,Information Technology and Decision Sciences,College of Business,https://facultyinfo.unt.edu/faculty-profile?profile=rrt0042#current-teaching
Vess L. Johnson,Associate Professor,363,Information Technology and Decision Sciences,College of Business,https://facultyinfo.unt.edu/faculty-profile?profile=vlj0036#current-teaching
Anna Sidorova,Chair,364,Information Technology and Decision Sciences,College of Business,https://facultyinfo.unt.edu/faculty-profile?profile=as0402#current-teaching
Jeffrey Word,Clinical Assistant Professor,365,Information Technology and Decision Sciences,College of Business,https://facultyinfo.unt.edu/faculty-profile?profile=jbw0228#current-teaching
Joti Kaur,Clinical Assistant Professor,366,Information Technology and Decision Sciences,College of Business,https://facultyinfo.unt.edu/faculty-profile?profile=jk0913#current-teaching
Mahdi Ahmadi,Clinical Assistant Professor,367,Information Technology and Decision Sciences,College of Business,https://facultyinfo.unt.edu/faculty-profile?profile=ma0405#current-teaching
Melody N. White,Clinical Assistant Professor,368,Information Technology and Decision Sciences,College of Business,https://facultyinfo.unt.edu/faculty-profile?profile=mwb0025#current-teaching
Scott J. Hamilton,Clinical Assistant Professor,369,Information Technology and Decision Sciences,College of Business,https://facultyinfo.unt.edu/faculty-profile?profile=sjh0213#current-teaching
Ted Peterson,Clinical Assistant Professor,370,Information Technology and Decision Sciences,College of Business,https://facultyinfo.unt.edu/faculty-profile?profile=tcp0089#current-teaching
Athena Alimirzaei,Clinical Associate Professor,371,Information Technology and Decision Sciences,College of Business,https://facultyinfo.unt.edu/faculty-profile?profile=aa2458#current-teaching
Dipakkumar P. Pravin,Clinical Associate Professor,372,Information Technology and Decision Sciences,College of Business,https://facultyinfo.unt.edu/faculty-profile?profile=dpp0053#current-teaching
Nassim Sohaee,Clinical Associate Professor,373,Information Technology and Decision Sciences,College of Business,https://facultyinfo.unt.edu/faculty-profile?profile=ns0305#current-teaching
Roberto Cavazos,Clinical Associate Professor,374,Information Technology and Decision Sciences,College of Business,https://facultyinfo.unt.edu/faculty-profile?profile=rc0858#current-teaching
Sameh Shamroukh,Clinical Associate Professor,375,Information Technology and Decision Sciences,College of Business,https://facultyinfo.unt.edu/faculty-profile?profile=sss0127#current-teaching
Sourav Chatterjee,Clinical Associate Professor,376,Information Technology and Decision Sciences,College of Business,https://facultyinfo.unt.edu/faculty-profile?profile=sc1416#current-teaching
Jogen Pathak,Lecturer,377,Information Technology and Decision Sciences,College of Business,https://facultyinfo.unt.edu/faculty-profile?profile=jkp0180#current-teaching
Sharmin Hanifiafshar,Lecturer,378,Information Technology and Decision Sciences,College of Business,https://facultyinfo.unt.edu/faculty-profile?profile=sh1202#current-teaching
Andy Wu,Professor,379,Information Technology and Decision Sciences,College of Business,https://facultyinfo.unt.edu/faculty-profile?profile=yw0100#current-teaching
Arunachalam Narayanan,Professor,380,Information Technology and Decision Sciences,College of Business,https://facultyinfo.unt.edu/faculty-profile?profile=an0525#current-teaching
Chang E. Koh,Professor,381,Information Technology and Decision Sciences,College of Business,https://facultyinfo.unt.edu/faculty-profile?profile=cek0002#current-teaching
Dan J. Kim,Professor,382,Information Technology and Decision Sciences,College of Business,https://facultyinfo.unt.edu/faculty-profile?profile=dk0144#current-teaching
Richard G. Vedder,Professor,383,Information Technology and Decision Sciences,College of Business,https://facultyinfo.unt.edu/faculty-profile?profile=vedder#current-teaching
Robert J. Pavur,Professor,384,Information Technology and Decision Sciences,College of Business,https://facultyinfo.unt.edu/faculty-profile?profile=rjp0018#current-teaching
Zhiling Guo,Professor,385,Information Technology and Decision Sciences,College of Business,https://facultyinfo.unt.edu/faculty-profile?profile=zg0093#current-teaching
Victor R. Prybutok,Regents Professor,386,Information Technology and Decision Sciences,College of Business,https://facultyinfo.unt.edu/faculty-profile?profile=prybutok#current-teaching
Donna M. Glenn,Senior Lecturer,387,Information Technology and Decision Sciences,College of Business,https://facultyinfo.unt.edu/faculty-profile?profile=dml0140#current-teaching
LeRoy P. Hardy,Senior Lecturer,388,Information Technology and Decision Sciences,College of Business,https://facultyinfo.unt.edu/faculty-profile?profile=lph0026#current-teaching
Abhijeet Kumar,Teaching Fellow,389,Information Technology and Decision Sciences,College of Business,https://facultyinfo.unt.edu/faculty-profile?profile=ak0723#current-teaching
Arindam Majumder,Teaching Fellow,390,Information Technology and Decision Sciences,College of Business,https://facultyinfo.unt.edu/faculty-profile?profile=am3235#current-teaching
Fahimeh Asgari,Teaching Fellow,391,Information Technology and Decision Sciences,College of Business,https://facultyinfo.unt.edu/faculty-profile?profile=fa0293#current-teaching
Farzaneh Moghadam,Teaching Fellow,392,Information Technology and Decision Sciences,College of Business,https://facultyinfo.unt.edu/faculty-profile?profile=fm0267#current-teaching
Jordan Bernot,Teaching Fellow,393,Information Technology and Decision Sciences,College of Business,https://facultyinfo.unt.edu/faculty-profile?profile=jb0822#current-teaching
Kai Qin,Teaching Fellow,394,Information Technology and Decision Sciences,College of Business,https://facultyinfo.unt.edu/faculty-profile?profile=kq0023#current-teaching
Lanlan Zhu,Teaching Fellow,395,Information Technology and Decision Sciences,College of Business,https://facultyinfo.unt.edu/faculty-profile?profile=lz0179#current-teaching
M A Shariful Amin,Teaching Fellow,396,Information Technology and Decision Sciences,College of Business,https://facultyinfo.unt.edu/faculty-profile?profile=ma0694#current-teaching
Manjinder Kaur,Teaching Fellow,397,Information Technology and Decision Sciences,College of Business,https://facultyinfo.unt.edu/faculty-profile?profile=mk1560#current-teaching
Ming Xiao,Teaching Fellow,398,Information Technology and Decision Sciences,College of Business,https://facultyinfo.unt.edu/faculty-profile?profile=mx0028#current-teaching
Neda Khosh Kheslat,Teaching Fellow,399,Information Technology and Decision Sciences,College of Business,https://facultyinfo.unt.edu/faculty-profile?profile=fk0134#current-teaching
Roya Ashrafi Dekhordi,Teaching Fellow,400,Information Technology and Decision Sciences,College of Business,https://facultyinfo.unt.edu/faculty-profile?profile=ra0757#current-teaching
Sara Memarian Esfahani,Teaching Fellow,401,Information Technology and Decision Sciences,College of Business,https://facultyinfo.unt.edu/faculty-profile?profile=sm1459#current-teaching
Tracy L. Dietz,Academic Associate Dean,402,Management,College of Business,https://facultyinfo.unt.edu/faculty-profile?profile=tld0023#current-teaching
Bre Frazier,Adjunct Faculty,403,Management,College of Business,https://facultyinfo.unt.edu/faculty-profile?profile=bsf0047#current-teaching
Clarence Sutton,Adjunct Faculty,404,Management,College of Business,https://facultyinfo.unt.edu/faculty-profile?profile=cs0545#current-teaching
Danielle D. Neumeyer,Adjunct Faculty,405,Management,College of Business,https://facultyinfo.unt.edu/faculty-profile?profile=ldn0051#current-teaching
David Swanagon,Adjunct Faculty,406,Management,College of Business,https://facultyinfo.unt.edu/faculty-profile?profile=dms0495#current-teaching
Dexter L. Purnell,Adjunct Faculty,407,Management,College of Business,https://facultyinfo.unt.edu/faculty-profile?profile=dlp0236#current-teaching
Dylan Chatterjee,Adjunct Faculty,408,Management,College of Business,https://facultyinfo.unt.edu/faculty-profile?profile=src0347#current-teaching
Henry Wear,Adjunct Faculty,409,Management,College of Business,https://facultyinfo.unt.edu/faculty-profile?profile=hw0253#current-teaching
Jack Washington,Adjunct Faculty,410,Management,College of Business,https://facultyinfo.unt.edu/faculty-profile?profile=jew0325#current-teaching
Jennifer H. Duplessis,Adjunct Faculty,411,Management,College of Business,https://facultyinfo.unt.edu/faculty-profile?profile=jhm0003#current-teaching
Jeremiah McGhee,Adjunct Faculty,412,Management,College of Business,https://facultyinfo.unt.edu/faculty-profile?profile=jtm0260#current-teaching
Justin Hawkins,Adjunct Faculty,413,Management,College of Business,https://facultyinfo.unt.edu/faculty-profile?profile=jbh0129#current-teaching
Kyle Steadham,Adjunct Faculty,414,Management,College of Business,https://facultyinfo.unt.edu/faculty-profile?profile=kss0258#current-teaching
Marcus King,Adjunct Faculty,415,Management,College of Business,https://facultyinfo.unt.edu/faculty-profile?profile=mtk0072#current-teaching
Megan McAdams,Adjunct Faculty,416,Management,College of Business,https://facultyinfo.unt.edu/faculty-profile?profile=msm0223#current-teaching
Nabila Zaidi,Adjunct Faculty,417,Management,College of Business,https://facultyinfo.unt.edu/faculty-profile?profile=nz0109#current-teaching
Natalie Bernard,Adjunct Faculty,418,Management,College of Business,https://facultyinfo.unt.edu/faculty-profile?profile=nb0174#current-teaching
Nate Borunda,Adjunct Faculty,419,Management,College of Business,https://facultyinfo.unt.edu/faculty-profile?profile=njb0189#current-teaching
Nicole Smith,Adjunct Faculty,420,Management,College of Business,https://facultyinfo.unt.edu/faculty-profile?profile=nas0310#current-teaching
Niloufar Safdarianghomsheh,Adjunct Faculty,421,Management,College of Business,https://facultyinfo.unt.edu/faculty-profile?profile=sn1358#current-teaching
Rachel Grimes,Adjunct Faculty,422,Management,College of Business,https://facultyinfo.unt.edu/faculty-profile?profile=rlg0149#current-teaching
Rebwar Saeidi,Adjunct Faculty,423,Management,College of Business,https://facultyinfo.unt.edu/faculty-profile?profile=rs1671#current-teaching
Rob Matwick,Adjunct Faculty,424,Management,College of Business,https://facultyinfo.unt.edu/faculty-profile?profile=rpm0164#current-teaching
Steven Salaga,Adjunct Faculty,425,Management,College of Business,https://facultyinfo.unt.edu/faculty-profile?profile=ss2323#current-teaching
Taylor Jordan,Adjunct Faculty,426,Management,College of Business,https://facultyinfo.unt.edu/faculty-profile?profile=tje0044#current-teaching
Teresa McKinney,Adjunct Faculty,427,Management,College of Business,https://facultyinfo.unt.edu/faculty-profile?profile=trm0170#current-teaching
Jeffrey MacCharles,Assistant Professor,428,Management,College of Business,https://facultyinfo.unt.edu/faculty-profile?profile=jm1942#current-teaching
Karen Landay,Assistant Professor,429,Management,College of Business,https://facultyinfo.unt.edu/faculty-profile?profile=kml0391#current-teaching
Kinshuk Sharma,Assistant Professor,430,Management,College of Business,https://facultyinfo.unt.edu/faculty-profile?profile=ks1547#current-teaching
Samantha L. Jordan,Assistant Professor,431,Management,College of Business,https://facultyinfo.unt.edu/faculty-profile?profile=slj0228#current-teaching
Suyash Garg,Assistant Professor,432,Management,College of Business,https://facultyinfo.unt.edu/faculty-profile?profile=sg3172#current-teaching
Christopher R. Penney,Associate Professor,433,Management,College of Business,https://facultyinfo.unt.edu/faculty-profile?profile=crp0175#current-teaching
Ginny N. Kidwell,Associate Professor,434,Management,College of Business,https://facultyinfo.unt.edu/faculty-profile?profile=vnk0010#current-teaching
Hoda Vaziri,Associate Professor,435,Management,College of Business,https://facultyinfo.unt.edu/faculty-profile?profile=sv1130#current-teaching
Jeff A. Chandler,Associate Professor,436,Management,College of Business,https://facultyinfo.unt.edu/faculty-profile?profile=aj0206#current-teaching
Julie I. Hancock,Associate Professor,437,Management,College of Business,https://facultyinfo.unt.edu/faculty-profile?profile=jih0028#current-teaching
Robert G. Insley,Associate Professor,438,Management,College of Business,https://facultyinfo.unt.edu/faculty-profile?profile=rgi0002#current-teaching
Nolan T. Gaffney,Chair,439,Management,College of Business,https://facultyinfo.unt.edu/faculty-profile?profile=ntg0015#current-teaching
Kenneth D. Cory,Clinical Assistant Professor,440,Management,College of Business,https://facultyinfo.unt.edu/faculty-profile?profile=kdc0313#current-teaching
Lyn G. Pavel,Clinical Assistant Professor,441,Management,College of Business,https://facultyinfo.unt.edu/faculty-profile?profile=cgp0082#current-teaching
Mariya C. Gavrilova Aguilar,Clinical Assistant Professor,442,Management,College of Business,https://facultyinfo.unt.edu/faculty-profile?profile=mcg0102#current-teaching
Misun Won,Clinical Assistant Professor,443,Management,College of Business,https://facultyinfo.unt.edu/faculty-profile?profile=mw0549#current-teaching
Jae Webb,Clinical Associate Professor,444,Management,College of Business,https://facultyinfo.unt.edu/faculty-profile?profile=jw0597#current-teaching
Jack Clampit,Lecturer,445,Management,College of Business,https://facultyinfo.unt.edu/faculty-profile?profile=jac1135#current-teaching
Julia L. Herchen,Lecturer,446,Management,College of Business,https://facultyinfo.unt.edu/faculty-profile?profile=jlh0615#current-teaching
Kelly A. Mitchell,Lecturer,447,Management,College of Business,https://facultyinfo.unt.edu/faculty-profile?profile=km0561#current-teaching
Ken Meyers,Lecturer,448,Management,College of Business,https://facultyinfo.unt.edu/faculty-profile?profile=krm0449#current-teaching
Mara Singer,Lecturer,449,Management,College of Business,https://facultyinfo.unt.edu/faculty-profile?profile=mfs0105#current-teaching
Megan Russell,Lecturer,450,Management,College of Business,https://facultyinfo.unt.edu/faculty-profile?profile=mek0008#current-teaching
Michael Kuban,Lecturer,451,Management,College of Business,https://facultyinfo.unt.edu/faculty-profile?profile=mak0431#current-teaching
Roxy E. Verrelli,Lecturer,452,Management,College of Business,https://facultyinfo.unt.edu/faculty-profile?profile=rev0015#current-teaching
Tammy L. Vanderleest,Lecturer,453,Management,College of Business,https://facultyinfo.unt.edu/faculty-profile?profile=tlv0039#current-teaching
April A. Kuykendall,Principal Lecturer,454,Management,College of Business,https://facultyinfo.unt.edu/faculty-profile?profile=aal0024#current-teaching
Dennis G. Nasco,Principal Lecturer,455,Management,College of Business,https://facultyinfo.unt.edu/faculty-profile?profile=dgn0018#current-teaching
Erin E. Welch,Principal Lecturer,456,Management,College of Business,https://facultyinfo.unt.edu/faculty-profile?profile=eem0023#current-teaching
Sidney M. Sexton,Principal Lecturer,457,Management,College of Business,https://facultyinfo.unt.edu/faculty-profile?profile=sms0002#current-teaching
Anat Barnir,Professor,458,Management,College of Business,https://facultyinfo.unt.edu/faculty-profile?profile=ab0040#current-teaching
Bob Heere,Professor,459,Management,College of Business,https://facultyinfo.unt.edu/faculty-profile?profile=bh0328#current-teaching
Danielle C. Cooper,Professor,460,Management,College of Business,https://facultyinfo.unt.edu/faculty-profile?profile=dca0041#current-teaching
Jeremy C. Short,Professor,461,Management,College of Business,https://facultyinfo.unt.edu/faculty-profile?profile=jcs0125#current-teaching
Manjula S. Salimath,Professor,462,Management,College of Business,https://facultyinfo.unt.edu/faculty-profile?profile=mss0151#current-teaching
Marcus Wolfe,Professor,463,Management,College of Business,https://facultyinfo.unt.edu/faculty-profile?profile=mw0606#current-teaching
Matthew B. Walker,Professor,464,Management,College of Business,https://facultyinfo.unt.edu/faculty-profile?profile=mbw0127#current-teaching
Neal Smatresk,Professor,465,Management,College of Business,https://facultyinfo.unt.edu/faculty-profile?profile=njs0088#current-teaching
Rhonda K. Reger,Professor,466,Management,College of Business,https://facultyinfo.unt.edu/faculty-profile?profile=rkr0091#current-teaching
Cathy J. Westurn,Senior Lecturer,467,Management,College of Business,https://facultyinfo.unt.edu/faculty-profile?profile=cjw0078#current-teaching
Doug Killough,Senior Lecturer,468,Management,College of Business,https://facultyinfo.unt.edu/faculty-profile?profile=mk0900#current-teaching
William J. Ordeman,Senior Lecturer,469,Management,College of Business,https://facultyinfo.unt.edu/faculty-profile?profile=wjo0010#current-teaching
Fizza Kanwal,Teaching Fellow,470,Management,College of Business,https://facultyinfo.unt.edu/faculty-profile?profile=fk0119#current-teaching
Imelda Freddy,Teaching Fellow,471,Management,College of Business,https://facultyinfo.unt.edu/faculty-profile?profile=if0082#current-teaching
MD Ziad Haidar,Teaching Fellow,472,Management,College of Business,https://facultyinfo.unt.edu/faculty-profile?profile=mh1234#current-teaching
Nicole Drader,Teaching Fellow,473,Management,College of Business,https://facultyinfo.unt.edu/faculty-profile?profile=nad0151#current-teaching
Niken Putri,Teaching Fellow,474,Management,College of Business,https://facultyinfo.unt.edu/faculty-profile?profile=nip0017#current-teaching
Paula A. Kincaid,Teaching Fellow,475,Management,College of Business,https://facultyinfo.unt.edu/faculty-profile?profile=pac0160#current-teaching
Saba Rahimian,Teaching Fellow,476,Management,College of Business,https://facultyinfo.unt.edu/faculty-profile?profile=sr1627#current-teaching
Selinay Civit,Teaching Fellow,477,Management,College of Business,https://facultyinfo.unt.edu/faculty-profile?profile=sc2140#current-teaching
Vidhi Jain,Teaching Fellow,478,Management,College of Business,https://facultyinfo.unt.edu/faculty-profile?profile=vj0153#current-teaching
Alexis Simms,Adjunct Faculty,479,Marketing,College of Business,https://facultyinfo.unt.edu/faculty-profile?profile=ac2251#current-teaching
Amanda L. Mayo,Adjunct Faculty,480,Marketing,College of Business,https://facultyinfo.unt.edu/faculty-profile?profile=alm0716#current-teaching
Amy Burgess,Adjunct Faculty,481,Marketing,College of Business,https://facultyinfo.unt.edu/faculty-profile?profile=aeb0440#current-teaching
Ben Griffiths,Adjunct Faculty,482,Marketing,College of Business,https://facultyinfo.unt.edu/faculty-profile?profile=jbg0165#current-teaching
Beth Mcconahay,Adjunct Faculty,483,Marketing,College of Business,https://facultyinfo.unt.edu/faculty-profile?profile=eam0503#current-teaching
James G. Smith,Adjunct Faculty,484,Marketing,College of Business,https://facultyinfo.unt.edu/faculty-profile?profile=jgs0008#current-teaching
Kamal Quraishi,Adjunct Faculty,485,Marketing,College of Business,https://facultyinfo.unt.edu/faculty-profile?profile=kaq0027#current-teaching
Kim Benton,Adjunct Faculty,486,Marketing,College of Business,https://facultyinfo.unt.edu/faculty-profile?profile=klb0692#current-teaching
Matthew Storm,Adjunct Faculty,487,Marketing,College of Business,https://facultyinfo.unt.edu/faculty-profile?profile=mcs0380#current-teaching
Mayra Stone,Adjunct Faculty,488,Marketing,College of Business,https://facultyinfo.unt.edu/faculty-profile?profile=mms0396#current-teaching
Mic Zavarella,Adjunct Faculty,489,Marketing,College of Business,https://facultyinfo.unt.edu/faculty-profile?profile=mdz0021#current-teaching
Misty Kleman,Adjunct Faculty,490,Marketing,College of Business,https://facultyinfo.unt.edu/faculty-profile?profile=mdk0179#current-teaching
Mitchel Hagy,Adjunct Faculty,491,Marketing,College of Business,https://facultyinfo.unt.edu/faculty-profile?profile=mgh0010#current-teaching
Richmond Reyes,Adjunct Faculty,492,Marketing,College of Business,https://facultyinfo.unt.edu/faculty-profile?profile=rr0828#current-teaching
Sarah Geisler,Adjunct Faculty,493,Marketing,College of Business,https://facultyinfo.unt.edu/faculty-profile?profile=sas0891#current-teaching
Shelli Boydstun,Adjunct Faculty,494,Marketing,College of Business,https://facultyinfo.unt.edu/faculty-profile?profile=skb0264#current-teaching
Timothy W. Smith,Adjunct Faculty,495,Marketing,College of Business,https://facultyinfo.unt.edu/faculty-profile?profile=tws0095#current-teaching
Vinu Simon,Adjunct Faculty,496,Marketing,College of Business,https://facultyinfo.unt.edu/faculty-profile?profile=vs1297#current-teaching
William Hull,Adjunct Faculty,497,Marketing,College of Business,https://facultyinfo.unt.edu/faculty-profile?profile=wjh0088#current-teaching
Ross Johnson,Assistant Professor,498,Marketing,College of Business,https://facultyinfo.unt.edu/faculty-profile?profile=rj0346#current-teaching
Ruoou Li,Assistant Professor,499,Marketing,College of Business,https://facultyinfo.unt.edu/faculty-profile?profile=rl0502#current-teaching
Yafei Guo,Assistant Professor,500,Marketing,College of Business,https://facultyinfo.unt.edu/faculty-profile?profile=yg0411#current-teaching
Yi Zheng,Assistant Professor,501,Marketing,College of Business,https://facultyinfo.unt.edu/faculty-profile?profile=yz0384#current-teaching
Jhinuk Chowdhury,Associate Professor,502,Marketing,College of Business,https://facultyinfo.unt.edu/faculty-profile?profile=jhinuk#current-teaching
Lidan Xu,Associate Professor,503,Marketing,College of Business,https://facultyinfo.unt.edu/faculty-profile?profile=lx0045#current-teaching
Charles Blankson,Chair,504,Marketing,College of Business,https://facultyinfo.unt.edu/faculty-profile?profile=cb0187#current-teaching
Chanchal Tamrakar,Clinical Assistant Professor,505,Marketing,College of Business,https://facultyinfo.unt.edu/faculty-profile?profile=cbt0075#current-teaching
Trond Bergestuen,Clinical Assistant Professor,506,Marketing,College of Business,https://facultyinfo.unt.edu/faculty-profile?profile=tb0211#current-teaching
Majed Yaghi,Clinical Associate Professor,507,Marketing,College of Business,https://facultyinfo.unt.edu/faculty-profile?profile=my0258#current-teaching
Thuy D. Nguyen,Clinical Associate Professor,508,Marketing,College of Business,https://facultyinfo.unt.edu/faculty-profile?profile=tdn0003#current-teaching
Adam Koenig,Lecturer,509,Marketing,College of Business,https://facultyinfo.unt.edu/faculty-profile?profile=ak0978#current-teaching
Tina C. Mims,Lecturer,510,Marketing,College of Business,https://facultyinfo.unt.edu/faculty-profile?profile=tcm0076#current-teaching
Terrence L. Suber,Principal Lecturer,511,Marketing,College of Business,https://facultyinfo.unt.edu/faculty-profile?profile=tls0391#current-teaching
Audhesh K. Paswan,Professor,512,Marketing,College of Business,https://facultyinfo.unt.edu/faculty-profile?profile=akp0004#current-teaching
Blair L. Kidwell,Professor,513,Marketing,College of Business,https://facultyinfo.unt.edu/faculty-profile?profile=blk0093#current-teaching
David D. Strutton,Professor,514,Marketing,College of Business,https://facultyinfo.unt.edu/faculty-profile?profile=hds0010#current-teaching
Francisco Guzman,Professor,515,Marketing,College of Business,https://facultyinfo.unt.edu/faculty-profile?profile=fg0051#current-teaching
Gopala Ganesh,Professor,516,Marketing,College of Business,https://facultyinfo.unt.edu/faculty-profile?profile=gg0017#current-teaching
Kenneth N. Thompson,Professor,517,Marketing,College of Business,https://facultyinfo.unt.edu/faculty-profile?profile=knt0012#current-teaching
Lou E E. Pelton,Professor,518,Marketing,College of Business,https://facultyinfo.unt.edu/faculty-profile?profile=lep0007#current-teaching
Priyali Rajagopal,Professor,519,Marketing,College of Business,https://facultyinfo.unt.edu/faculty-profile?profile=pr0246#current-teaching
Aaminah Zaman Malik,Teaching Fellow,520,Marketing,College of Business,https://facultyinfo.unt.edu/faculty-profile?profile=am1628#current-teaching
Amber Sardar,Teaching Fellow,521,Marketing,College of Business,https://facultyinfo.unt.edu/faculty-profile?profile=as2589#current-teaching
Bunyong Dejanipont,Teaching Fellow,522,Marketing,College of Business,https://facultyinfo.unt.edu/faculty-profile?profile=bd0136#current-teaching
Damini Bose,Teaching Fellow,523,Marketing,College of Business,https://facultyinfo.unt.edu/faculty-profile?profile=db0882#current-teaching
Henson Mendonca,Teaching Fellow,524,Marketing,College of Business,https://facultyinfo.unt.edu/faculty-profile?profile=hrm0134#current-teaching
Ignacio Vargas Troncozo,Teaching Fellow,525,Marketing,College of Business,https://facultyinfo.unt.edu/faculty-profile?profile=iv0115#current-teaching
Isabelle McJunkin,Teaching Fellow,526,Marketing,College of Business,https://facultyinfo.unt.edu/faculty-profile?profile=im0576#current-teaching
Karan Muns,Teaching Fellow,527,Marketing,College of Business,https://facultyinfo.unt.edu/faculty-profile?profile=kem0309#current-teaching
Khadyothamani Atla,Teaching Fellow,528,Marketing,College of Business,https://facultyinfo.unt.edu/faculty-profile?profile=ka0926#current-teaching
Kylie Vo,Teaching Fellow,529,Marketing,College of Business,https://facultyinfo.unt.edu/faculty-profile?profile=khv0008#current-teaching
Logan Mitchell,Teaching Fellow,530,Marketing,College of Business,https://facultyinfo.unt.edu/faculty-profile?profile=lm1309#current-teaching
Logan Pant,Teaching Fellow,531,Marketing,College of Business,https://facultyinfo.unt.edu/faculty-profile?profile=lgp0064#current-teaching
Reem Alshehri,Teaching Fellow,532,Marketing,College of Business,https://facultyinfo.unt.edu/faculty-profile?profile=raa0207#current-teaching
Ritomaitree Sarkar,Teaching Fellow,533,Marketing,College of Business,https://facultyinfo.unt.edu/faculty-profile?profile=rs1195#current-teaching
Sathvika Kokku,Teaching Fellow,534,Marketing,College of Business,https://facultyinfo.unt.edu/faculty-profile?profile=sk3026#current-teaching
Shahriar Uddin,Teaching Fellow,535,Marketing,College of Business,https://facultyinfo.unt.edu/faculty-profile?profile=su0230#current-teaching
Yunus Kalender,Teaching Fellow,536,Marketing,College of Business,https://facultyinfo.unt.edu/faculty-profile?profile=yk0411#current-teaching
Zachary McClanahan,Teaching Fellow,537,Marketing,College of Business,https://facultyinfo.unt.edu/faculty-profile?profile=zm0170#current-teaching
Zachary Plunk,Teaching Fellow,538,Marketing,College of Business,https://facultyinfo.unt.edu/faculty-profile?profile=zrp0015#current-teaching
Ashley Williams,Adjunct Faculty,539,Merchandising and Digital Retailing,College of Business,https://facultyinfo.unt.edu/faculty-profile?profile=amw0338#current-teaching
Bria Whitaker,Adjunct Faculty,540,Merchandising and Digital Retailing,College of Business,https://facultyinfo.unt.edu/faculty-profile?profile=bcw0070#current-teaching
Jefferson L. Haddox,Adjunct Faculty,541,Merchandising and Digital Retailing,College of Business,https://facultyinfo.unt.edu/faculty-profile?profile=jlh0048#current-teaching
Keith Fewell,Adjunct Faculty,542,Merchandising and Digital Retailing,College of Business,https://facultyinfo.unt.edu/faculty-profile?profile=kf0230#current-teaching
Jong Hyun,Assistant Professor,543,Merchandising and Digital Retailing,College of Business,https://facultyinfo.unt.edu/faculty-profile?profile=jh1572#current-teaching
Kelcie S. Slaton,Assistant Professor,544,Merchandising and Digital Retailing,College of Business,https://facultyinfo.unt.edu/faculty-profile?profile=ksb0126#current-teaching
Swagata Chakraborty,Assistant Professor,545,Merchandising and Digital Retailing,College of Business,https://facultyinfo.unt.edu/faculty-profile?profile=sc1813#current-teaching
Bettye L. Brandon,Associate Professor,546,Merchandising and Digital Retailing,College of Business,https://facultyinfo.unt.edu/faculty-profile?profile=blb0010#current-teaching
Iva Jestratijevic,Associate Professor,547,Merchandising and Digital Retailing,College of Business,https://facultyinfo.unt.edu/faculty-profile?profile=ij0055#current-teaching
Sanjukta A. Pookulangara,Chair,548,Merchandising and Digital Retailing,College of Business,https://facultyinfo.unt.edu/faculty-profile?profile=sap0035#current-teaching
Malini Ratnam,Lecturer,549,Merchandising and Digital Retailing,College of Business,https://facultyinfo.unt.edu/faculty-profile?profile=mr1252#current-teaching
Marissa S. Zorola,Principal Lecturer,550,Merchandising and Digital Retailing,College of Business,https://facultyinfo.unt.edu/faculty-profile?profile=ms0035#current-teaching
Bugao Xu,Professor,551,Merchandising and Digital Retailing,College of Business,https://facultyinfo.unt.edu/faculty-profile?profile=bx0013#current-teaching
Christy A. Crutsinger,Professor,552,Merchandising and Digital Retailing,College of Business,https://facultyinfo.unt.edu/faculty-profile?profile=cac0006#current-teaching
HaeJung Maria Kim,Professor,553,Merchandising and Digital Retailing,College of Business,https://facultyinfo.unt.edu/faculty-profile?profile=hjk0023#current-teaching
JiYoung Kim,Professor,554,Merchandising and Digital Retailing,College of Business,https://facultyinfo.unt.edu/faculty-profile?profile=jk0278#current-teaching
Kiseol Yang,Professor,555,Merchandising and Digital Retailing,College of Business,https://facultyinfo.unt.edu/faculty-profile?profile=ky0069#current-teaching
Tammy R. Kinley,Professor,556,Merchandising and Digital Retailing,College of Business,https://facultyinfo.unt.edu/faculty-profile?profile=trk0010#current-teaching
Kristina L. Bruder,Senior Lecturer,557,Merchandising and Digital Retailing,College of Business,https://facultyinfo.unt.edu/faculty-profile?profile=klb0479#current-teaching
Terrance L. Pohlen,Academic Associate Dean,558,Supply Chain Management,College of Business,https://facultyinfo.unt.edu/faculty-profile?profile=tlp0039#current-teaching
Audra O'Neal,Adjunct Faculty,559,Supply Chain Management,College of Business,https://facultyinfo.unt.edu/faculty-profile?profile=alo0076#current-teaching
Beena Punatar,Adjunct Faculty,560,Supply Chain Management,College of Business,https://facultyinfo.unt.edu/faculty-profile?profile=bdp0163#current-teaching
Brian C. Hirsch,Adjunct Faculty,561,Supply Chain Management,College of Business,https://facultyinfo.unt.edu/faculty-profile?profile=bch0113#current-teaching
Brian J. Hiatt,Adjunct Faculty,562,Supply Chain Management,College of Business,https://facultyinfo.unt.edu/faculty-profile?profile=bjh0260#current-teaching
Bryan D. Wahlberg,Adjunct Faculty,563,Supply Chain Management,College of Business,https://facultyinfo.unt.edu/faculty-profile?profile=bdw0176#current-teaching
Chris Peavy,Adjunct Faculty,564,Supply Chain Management,College of Business,https://facultyinfo.unt.edu/faculty-profile?profile=cdv0008#current-teaching
Christina M. Aguilar,Adjunct Faculty,565,Supply Chain Management,College of Business,https://facultyinfo.unt.edu/faculty-profile?profile=cma0113#current-teaching
Eric Green,Adjunct Faculty,566,Supply Chain Management,College of Business,https://facultyinfo.unt.edu/faculty-profile?profile=elg0129#current-teaching
James T. Diamond,Adjunct Faculty,567,Supply Chain Management,College of Business,https://facultyinfo.unt.edu/faculty-profile?profile=jtd0152#current-teaching
Jamilah Kangudja,Adjunct Faculty,568,Supply Chain Management,College of Business,https://facultyinfo.unt.edu/faculty-profile?profile=jck0193#current-teaching
Jazmyne Dixson,Adjunct Faculty,569,Supply Chain Management,College of Business,https://facultyinfo.unt.edu/faculty-profile?profile=jd0297#current-teaching
Jose A. Grimaldo,Adjunct Faculty,570,Supply Chain Management,College of Business,https://facultyinfo.unt.edu/faculty-profile?profile=jag0378#current-teaching
Kallum Griffin,Adjunct Faculty,571,Supply Chain Management,College of Business,https://facultyinfo.unt.edu/faculty-profile?profile=klg0349#current-teaching
Kevin Bontempo,Adjunct Faculty,572,Supply Chain Management,College of Business,https://facultyinfo.unt.edu/faculty-profile?profile=kjb0318#current-teaching
Olegario Madera,Adjunct Faculty,573,Supply Chain Management,College of Business,https://facultyinfo.unt.edu/faculty-profile?profile=om0276#current-teaching
Sheldon Sager,Adjunct Faculty,574,Supply Chain Management,College of Business,https://facultyinfo.unt.edu/faculty-profile?profile=sts0134#current-teaching
Ta'Sheena E. Ross,Adjunct Faculty,575,Supply Chain Management,College of Business,https://facultyinfo.unt.edu/faculty-profile?profile=ter0067#current-teaching
Taneekwa Hurdle,Adjunct Faculty,576,Supply Chain Management,College of Business,https://facultyinfo.unt.edu/faculty-profile?profile=tjr0079#current-teaching
Timothy S. Kincaid,Adjunct Faculty,577,Supply Chain Management,College of Business,https://facultyinfo.unt.edu/faculty-profile?profile=tsk0041#current-teaching
Vikas Sangana,Adjunct Faculty,578,Supply Chain Management,College of Business,https://facultyinfo.unt.edu/faculty-profile?profile=vs1260#current-teaching
William Hamilton,Adjunct Faculty,579,Supply Chain Management,College of Business,https://facultyinfo.unt.edu/faculty-profile?profile=wdh0084#current-teaching
JJ Kovach,Assistant Professor,580,Supply Chain Management,College of Business,https://facultyinfo.unt.edu/faculty-profile?profile=jk0924#current-teaching
Seock Hong,Associate Professor,581,Supply Chain Management,College of Business,https://facultyinfo.unt.edu/faculty-profile?profile=sh0632#current-teaching
Suman Niranjan,Associate Professor,582,Supply Chain Management,College of Business,https://facultyinfo.unt.edu/faculty-profile?profile=sn0301#current-teaching
Brian J. Sauser,Chair,583,Supply Chain Management,College of Business,https://facultyinfo.unt.edu/faculty-profile?profile=bjs0205#current-teaching
Michael J. Savoie,Clinical Professor,584,Supply Chain Management,College of Business,https://facultyinfo.unt.edu/faculty-profile?profile=ms0071#current-teaching
Hanns-Christian L. Hanebeck,Lecturer,585,Supply Chain Management,College of Business,https://facultyinfo.unt.edu/faculty-profile?profile=hlh0076#current-teaching
John White,Lecturer,586,Supply Chain Management,College of Business,https://facultyinfo.unt.edu/faculty-profile?profile=jcw0459#current-teaching
Steven M. Gaa,Lecturer,587,Supply Chain Management,College of Business,https://facultyinfo.unt.edu/faculty-profile?profile=smg0401#current-teaching
Steve S. Joiner,Principal Lecturer,588,Supply Chain Management,College of Business,https://facultyinfo.unt.edu/faculty-profile?profile=jsj0082#current-teaching
Alan Mackelprang,Professor,589,Supply Chain Management,College of Business,https://facultyinfo.unt.edu/faculty-profile?profile=awm0109#current-teaching
David R. Nowicki,Professor,590,Supply Chain Management,College of Business,https://facultyinfo.unt.edu/faculty-profile?profile=drn0047#current-teaching
Divesh Ojha,Professor,591,Supply Chain Management,College of Business,https://facultyinfo.unt.edu/faculty-profile?profile=do0045#current-teaching
Ila Manuj,Professor,592,Supply Chain Management,College of Business,https://facultyinfo.unt.edu/faculty-profile?profile=im0051#current-teaching
Jeffrey A. Ogden,Professor,593,Supply Chain Management,College of Business,https://facultyinfo.unt.edu/faculty-profile?profile=jao0157#current-teaching
Tim G. Hawkins,Professor,594,Supply Chain Management,College of Business,https://facultyinfo.unt.edu/faculty-profile?profile=tgh0041#current-teaching
Wesley S. Randall,Professor,595,Supply Chain Management,College of Business,https://facultyinfo.unt.edu/faculty-profile?profile=wsr0010#current-teaching
Lee Levy,Research Professor,596,Supply Chain Management,College of Business,https://facultyinfo.unt.edu/faculty-profile?profile=lkl0087#current-teaching
Michael S. Bomba,Research Professor,597,Supply Chain Management,College of Business,https://facultyinfo.unt.edu/faculty-profile?profile=msb0172#current-teaching
Jonathon T. Fite,Senior Lecturer,598,Supply Chain Management,College of Business,https://facultyinfo.unt.edu/faculty-profile?profile=jtf0059#current-teaching
Saba Rezaeinejad,Teaching Fellow,599,Supply Chain Management,College of Business,https://facultyinfo.unt.edu/faculty-profile?profile=sr1212#current-teaching
Setareh Daneshgar,Teaching Fellow,600,Supply Chain Management,College of Business,https://facultyinfo.unt.edu/faculty-profile?profile=sd0776#current-teaching
Tyson Browning,Visiting Professor,601,Supply Chain Management,College of Business,https://facultyinfo.unt.edu/faculty-profile?profile=trb0283#current-teaching
Amanda Jackson,Adjunct Faculty,602,Counseling and Higher Education,College of Education,https://facultyinfo.unt.edu/faculty-profile?profile=aom0007#current-teaching
Amber N. Laird Barcenas,Adjunct Faculty,603,Counseling and Higher Education,College of Education,https://facultyinfo.unt.edu/faculty-profile?profile=anl0153#current-teaching
Amber-Lea Martinez Fielder,Adjunct Faculty,604,Counseling and Higher Education,College of Education,https://facultyinfo.unt.edu/faculty-profile?profile=amf0233#current-teaching
Ana Reyes,Adjunct Faculty,605,Counseling and Higher Education,College of Education,https://facultyinfo.unt.edu/faculty-profile?profile=agr0102#current-teaching
Angel Koenig,Adjunct Faculty,606,Counseling and Higher Education,College of Education,https://facultyinfo.unt.edu/faculty-profile?profile=akd0038#current-teaching
Ashley A. Wolffarth,Adjunct Faculty,607,Counseling and Higher Education,College of Education,https://facultyinfo.unt.edu/faculty-profile?profile=aam0046#current-teaching
Carole A. Gilmore,Adjunct Faculty,608,Counseling and Higher Education,College of Education,https://facultyinfo.unt.edu/faculty-profile?profile=cag0463#current-teaching
Christine Koehler,Adjunct Faculty,609,Counseling and Higher Education,College of Education,https://facultyinfo.unt.edu/faculty-profile?profile=cmg0005#current-teaching
Chulyndria Laye,Adjunct Faculty,610,Counseling and Higher Education,College of Education,https://facultyinfo.unt.edu/faculty-profile?profile=ccl0153#current-teaching
Consuela Perez,Adjunct Faculty,611,Counseling and Higher Education,College of Education,https://facultyinfo.unt.edu/faculty-profile?profile=cpm0003#current-teaching
Cynthia K. Chandler,Adjunct Faculty,612,Counseling and Higher Education,College of Education,https://facultyinfo.unt.edu/faculty-profile?profile=ckc0009#current-teaching
David D. Huffman,Adjunct Faculty,613,Counseling and Higher Education,College of Education,https://facultyinfo.unt.edu/faculty-profile?profile=ddh0101#current-teaching
Elizabeth Aguilar,Adjunct Faculty,614,Counseling and Higher Education,College of Education,https://facultyinfo.unt.edu/faculty-profile?profile=ea0261#current-teaching
Emily B. Morehead,Adjunct Faculty,615,Counseling and Higher Education,College of Education,https://facultyinfo.unt.edu/faculty-profile?profile=egb0035#current-teaching
Emily Block,Adjunct Faculty,616,Counseling and Higher Education,College of Education,https://facultyinfo.unt.edu/faculty-profile?profile=eb0035#current-teaching
Gustavo Barcenas Jaimez,Adjunct Faculty,617,Counseling and Higher Education,College of Education,https://facultyinfo.unt.edu/faculty-profile?profile=gb0094#current-teaching
Jenna Mack,Adjunct Faculty,618,Counseling and Higher Education,College of Education,https://facultyinfo.unt.edu/faculty-profile?profile=jac0387#current-teaching
Kindall Tyson,Adjunct Faculty,619,Counseling and Higher Education,College of Education,https://facultyinfo.unt.edu/faculty-profile?profile=kc0081#current-teaching
Kirsten M. Kram,Adjunct Faculty,620,Counseling and Higher Education,College of Education,https://facultyinfo.unt.edu/faculty-profile?profile=kmd0113#current-teaching
Lilliesha Grandberry,Adjunct Faculty,621,Counseling and Higher Education,College of Education,https://facultyinfo.unt.edu/faculty-profile?profile=llg0049#current-teaching
Lina V. Rodriquez,Adjunct Faculty,622,Counseling and Higher Education,College of Education,https://facultyinfo.unt.edu/faculty-profile?profile=lvr0012#current-teaching
Lindsey Hernandez,Adjunct Faculty,623,Counseling and Higher Education,College of Education,https://facultyinfo.unt.edu/faculty-profile?profile=lmh0026#current-teaching
Megan M. Wright,Adjunct Faculty,624,Counseling and Higher Education,College of Education,https://facultyinfo.unt.edu/faculty-profile?profile=cmw0448#current-teaching
Michelle L. Buggs,Adjunct Faculty,625,Counseling and Higher Education,College of Education,https://facultyinfo.unt.edu/faculty-profile?profile=mb0273#current-teaching
Mignon Doyle Jambon,Adjunct Faculty,626,Counseling and Higher Education,College of Education,https://facultyinfo.unt.edu/faculty-profile?profile=mam0149#current-teaching
Misty Solt,Adjunct Faculty,627,Counseling and Higher Education,College of Education,https://facultyinfo.unt.edu/faculty-profile?profile=mds0037#current-teaching
Nicole Hurless,Adjunct Faculty,628,Counseling and Higher Education,College of Education,https://facultyinfo.unt.edu/faculty-profile?profile=nlh0123#current-teaching
Nora Maza,Adjunct Faculty,629,Counseling and Higher Education,College of Education,https://facultyinfo.unt.edu/faculty-profile?profile=nam0336#current-teaching
Pedro Blanco,Adjunct Faculty,630,Counseling and Higher Education,College of Education,https://facultyinfo.unt.edu/faculty-profile?profile=pjb0077#current-teaching
Reagan Dickson,Adjunct Faculty,631,Counseling and Higher Education,College of Education,https://facultyinfo.unt.edu/faculty-profile?profile=rdw0215#current-teaching
Rochelle Ritzi,Adjunct Faculty,632,Counseling and Higher Education,College of Education,https://facultyinfo.unt.edu/faculty-profile?profile=rmr0129#current-teaching
Sara Weeks,Adjunct Faculty,633,Counseling and Higher Education,College of Education,https://facultyinfo.unt.edu/faculty-profile?profile=see0074#current-teaching
Sarah E. Carlson,Adjunct Faculty,634,Counseling and Higher Education,College of Education,https://facultyinfo.unt.edu/faculty-profile?profile=sec0103#current-teaching
Stich Stich,Adjunct Faculty,635,Counseling and Higher Education,College of Education,https://facultyinfo.unt.edu/faculty-profile?profile=ect0031#current-teaching
Tiffany C. Reves,Adjunct Faculty,636,Counseling and Higher Education,College of Education,https://facultyinfo.unt.edu/faculty-profile?profile=tcn0007#current-teaching
Warren Wright,Adjunct Faculty,637,Counseling and Higher Education,College of Education,https://facultyinfo.unt.edu/faculty-profile?profile=wbw0054#current-teaching
Azadeh Ahmadi,Assistant Professor,638,Counseling and Higher Education,College of Education,https://facultyinfo.unt.edu/faculty-profile?profile=aa3501#current-teaching
Caitlin Frawley,Assistant Professor,639,Counseling and Higher Education,College of Education,https://facultyinfo.unt.edu/faculty-profile?profile=cmf0239#current-teaching
Dan Li,Assistant Professor,640,Counseling and Higher Education,College of Education,https://facultyinfo.unt.edu/faculty-profile?profile=dl1128#current-teaching
Lisa Combs,Assistant Professor,641,Counseling and Higher Education,College of Education,https://facultyinfo.unt.edu/faculty-profile?profile=ldc0208#current-teaching
Mario Sobrino,Assistant Professor,642,Counseling and Higher Education,College of Education,https://facultyinfo.unt.edu/faculty-profile?profile=mds0435#current-teaching
Sarah Silveus,Assistant Professor,643,Counseling and Higher Education,College of Education,https://facultyinfo.unt.edu/faculty-profile?profile=sas0618#current-teaching
Justin R. Watts,Associate Professor,644,Counseling and Higher Education,College of Education,https://facultyinfo.unt.edu/faculty-profile?profile=jrw0253#current-teaching
Veronica J. Baldwin,Associate Professor,645,Counseling and Higher Education,College of Education,https://facultyinfo.unt.edu/faculty-profile?profile=vaj0020#current-teaching
Natalya A. Lindo,Chair,646,Counseling and Higher Education,College of Education,https://facultyinfo.unt.edu/faculty-profile?profile=ne0028#current-teaching
Ametis Bassir,Clinical Assistant Professor,647,Counseling and Higher Education,College of Education,https://facultyinfo.unt.edu/faculty-profile?profile=akb0340#current-teaching
Dina Yousef,Clinical Assistant Professor,648,Counseling and Higher Education,College of Education,https://facultyinfo.unt.edu/faculty-profile?profile=dky0005#current-teaching
Donna Hickman,Clinical Assistant Professor,649,Counseling and Higher Education,College of Education,https://facultyinfo.unt.edu/faculty-profile?profile=dh0549#current-teaching
Eric C. Dafoe,Clinical Assistant Professor,650,Counseling and Higher Education,College of Education,https://facultyinfo.unt.edu/faculty-profile?profile=ecd0011#current-teaching
Kami Ball Tran,Clinical Assistant Professor,651,Counseling and Higher Education,College of Education,https://facultyinfo.unt.edu/faculty-profile?profile=kt0427#current-teaching
Krystal Turner,Clinical Assistant Professor,652,Counseling and Higher Education,College of Education,https://facultyinfo.unt.edu/faculty-profile?profile=kkt0074#current-teaching
Leslie A. Jones,Clinical Professor,653,Counseling and Higher Education,College of Education,https://facultyinfo.unt.edu/faculty-profile?profile=ldj0004#current-teaching
Angie D. Cartwright,Interim Dean,654,Counseling and Higher Education,College of Education,https://facultyinfo.unt.edu/faculty-profile?profile=adw0246#current-teaching
Phuong-Uyen D. Tran Parsons,Principal Lecturer,655,Counseling and Higher Education,College of Education,https://facultyinfo.unt.edu/faculty-profile?profile=pdt0009#current-teaching
Barrett J. Taylor,Professor,656,Counseling and Higher Education,College of Education,https://facultyinfo.unt.edu/faculty-profile?profile=bjt9717#current-teaching
Dalena Dillman Taylor,Professor,657,Counseling and Higher Education,College of Education,https://facultyinfo.unt.edu/faculty-profile?profile=dld0186#current-teaching
Peggy L. Ceballos,Professor,658,Counseling and Higher Education,College of Education,https://facultyinfo.unt.edu/faculty-profile?profile=plc0050#current-teaching
Brittany Williams,Research Assistant Professor,659,Counseling and Higher Education,College of Education,https://facultyinfo.unt.edu/faculty-profile?profile=bsw0122#current-teaching
Ana Garcia,Teaching Fellow,660,Counseling and Higher Education,College of Education,https://facultyinfo.unt.edu/faculty-profile?profile=arg0202#current-teaching
Erin Malcom,Teaching Fellow,661,Counseling and Higher Education,College of Education,https://facultyinfo.unt.edu/faculty-profile?profile=eem0150#current-teaching
Esmeralda Corona,Teaching Fellow,662,Counseling and Higher Education,College of Education,https://facultyinfo.unt.edu/faculty-profile?profile=ec0546#current-teaching
Keith Bryant,Teaching Fellow,663,Counseling and Higher Education,College of Education,https://facultyinfo.unt.edu/faculty-profile?profile=kpb0075#current-teaching
Kiranpreet Hundal,Teaching Fellow,664,Counseling and Higher Education,College of Education,https://facultyinfo.unt.edu/faculty-profile?profile=kh0777#current-teaching
Libby Husske,Teaching Fellow,665,Counseling and Higher Education,College of Education,https://facultyinfo.unt.edu/faculty-profile?profile=lh0587#current-teaching
Marita Bailey,Teaching Fellow,666,Counseling and Higher Education,College of Education,https://facultyinfo.unt.edu/faculty-profile?profile=mlb0707#current-teaching
Marium Sadiq,Teaching Fellow,667,Counseling and Higher Education,College of Education,https://facultyinfo.unt.edu/faculty-profile?profile=ms0762#current-teaching
Mya Patterson,Teaching Fellow,668,Counseling and Higher Education,College of Education,https://facultyinfo.unt.edu/faculty-profile?profile=map0469#current-teaching
Nicholas Lazzareschi,Teaching Fellow,669,Counseling and Higher Education,College of Education,https://facultyinfo.unt.edu/faculty-profile?profile=nrl0057#current-teaching
Nicole Palacios,Teaching Fellow,670,Counseling and Higher Education,College of Education,https://facultyinfo.unt.edu/faculty-profile?profile=np0492#current-teaching
Rebecca C. Rebecca,Teaching Fellow,671,Counseling and Higher Education,College of Education,https://facultyinfo.unt.edu/faculty-profile?profile=rcw0102#current-teaching
Sloane Sivek,Teaching Fellow,672,Counseling and Higher Education,College of Education,https://facultyinfo.unt.edu/faculty-profile?profile=ss5596#current-teaching
Taran McGowen,Teaching Fellow,673,Counseling and Higher Education,College of Education,https://facultyinfo.unt.edu/faculty-profile?profile=tlm0432#current-teaching
Wen-Chen Liu,Teaching Fellow,674,Counseling and Higher Education,College of Education,https://facultyinfo.unt.edu/faculty-profile?profile=wl0220#current-teaching
Tara Godhwani,Visiting Assistant Professor,675,Counseling and Higher Education,College of Education,https://facultyinfo.unt.edu/faculty-profile?profile=tkr0042#current-teaching
Darla Wooten,Adjunct Faculty,676,Dean's Office,College of Education,https://facultyinfo.unt.edu/faculty-profile?profile=djm0115#current-teaching
Ruth M. Lowery,Associate Dean,677,Dean's Office,College of Education,https://facultyinfo.unt.edu/faculty-profile?profile=rml0159#current-teaching
Amber Picasso,Adjunct Faculty,678,Educational Psychology,College of Education,https://facultyinfo.unt.edu/faculty-profile?profile=alm0432#current-teaching
Ayesha Nikhat,Adjunct Faculty,679,Educational Psychology,College of Education,https://facultyinfo.unt.edu/faculty-profile?profile=an0945#current-teaching
Cassandra James,Adjunct Faculty,680,Educational Psychology,College of Education,https://facultyinfo.unt.edu/faculty-profile?profile=ccj0058#current-teaching
Courtney Johnson,Adjunct Faculty,681,Educational Psychology,College of Education,https://facultyinfo.unt.edu/faculty-profile?profile=cto0012#current-teaching
Debbie Roybal,Adjunct Faculty,682,Educational Psychology,College of Education,https://facultyinfo.unt.edu/faculty-profile?profile=dg1175#current-teaching
Denisse Avila-Alejo,Adjunct Faculty,683,Educational Psychology,College of Education,https://facultyinfo.unt.edu/faculty-profile?profile=da0367#current-teaching
Emily McKnight,Adjunct Faculty,684,Educational Psychology,College of Education,https://facultyinfo.unt.edu/faculty-profile?profile=enm0149#current-teaching
Kelly Berthiaume,Adjunct Faculty,685,Educational Psychology,College of Education,https://facultyinfo.unt.edu/faculty-profile?profile=kcb0187#current-teaching
Laura Weaver,Adjunct Faculty,686,Educational Psychology,College of Education,https://facultyinfo.unt.edu/faculty-profile?profile=lw0124#current-teaching
Laurie Williams George,Adjunct Faculty,687,Educational Psychology,College of Education,https://facultyinfo.unt.edu/faculty-profile?profile=lag0379#current-teaching
Lindsay E. Lee,Adjunct Faculty,688,Educational Psychology,College of Education,https://facultyinfo.unt.edu/faculty-profile?profile=lee0035#current-teaching
Paulann A. Paterson,Adjunct Faculty,689,Educational Psychology,College of Education,https://facultyinfo.unt.edu/faculty-profile?profile=pap0140#current-teaching
Rebekah Sears,Adjunct Faculty,690,Educational Psychology,College of Education,https://facultyinfo.unt.edu/faculty-profile?profile=rks0141#current-teaching
Renee G. Gonzalez,Adjunct Faculty,691,Educational Psychology,College of Education,https://facultyinfo.unt.edu/faculty-profile?profile=rgg0061#current-teaching
Travis Hill,Adjunct Faculty,692,Educational Psychology,College of Education,https://facultyinfo.unt.edu/faculty-profile?profile=th0131#current-teaching
Weini Lin,Adjunct Faculty,693,Educational Psychology,College of Education,https://facultyinfo.unt.edu/faculty-profile?profile=wl0131#current-teaching
Amy J. Anderson,Assistant Professor,694,Educational Psychology,College of Education,https://facultyinfo.unt.edu/faculty-profile?profile=aa2497#current-teaching
Anondah R. Saide,Assistant Professor,695,Educational Psychology,College of Education,https://facultyinfo.unt.edu/faculty-profile?profile=ars0451#current-teaching
Hyanghee Lee,Assistant Professor,696,Educational Psychology,College of Education,https://facultyinfo.unt.edu/faculty-profile?profile=hl0564#current-teaching
James O. Uanhoro,Assistant Professor,697,Educational Psychology,College of Education,https://facultyinfo.unt.edu/faculty-profile?profile=jou0009#current-teaching
Jihyun Lee,Assistant Professor,698,Educational Psychology,College of Education,https://facultyinfo.unt.edu/faculty-profile?profile=jl1360#current-teaching
Kathryn Bailey,Assistant Professor,699,Educational Psychology,College of Education,https://facultyinfo.unt.edu/faculty-profile?profile=kmb0729#current-teaching
Max Sherard,Assistant Professor,700,Educational Psychology,College of Education,https://facultyinfo.unt.edu/faculty-profile?profile=mks0359#current-teaching
Megan Rojo,Assistant Professor,701,Educational Psychology,College of Education,https://facultyinfo.unt.edu/faculty-profile?profile=mr1876#current-teaching
Melissa N. Savage,Assistant Professor,702,Educational Psychology,College of Education,https://facultyinfo.unt.edu/faculty-profile?profile=mns0134#current-teaching
Melissa Stalega,Assistant Professor,703,Educational Psychology,College of Education,https://facultyinfo.unt.edu/faculty-profile?profile=ms2910#current-teaching
Nicole L. Leach Sankofa,Assistant Professor,704,Educational Psychology,College of Education,https://facultyinfo.unt.edu/faculty-profile?profile=nll0057#current-teaching
Teo T. Keifert,Assistant Professor,705,Educational Psychology,College of Education,https://facultyinfo.unt.edu/faculty-profile?profile=dtk0034#current-teaching
Angela Nievar,Associate Professor,706,Educational Psychology,College of Education,https://facultyinfo.unt.edu/faculty-profile?profile=an0086#current-teaching
Jaret W. Hodges,Associate Professor,707,Educational Psychology,College of Education,https://facultyinfo.unt.edu/faculty-profile?profile=jwh0167#current-teaching
Michael Siller,Associate Professor,708,Educational Psychology,College of Education,https://facultyinfo.unt.edu/faculty-profile?profile=mjs0619#current-teaching
Qi Chen,Associate Professor,709,Educational Psychology,College of Education,https://facultyinfo.unt.edu/faculty-profile?profile=qc0009#current-teaching
Rachel U. Mun,Associate Professor,710,Educational Psychology,College of Education,https://facultyinfo.unt.edu/faculty-profile?profile=ruc0004#current-teaching
Anne N. Rinn,Chair,711,Educational Psychology,College of Education,https://facultyinfo.unt.edu/faculty-profile?profile=anr0099#current-teaching
Kimberly J. King,Clinical Associate Professor,712,Educational Psychology,College of Education,https://facultyinfo.unt.edu/faculty-profile?profile=kdj0009#current-teaching
Payton Birlew,Lecturer,713,Educational Psychology,College of Education,https://facultyinfo.unt.edu/faculty-profile?profile=plb0105#current-teaching
Wendy Middlemiss,Modified Service Retiree,714,Educational Psychology,College of Education,https://facultyinfo.unt.edu/faculty-profile?profile=wm0045#current-teaching
Jason Chiang,Principal Lecturer,715,Educational Psychology,College of Education,https://facultyinfo.unt.edu/faculty-profile?profile=jc1407#current-teaching
Lauren N. Kelly,Principal Lecturer,716,Educational Psychology,College of Education,https://facultyinfo.unt.edu/faculty-profile?profile=lnk0042#current-teaching
Pamela K. Peak,Principal Lecturer,717,Educational Psychology,College of Education,https://facultyinfo.unt.edu/faculty-profile?profile=pkp0008#current-teaching
Darrell Hull,Professor,718,Educational Psychology,College of Education,https://facultyinfo.unt.edu/faculty-profile?profile=dh0158#current-teaching
Miriam C. Boesch,Professor,719,Educational Psychology,College of Education,https://facultyinfo.unt.edu/faculty-profile?profile=mcb0205#current-teaching
Robin K. Henson,Professor,720,Educational Psychology,College of Education,https://facultyinfo.unt.edu/faculty-profile?profile=rkh0007#current-teaching
Selcuk Acar,Professor,721,Educational Psychology,College of Education,https://facultyinfo.unt.edu/faculty-profile?profile=sa1219#current-teaching
Dana D. Booker,Senior Lecturer,722,Educational Psychology,College of Education,https://facultyinfo.unt.edu/faculty-profile?profile=ddb0140#current-teaching
Teresa Cardon,Senior Lecturer,723,Educational Psychology,College of Education,https://facultyinfo.unt.edu/faculty-profile?profile=tac0303#current-teaching
Akanksha Srivastava,Teaching Fellow,724,Educational Psychology,College of Education,https://facultyinfo.unt.edu/faculty-profile?profile=as3659#current-teaching
Ali Alenizi,Teaching Fellow,725,Educational Psychology,College of Education,https://facultyinfo.unt.edu/faculty-profile?profile=aaa0438#current-teaching
Amanda Neuwirth,Teaching Fellow,726,Educational Psychology,College of Education,https://facultyinfo.unt.edu/faculty-profile?profile=amn0033#current-teaching
Bhoj B. Balayar,Teaching Fellow,727,Educational Psychology,College of Education,https://facultyinfo.unt.edu/faculty-profile?profile=bbb0077#current-teaching
Candace Martinez,Teaching Fellow,728,Educational Psychology,College of Education,https://facultyinfo.unt.edu/faculty-profile?profile=cdm0394#current-teaching
Danielle Moore,Teaching Fellow,729,Educational Psychology,College of Education,https://facultyinfo.unt.edu/faculty-profile?profile=dtm0119#current-teaching
Fatmanur Cifci,Teaching Fellow,730,Educational Psychology,College of Education,https://facultyinfo.unt.edu/faculty-profile?profile=fc0198#current-teaching
Jingfei He,Teaching Fellow,731,Educational Psychology,College of Education,https://facultyinfo.unt.edu/faculty-profile?profile=jh1420#current-teaching
Joshna Karki,Teaching Fellow,732,Educational Psychology,College of Education,https://facultyinfo.unt.edu/faculty-profile?profile=jk1137#current-teaching
Kaylee Purvis,Teaching Fellow,733,Educational Psychology,College of Education,https://facultyinfo.unt.edu/faculty-profile?profile=kp0945#current-teaching
Letta Cato,Teaching Fellow,734,Educational Psychology,College of Education,https://facultyinfo.unt.edu/faculty-profile?profile=lc0831#current-teaching
Lola Aneke,Teaching Fellow,735,Educational Psychology,College of Education,https://facultyinfo.unt.edu/faculty-profile?profile=oia0029#current-teaching
Mary Rachel Lamothe,Teaching Fellow,736,Educational Psychology,College of Education,https://facultyinfo.unt.edu/faculty-profile?profile=mrl0219#current-teaching
Rainie Yu,Teaching Fellow,737,Educational Psychology,College of Education,https://facultyinfo.unt.edu/faculty-profile?profile=ry0257#current-teaching
Rob A. Morris,Teaching Fellow,738,Educational Psychology,College of Education,https://facultyinfo.unt.edu/faculty-profile?profile=ram0577#current-teaching
Shelli Galbraith,Teaching Fellow,739,Educational Psychology,College of Education,https://facultyinfo.unt.edu/faculty-profile?profile=smd0031#current-teaching
Shohreh Roozbahani,Teaching Fellow,740,Educational Psychology,College of Education,https://facultyinfo.unt.edu/faculty-profile?profile=sr1697#current-teaching
Tedd Vlaamster,Teaching Fellow,741,Educational Psychology,College of Education,https://facultyinfo.unt.edu/faculty-profile?profile=cmf0169#current-teaching
Thuy P. Dang,Teaching Fellow,742,Educational Psychology,College of Education,https://facultyinfo.unt.edu/faculty-profile?profile=tpd0039#current-teaching
Weiqing Ji,Teaching Fellow,743,Educational Psychology,College of Education,https://facultyinfo.unt.edu/faculty-profile?profile=wj0062#current-teaching
Yuyang Shen,Teaching Fellow,744,Educational Psychology,College of Education,https://facultyinfo.unt.edu/faculty-profile?profile=ys0453#current-teaching
Briton A. Hagan,Adjunct Faculty,745,"Kinesiology, Health Promotion and Recreation",College of Education,https://facultyinfo.unt.edu/faculty-profile?profile=bah0271#current-teaching
Jacob Lamb,Adjunct Faculty,746,"Kinesiology, Health Promotion and Recreation",College of Education,https://facultyinfo.unt.edu/faculty-profile?profile=jsl0124#current-teaching
Kimberly Ferner,Adjunct Faculty,747,"Kinesiology, Health Promotion and Recreation",College of Education,https://facultyinfo.unt.edu/faculty-profile?profile=kf0237#current-teaching
Christopher A. Bailey,Clinical Associate Professor,748,"Kinesiology, Health Promotion and Recreation",College of Education,https://facultyinfo.unt.edu/faculty-profile?profile=cab0655#current-teaching
Sohaila Rahman,Teaching Fellow,749,"Kinesiology, Health Promotion and Recreation",College of Education,https://facultyinfo.unt.edu/faculty-profile?profile=sr1034#current-teaching
Trey Botkin,Teaching Fellow,750,"Kinesiology, Health Promotion and Recreation",College of Education,https://facultyinfo.unt.edu/faculty-profile?profile=tjb0262#current-teaching
Youngmin Yoon,Visiting Assistant Professor,751,"Kinesiology, Health Promotion and Recreation",College of Education,https://facultyinfo.unt.edu/faculty-profile?profile=yy0348#current-teaching
Eric Johnson,,752,Teacher Education and Administration,College of Education,https://facultyinfo.unt.edu/faculty-profile?profile=ejj0033#current-teaching
Aaron Else,Adjunct Faculty,753,Teacher Education and Administration,College of Education,https://facultyinfo.unt.edu/faculty-profile?profile=ase0017#current-teaching
Ahveance Jones,Adjunct Faculty,754,Teacher Education and Administration,College of Education,https://facultyinfo.unt.edu/faculty-profile?profile=asj0153#current-teaching
April Y. Stevenson,Adjunct Faculty,755,Teacher Education and Administration,College of Education,https://facultyinfo.unt.edu/faculty-profile?profile=aym0002#current-teaching
Benita M. Gordon,Adjunct Faculty,756,Teacher Education and Administration,College of Education,https://facultyinfo.unt.edu/faculty-profile?profile=bmg0172#current-teaching
Bethene Edwards,Adjunct Faculty,757,Teacher Education and Administration,College of Education,https://facultyinfo.unt.edu/faculty-profile?profile=bae0084#current-teaching
Beverly S. Wilson,Adjunct Faculty,758,Teacher Education and Administration,College of Education,https://facultyinfo.unt.edu/faculty-profile?profile=bsw0028#current-teaching
Cynthia Miller,Adjunct Faculty,759,Teacher Education and Administration,College of Education,https://facultyinfo.unt.edu/faculty-profile?profile=clmiller#current-teaching
Darla S. Taylor,Adjunct Faculty,760,Teacher Education and Administration,College of Education,https://facultyinfo.unt.edu/faculty-profile?profile=dst0055#current-teaching
Dawn Rice,Adjunct Faculty,761,Teacher Education and Administration,College of Education,https://facultyinfo.unt.edu/faculty-profile?profile=dr0193#current-teaching
Denise Evans,Adjunct Faculty,762,Teacher Education and Administration,College of Education,https://facultyinfo.unt.edu/faculty-profile?profile=de0033#current-teaching
Dianna Lacy,Adjunct Faculty,763,Teacher Education and Administration,College of Education,https://facultyinfo.unt.edu/faculty-profile?profile=dll0028#current-teaching
Donna L. Walton,Adjunct Faculty,764,Teacher Education and Administration,College of Education,https://facultyinfo.unt.edu/faculty-profile?profile=dlw0009#current-teaching
George Woodrow,Adjunct Faculty,765,Teacher Education and Administration,College of Education,https://facultyinfo.unt.edu/faculty-profile?profile=gw0062#current-teaching
Griselda I. Solano Porras,Adjunct Faculty,766,Teacher Education and Administration,College of Education,https://facultyinfo.unt.edu/faculty-profile?profile=gis0006#current-teaching
Heather D. Steen,Adjunct Faculty,767,Teacher Education and Administration,College of Education,https://facultyinfo.unt.edu/faculty-profile?profile=hds0058#current-teaching
Javetta L. Jones-Roberson,Adjunct Faculty,768,Teacher Education and Administration,College of Education,https://facultyinfo.unt.edu/faculty-profile?profile=jlj0180#current-teaching
Jessica Knox,Adjunct Faculty,769,Teacher Education and Administration,College of Education,https://facultyinfo.unt.edu/faculty-profile?profile=jls0616#current-teaching
Jill M. Siler,Adjunct Faculty,770,Teacher Education and Administration,College of Education,https://facultyinfo.unt.edu/faculty-profile?profile=jms0902#current-teaching
Jose L. Antunez,Adjunct Faculty,771,Teacher Education and Administration,College of Education,https://facultyinfo.unt.edu/faculty-profile?profile=jla0045#current-teaching
Kary M. Cooper,Adjunct Faculty,772,Teacher Education and Administration,College of Education,https://facultyinfo.unt.edu/faculty-profile?profile=kmc0039#current-teaching
Katherine A. Mankoff,Adjunct Faculty,773,Teacher Education and Administration,College of Education,https://facultyinfo.unt.edu/faculty-profile?profile=kam0485#current-teaching
Lea Devers,Adjunct Faculty,774,Teacher Education and Administration,College of Education,https://facultyinfo.unt.edu/faculty-profile?profile=ljd0116#current-teaching
Liza Larue,Adjunct Faculty,775,Teacher Education and Administration,College of Education,https://facultyinfo.unt.edu/faculty-profile?profile=ldl0166#current-teaching
Louanne Greer,Adjunct Faculty,776,Teacher Education and Administration,College of Education,https://facultyinfo.unt.edu/faculty-profile?profile=lg0664#current-teaching
Ma M. Ponce Gwynne,Adjunct Faculty,777,Teacher Education and Administration,College of Education,https://facultyinfo.unt.edu/faculty-profile?profile=lp0153#current-teaching
Patsy Sosa-Sanchez,Adjunct Faculty,778,Teacher Education and Administration,College of Education,https://facultyinfo.unt.edu/faculty-profile?profile=ps0209#current-teaching
Rebecca Voight,Adjunct Faculty,779,Teacher Education and Administration,College of Education,https://facultyinfo.unt.edu/faculty-profile?profile=rkg0022#current-teaching
Rosalie Alexander,Adjunct Faculty,780,Teacher Education and Administration,College of Education,https://facultyinfo.unt.edu/faculty-profile?profile=ra0200#current-teaching
Sandra S. Sage,Adjunct Faculty,781,Teacher Education and Administration,College of Education,https://facultyinfo.unt.edu/faculty-profile?profile=sss0126#current-teaching
Traci Browder,Adjunct Faculty,782,Teacher Education and Administration,College of Education,https://facultyinfo.unt.edu/faculty-profile?profile=tyb0025#current-teaching
Brenda Rubio,Assistant Professor,783,Teacher Education and Administration,College of Education,https://facultyinfo.unt.edu/faculty-profile?profile=br0349#current-teaching
Brittany L. Frieson,Assistant Professor,784,Teacher Education and Administration,College of Education,https://facultyinfo.unt.edu/faculty-profile?profile=blf0117#current-teaching
Delandrea Hall,Assistant Professor,785,Teacher Education and Administration,College of Education,https://facultyinfo.unt.edu/faculty-profile?profile=dsh0115#current-teaching
Doricka Menefee,Assistant Professor,786,Teacher Education and Administration,College of Education,https://facultyinfo.unt.edu/faculty-profile?profile=dlm0529#current-teaching
Jessi Murdter-Atkinson,Assistant Professor,787,Teacher Education and Administration,College of Education,https://facultyinfo.unt.edu/faculty-profile?profile=jam0810#current-teaching
Karisma L. Morton,Assistant Professor,788,Teacher Education and Administration,College of Education,https://facultyinfo.unt.edu/faculty-profile?profile=klm0571#current-teaching
Lok-Sze Wong,Assistant Professor,789,Teacher Education and Administration,College of Education,https://facultyinfo.unt.edu/faculty-profile?profile=lw0344#current-teaching
Melissa Rojas Williams,Assistant Professor,790,Teacher Education and Administration,College of Education,https://facultyinfo.unt.edu/faculty-profile?profile=mrw0326#current-teaching
Mila Rosa Carden,Assistant Professor,791,Teacher Education and Administration,College of Education,https://facultyinfo.unt.edu/faculty-profile?profile=mc1483#current-teaching
Natacha Jones,Assistant Professor,792,Teacher Education and Administration,College of Education,https://facultyinfo.unt.edu/faculty-profile?profile=nnj0032#current-teaching
Queshonda Kudaisi,Assistant Professor,793,Teacher Education and Administration,College of Education,https://facultyinfo.unt.edu/faculty-profile?profile=qk0012#current-teaching
Rachel Ranschaert,Assistant Professor,794,Teacher Education and Administration,College of Education,https://facultyinfo.unt.edu/faculty-profile?profile=rr1110#current-teaching
Wesley L. Edwards,Assistant Professor,795,Teacher Education and Administration,College of Education,https://facultyinfo.unt.edu/faculty-profile?profile=wle0022#current-teaching
Cornelius Q. Anderson,Assistant Professor of Practice,796,Teacher Education and Administration,College of Education,https://facultyinfo.unt.edu/faculty-profile?profile=ca0478#current-teaching
Amanda E. Vickery,Associate Professor,797,Teacher Education and Administration,College of Education,https://facultyinfo.unt.edu/faculty-profile?profile=aev0061#current-teaching
Barbara L. Pazey,Associate Professor,798,Teacher Education and Administration,College of Education,https://facultyinfo.unt.edu/faculty-profile?profile=blp0149#current-teaching
Chris S. Long,Associate Professor,799,Teacher Education and Administration,College of Education,https://facultyinfo.unt.edu/faculty-profile?profile=csl0047#current-teaching
Daniel G. Krutka,Associate Professor,800,Teacher Education and Administration,College of Education,https://facultyinfo.unt.edu/faculty-profile?profile=dgk0040#current-teaching
Ricardo Gonzalez-Carriedo,Associate Professor,801,Teacher Education and Administration,College of Education,https://facultyinfo.unt.edu/faculty-profile?profile=rg0323#current-teaching
Robert H. Voelkel,Associate Professor,802,Teacher Education and Administration,College of Education,https://facultyinfo.unt.edu/faculty-profile?profile=rhv0012#current-teaching
Colleen M. Eddy,Chair,803,Teacher Education and Administration,College of Education,https://facultyinfo.unt.edu/faculty-profile?profile=cme0059#current-teaching
Angela M. Randall,Clinical Assistant Professor,804,Teacher Education and Administration,College of Education,https://facultyinfo.unt.edu/faculty-profile?profile=amr0299#current-teaching
Kyoung Jin Kim,Clinical Associate Professor,805,Teacher Education and Administration,College of Education,https://facultyinfo.unt.edu/faculty-profile?profile=kk0644#current-teaching
Lisa Pedevilla,Clinical Professor,806,Teacher Education and Administration,College of Education,https://facultyinfo.unt.edu/faculty-profile?profile=lhy0001#current-teaching
Kevin K. Kevin,Executive in Residence,807,Teacher Education and Administration,College of Education,https://facultyinfo.unt.edu/faculty-profile?profile=tkr0013#current-teaching
Stephen F. Waddell,Executive in Residence,808,Teacher Education and Administration,College of Education,https://facultyinfo.unt.edu/faculty-profile?profile=sfw0019#current-teaching
Angeles Munoz,Lecturer,809,Teacher Education and Administration,College of Education,https://facultyinfo.unt.edu/faculty-profile?profile=adm0198#current-teaching
Cora Reikofski-Ross,Lecturer,810,Teacher Education and Administration,College of Education,https://facultyinfo.unt.edu/faculty-profile?profile=clr0062#current-teaching
Johnetta Hudson,Lecturer,811,Teacher Education and Administration,College of Education,https://facultyinfo.unt.edu/faculty-profile?profile=jh0005#current-teaching
Karina Hayes,Lecturer,812,Teacher Education and Administration,College of Education,https://facultyinfo.unt.edu/faculty-profile?profile=kcm0145#current-teaching
Parvathi Sivaraman,Lecturer,813,Teacher Education and Administration,College of Education,https://facultyinfo.unt.edu/faculty-profile?profile=ps0974#current-teaching
Ranita Cheruvu,Lecturer,814,Teacher Education and Administration,College of Education,https://facultyinfo.unt.edu/faculty-profile?profile=rc0627#current-teaching
Tori Smith,Lecturer,815,Teacher Education and Administration,College of Education,https://facultyinfo.unt.edu/faculty-profile?profile=vds0056#current-teaching
Yuliya Summers,Lecturer,816,Teacher Education and Administration,College of Education,https://facultyinfo.unt.edu/faculty-profile?profile=yss0015#current-teaching
Elba E. Barahona,Principal Lecturer,817,Teacher Education and Administration,College of Education,https://facultyinfo.unt.edu/faculty-profile?profile=eeb0116#current-teaching
Jeannette L. Ginther,Principal Lecturer,818,Teacher Education and Administration,College of Education,https://facultyinfo.unt.edu/faculty-profile?profile=jlg0488#current-teaching
Nazia Khan,Principal Lecturer,819,Teacher Education and Administration,College of Education,https://facultyinfo.unt.edu/faculty-profile?profile=nk0297#current-teaching
Karthigeyan Subramaniam,Professor,820,Teacher Education and Administration,College of Education,https://facultyinfo.unt.edu/faculty-profile?profile=ks0319#current-teaching
Michelle Salazar Perez,Professor,821,Teacher Education and Administration,College of Education,https://facultyinfo.unt.edu/faculty-profile?profile=msp0118#current-teaching
William Duncan,Senior Lecturer,822,Teacher Education and Administration,College of Education,https://facultyinfo.unt.edu/faculty-profile?profile=wd0092#current-teaching
Charlotte Ashcraft,Teaching Fellow,823,Teacher Education and Administration,College of Education,https://facultyinfo.unt.edu/faculty-profile?profile=cea0045#current-teaching
Dustin J. Parrish,Teaching Fellow,824,Teacher Education and Administration,College of Education,https://facultyinfo.unt.edu/faculty-profile?profile=djp0160#current-teaching
Kevin E. Howard,Teaching Fellow,825,Teacher Education and Administration,College of Education,https://facultyinfo.unt.edu/faculty-profile?profile=keh0148#current-teaching
Krystle D. Brom,Teaching Fellow,826,Teacher Education and Administration,College of Education,https://facultyinfo.unt.edu/faculty-profile?profile=kde0055#current-teaching
Lisa Redding,Teaching Fellow,827,Teacher Education and Administration,College of Education,https://facultyinfo.unt.edu/faculty-profile?profile=lr0627#current-teaching
Maria Svensson,Teaching Fellow,828,Teacher Education and Administration,College of Education,https://facultyinfo.unt.edu/faculty-profile?profile=ems0313#current-teaching
Michael Leonas,Teaching Fellow,829,Teacher Education and Administration,College of Education,https://facultyinfo.unt.edu/faculty-profile?profile=mjl0254#current-teaching
Nayurel Robertson,Teaching Fellow,830,Teacher Education and Administration,College of Education,https://facultyinfo.unt.edu/faculty-profile?profile=nmr0137#current-teaching
Xiaoning Gui,Teaching Fellow,831,Teacher Education and Administration,College of Education,https://facultyinfo.unt.edu/faculty-profile?profile=xg0072#current-teaching
Zutella Holmes,Teaching Fellow,832,Teacher Education and Administration,College of Education,https://facultyinfo.unt.edu/faculty-profile?profile=zvh0003#current-teaching
Paul Krueger,Dean,833,,College of Engineering,https://facultyinfo.unt.edu/faculty-profile?profile=psk0061#current-teaching
Denise S. Holliday,Adjunct Faculty,834,Biomedical Engineering,College of Engineering,https://facultyinfo.unt.edu/faculty-profile?profile=dsw0152#current-teaching
Rita M. Patterson,Adjunct Faculty,835,Biomedical Engineering,College of Engineering,https://facultyinfo.unt.edu/faculty-profile?profile=rmp0106#current-teaching
Fateme Esmailie,Assistant Professor,836,Biomedical Engineering,College of Engineering,https://facultyinfo.unt.edu/faculty-profile?profile=fe0074#current-teaching
Huaxiao Yang,Assistant Professor,837,Biomedical Engineering,College of Engineering,https://facultyinfo.unt.edu/faculty-profile?profile=hy0209#current-teaching
Neda Habibi,Assistant Professor,838,Biomedical Engineering,College of Engineering,https://facultyinfo.unt.edu/faculty-profile?profile=nh0355#current-teaching
Amir Jafari,Associate Professor,839,Biomedical Engineering,College of Engineering,https://facultyinfo.unt.edu/faculty-profile?profile=aj0608#current-teaching
Brian R. Meckes,Associate Professor,840,Biomedical Engineering,College of Engineering,https://facultyinfo.unt.edu/faculty-profile?profile=brm0193#current-teaching
Lin Li,Associate Professor,841,Biomedical Engineering,College of Engineering,https://facultyinfo.unt.edu/faculty-profile?profile=ll0463#current-teaching
Melanie J. Ecker,Associate Professor,842,Biomedical Engineering,College of Engineering,https://facultyinfo.unt.edu/faculty-profile?profile=mje0111#current-teaching
Moo-Yeal D. Lee,Associate Professor,843,Biomedical Engineering,College of Engineering,https://facultyinfo.unt.edu/faculty-profile?profile=mdl0264#current-teaching
Tsz Yan Clement Chan,Associate Professor,844,Biomedical Engineering,College of Engineering,https://facultyinfo.unt.edu/faculty-profile?profile=tc0385#current-teaching
Youngwook Won,Associate Professor,845,Biomedical Engineering,College of Engineering,https://facultyinfo.unt.edu/faculty-profile?profile=yw0324#current-teaching
Vijay V. Vaidyanathan,Chair,846,Biomedical Engineering,College of Engineering,https://facultyinfo.unt.edu/faculty-profile?profile=vvv0001#current-teaching
Xiaodan Shi,Clinical Assistant Professor,847,Biomedical Engineering,College of Engineering,https://facultyinfo.unt.edu/faculty-profile?profile=xs0033#current-teaching
Yong Yang,Professor,848,Biomedical Engineering,College of Engineering,https://facultyinfo.unt.edu/faculty-profile?profile=yy0231#current-teaching
Madhavan Radhakrishnan,Research Assistant Professor,849,Center for Agile and Adaptive Additive Manufacturing,College of Engineering,https://facultyinfo.unt.edu/faculty-profile?profile=mr1712#current-teaching
Shashank Sharma,Research Assistant Professor,850,Center for Agile and Adaptive Additive Manufacturing,College of Engineering,https://facultyinfo.unt.edu/faculty-profile?profile=ss2135#current-teaching
CR R. Chevli,Adjunct Faculty,851,Computer Science and Engineering,College of Engineering,https://facultyinfo.unt.edu/faculty-profile?profile=chevli#current-teaching
Hossein Pedram,Adjunct Faculty,852,Computer Science and Engineering,College of Engineering,https://facultyinfo.unt.edu/faculty-profile?profile=hp0440#current-teaching
Mark D. Hoffman,Adjunct Faculty,853,Computer Science and Engineering,College of Engineering,https://facultyinfo.unt.edu/faculty-profile?profile=mdh0329#current-teaching
Saqib Khalil,Adjunct Faculty,854,Computer Science and Engineering,College of Engineering,https://facultyinfo.unt.edu/faculty-profile?profile=sk0008#current-teaching
Ajita Rattani,Assistant Professor,855,Computer Science and Engineering,College of Engineering,https://facultyinfo.unt.edu/faculty-profile?profile=ar2164#current-teaching
Chenxi Qiu,Assistant Professor,856,Computer Science and Engineering,College of Engineering,https://facultyinfo.unt.edu/faculty-profile?profile=cq0033#current-teaching
Cihan Tunc,Assistant Professor,857,Computer Science and Engineering,College of Engineering,https://facultyinfo.unt.edu/faculty-profile?profile=ct0479#current-teaching
Heng Fan,Assistant Professor,858,Computer Science and Engineering,College of Engineering,https://facultyinfo.unt.edu/faculty-profile?profile=hf0115#current-teaching
Jing Yuan,Assistant Professor,859,Computer Science and Engineering,College of Engineering,https://facultyinfo.unt.edu/faculty-profile?profile=jy0341#current-teaching
Mahdi Pedram,Assistant Professor,860,Computer Science and Engineering,College of Engineering,https://facultyinfo.unt.edu/faculty-profile?profile=mp1583#current-teaching
Sagnik Ray Choudhury,Assistant Professor,861,Computer Science and Engineering,College of Engineering,https://facultyinfo.unt.edu/faculty-profile?profile=sr2004#current-teaching
Supreeth Shastri,Assistant Professor,862,Computer Science and Engineering,College of Engineering,https://facultyinfo.unt.edu/faculty-profile?profile=ss4875#current-teaching
Tao Hou,Assistant Professor,863,Computer Science and Engineering,College of Engineering,https://facultyinfo.unt.edu/faculty-profile?profile=th0562#current-teaching
Tao Wang,Assistant Professor,864,Computer Science and Engineering,College of Engineering,https://facultyinfo.unt.edu/faculty-profile?profile=tw0397#current-teaching
Tong Shu,Assistant Professor,865,Computer Science and Engineering,College of Engineering,https://facultyinfo.unt.edu/faculty-profile?profile=ts1336#current-teaching
Weishi Shi,Assistant Professor,866,Computer Science and Engineering,College of Engineering,https://facultyinfo.unt.edu/faculty-profile?profile=ws0210#current-teaching
Xinrui Cui,Assistant Professor,867,Computer Science and Engineering,College of Engineering,https://facultyinfo.unt.edu/faculty-profile?profile=xc0136#current-teaching
Yunhe Feng,Assistant Professor,868,Computer Science and Engineering,College of Engineering,https://facultyinfo.unt.edu/faculty-profile?profile=yf0140#current-teaching
Zhuqing Liu,Assistant Professor,869,Computer Science and Engineering,College of Engineering,https://facultyinfo.unt.edu/faculty-profile?profile=zl0223#current-teaching
Hui Zhao,Associate Professor,870,Computer Science and Engineering,College of Engineering,https://facultyinfo.unt.edu/faculty-profile?profile=hz0099#current-teaching
Hyunsook Do,Associate Professor,871,Computer Science and Engineering,College of Engineering,https://facultyinfo.unt.edu/faculty-profile?profile=hd0115#current-teaching
Junghwan Oh,Associate Professor,872,Computer Science and Engineering,College of Engineering,https://facultyinfo.unt.edu/faculty-profile?profile=jo0054#current-teaching
Kirill Morozov,Associate Professor,873,Computer Science and Engineering,College of Engineering,https://facultyinfo.unt.edu/faculty-profile?profile=km0669#current-teaching
Mohsen Amini Salehi,Associate Professor,874,Computer Science and Engineering,College of Engineering,https://facultyinfo.unt.edu/faculty-profile?profile=ma1921#current-teaching
Oluwatosin Oluwadare,Associate Professor,875,Computer Science and Engineering,College of Engineering,https://facultyinfo.unt.edu/faculty-profile?profile=oeo0061#current-teaching
Qing Yang,Associate Professor,876,Computer Science and Engineering,College of Engineering,https://facultyinfo.unt.edu/faculty-profile?profile=qy0022#current-teaching
Sanjukta Bhowmick,Associate Professor,877,Computer Science and Engineering,College of Engineering,https://facultyinfo.unt.edu/faculty-profile?profile=sb0837#current-teaching
Serdar Bozdag,Associate Professor,878,Computer Science and Engineering,College of Engineering,https://facultyinfo.unt.edu/faculty-profile?profile=sb1262#current-teaching
Wei Jin,Associate Professor,879,Computer Science and Engineering,College of Engineering,https://facultyinfo.unt.edu/faculty-profile?profile=wj0041#current-teaching
Xiaohui Yuan,Associate Professor,880,Computer Science and Engineering,College of Engineering,https://facultyinfo.unt.edu/faculty-profile?profile=xy0009#current-teaching
Xuan Guo,Associate Professor,881,Computer Science and Engineering,College of Engineering,https://facultyinfo.unt.edu/faculty-profile?profile=xg0036#current-teaching
Gergely Zaruba,Chair,882,Computer Science and Engineering,College of Engineering,https://facultyinfo.unt.edu/faculty-profile?profile=gz0061#current-teaching
Ali Zarafshani,Clinical Assistant Professor,883,Computer Science and Engineering,College of Engineering,https://facultyinfo.unt.edu/faculty-profile?profile=az0259#current-teaching
Amar Maharjan,Clinical Assistant Professor,884,Computer Science and Engineering,College of Engineering,https://facultyinfo.unt.edu/faculty-profile?profile=amm0813#current-teaching
Amir Mirzaeinia,Clinical Assistant Professor,885,Computer Science and Engineering,College of Engineering,https://facultyinfo.unt.edu/faculty-profile?profile=am2676#current-teaching
Beilei Jiang,Clinical Assistant Professor,886,Computer Science and Engineering,College of Engineering,https://facultyinfo.unt.edu/faculty-profile?profile=bj0141#current-teaching
Bhaskar  Trivedi,Clinical Assistant Professor,887,Computer Science and Engineering,College of Engineering,https://facultyinfo.unt.edu/faculty-profile?profile=bct0099#current-teaching
Faridul Islam,Clinical Assistant Professor,888,Computer Science and Engineering,College of Engineering,https://facultyinfo.unt.edu/faculty-profile?profile=fi0047#current-teaching
Fernando Mosquera,Clinical Assistant Professor,889,Computer Science and Engineering,College of Engineering,https://facultyinfo.unt.edu/faculty-profile?profile=fm0105#current-teaching
Haili Wang,Clinical Assistant Professor,890,Computer Science and Engineering,College of Engineering,https://facultyinfo.unt.edu/faculty-profile?profile=hw0109#current-teaching
Jacob Hochstetler,Clinical Assistant Professor,891,Computer Science and Engineering,College of Engineering,https://facultyinfo.unt.edu/faculty-profile?profile=jdh0355#current-teaching
James Freedle,Clinical Assistant Professor,892,Computer Science and Engineering,College of Engineering,https://facultyinfo.unt.edu/faculty-profile?profile=jef0242#current-teaching
Jonathon H. Doran,Clinical Assistant Professor,893,Computer Science and Engineering,College of Engineering,https://facultyinfo.unt.edu/faculty-profile?profile=jhd0044#current-teaching
Rubenia Borge O. Borge Flores,Clinical Assistant Professor,894,Computer Science and Engineering,College of Engineering,https://facultyinfo.unt.edu/faculty-profile?profile=rob0022#current-teaching
Sayed K. Shah,Clinical Assistant Professor,895,Computer Science and Engineering,College of Engineering,https://facultyinfo.unt.edu/faculty-profile?profile=sks0326#current-teaching
Subharag Sarkar,Clinical Assistant Professor,896,Computer Science and Engineering,College of Engineering,https://facultyinfo.unt.edu/faculty-profile?profile=ss4784#current-teaching
Yuan Li,Clinical Assistant Professor,897,Computer Science and Engineering,College of Engineering,https://facultyinfo.unt.edu/faculty-profile?profile=yl0340#current-teaching
Zeenat Tariq,Clinical Assistant Professor,898,Computer Science and Engineering,College of Engineering,https://facultyinfo.unt.edu/faculty-profile?profile=zt0053#current-teaching
Asif I. Baba,Clinical Associate Professor,899,Computer Science and Engineering,College of Engineering,https://facultyinfo.unt.edu/faculty-profile?profile=aib0056#current-teaching
Beddhu Murali,Clinical Associate Professor,900,Computer Science and Engineering,College of Engineering,https://facultyinfo.unt.edu/faculty-profile?profile=bm0756#current-teaching
Bilal Abu Bakr,Clinical Associate Professor,901,Computer Science and Engineering,College of Engineering,https://facultyinfo.unt.edu/faculty-profile?profile=ba0724#current-teaching
Diana Rabah,Clinical Associate Professor,902,Computer Science and Engineering,College of Engineering,https://facultyinfo.unt.edu/faculty-profile?profile=dr0702#current-teaching
Lotfi Ben Othmane,Clinical Associate Professor,903,Computer Science and Engineering,College of Engineering,https://facultyinfo.unt.edu/faculty-profile?profile=lb0577#current-teaching
Moawia Eldow,Clinical Associate Professor,904,Computer Science and Engineering,College of Engineering,https://facultyinfo.unt.edu/faculty-profile?profile=me0404#current-teaching
Nadia Bilal,Clinical Associate Professor,905,Computer Science and Engineering,College of Engineering,https://facultyinfo.unt.edu/faculty-profile?profile=nb0955#current-teaching
Pavlo Tymoshchuk,Clinical Associate Professor,906,Computer Science and Engineering,College of Engineering,https://facultyinfo.unt.edu/faculty-profile?profile=pt0381#current-teaching
Pradhumna L. Shrestha,Clinical Associate Professor,907,Computer Science and Engineering,College of Engineering,https://facultyinfo.unt.edu/faculty-profile?profile=pls0112#current-teaching
Robin J. Pottathuparambil,Clinical Associate Professor,908,Computer Science and Engineering,College of Engineering,https://facultyinfo.unt.edu/faculty-profile?profile=rjp0109#current-teaching
Russel L. Pears,Clinical Associate Professor,909,Computer Science and Engineering,College of Engineering,https://facultyinfo.unt.edu/faculty-profile?profile=rlp0216#current-teaching
David M. Keathly,Clinical Professor,910,Computer Science and Engineering,College of Engineering,https://facultyinfo.unt.edu/faculty-profile?profile=dmk0080#current-teaching
Jesus U. Quevedo,Clinical Professor,911,Computer Science and Engineering,College of Engineering,https://facultyinfo.unt.edu/faculty-profile?profile=jq0082#current-teaching
Ryan M. Garlick,Clinical Professor,912,Computer Science and Engineering,College of Engineering,https://facultyinfo.unt.edu/faculty-profile?profile=rmg0045#current-teaching
Bahar Dorri,Lecturer,913,Computer Science and Engineering,College of Engineering,https://facultyinfo.unt.edu/faculty-profile?profile=bm0932#current-teaching
Curtis Chambers,Lecturer,914,Computer Science and Engineering,College of Engineering,https://facultyinfo.unt.edu/faculty-profile?profile=csc0168#current-teaching
Hadiseh Gooranorimi,Lecturer,915,Computer Science and Engineering,College of Engineering,https://facultyinfo.unt.edu/faculty-profile?profile=hg0436#current-teaching
Bill Buckles,Modified Service Retiree,916,Computer Science and Engineering,College of Engineering,https://facultyinfo.unt.edu/faculty-profile?profile=bb0146#current-teaching
Krishna M. Kavi,Professor,917,Computer Science and Engineering,College of Engineering,https://facultyinfo.unt.edu/faculty-profile?profile=kmk0049#current-teaching
Paul Tarau,Professor,918,Computer Science and Engineering,College of Engineering,https://facultyinfo.unt.edu/faculty-profile?profile=pt0006#current-teaching
Ram Dantu,Professor,919,Computer Science and Engineering,College of Engineering,https://facultyinfo.unt.edu/faculty-profile?profile=rd0037#current-teaching
Renee C. Bryce,Professor,920,Computer Science and Engineering,College of Engineering,https://facultyinfo.unt.edu/faculty-profile?profile=rcb0162#current-teaching
Robert Akl,Professor,921,Computer Science and Engineering,College of Engineering,https://facultyinfo.unt.edu/faculty-profile?profile=ra0060#current-teaching
Song Fu,Professor,922,Computer Science and Engineering,College of Engineering,https://facultyinfo.unt.edu/faculty-profile?profile=sf0144#current-teaching
Stephanie A. Ludi,Professor,923,Computer Science and Engineering,College of Engineering,https://facultyinfo.unt.edu/faculty-profile?profile=sal0232#current-teaching
Yan Huang,Professor,924,Computer Science and Engineering,College of Engineering,https://facultyinfo.unt.edu/faculty-profile?profile=yh0050#current-teaching
Arup Datta,Teaching Fellow,925,Computer Science and Engineering,College of Engineering,https://facultyinfo.unt.edu/faculty-profile?profile=ad1610#current-teaching
Bailu Zhang,Teaching Fellow,926,Computer Science and Engineering,College of Engineering,https://facultyinfo.unt.edu/faculty-profile?profile=bz0053#current-teaching
Dominic Carrillo,Teaching Fellow,927,Computer Science and Engineering,College of Engineering,https://facultyinfo.unt.edu/faculty-profile?profile=dwc0101#current-teaching
Hamed Jalali,Teaching Fellow,928,Computer Science and Engineering,College of Engineering,https://facultyinfo.unt.edu/faculty-profile?profile=hj0202#current-teaching
Mohammed A. Abutayyem,Teaching Fellow,929,Computer Science and Engineering,College of Engineering,https://facultyinfo.unt.edu/faculty-profile?profile=maa0832#current-teaching
Rrezarta Krasniqi,Teaching Fellow,930,Computer Science and Engineering,College of Engineering,https://facultyinfo.unt.edu/faculty-profile?profile=rk0272#current-teaching
Ryan Michaels,Teaching Fellow,931,Computer Science and Engineering,College of Engineering,https://facultyinfo.unt.edu/faculty-profile?profile=rpm0095#current-teaching
Siyuan Liu,Teaching Fellow,932,Computer Science and Engineering,College of Engineering,https://facultyinfo.unt.edu/faculty-profile?profile=sl0394#current-teaching
Solomon Ubani,Teaching Fellow,933,Computer Science and Engineering,College of Engineering,https://facultyinfo.unt.edu/faculty-profile?profile=scu0004#current-teaching
Suleyman Olcay Polat,Teaching Fellow,934,Computer Science and Engineering,College of Engineering,https://facultyinfo.unt.edu/faculty-profile?profile=sp1055#current-teaching
Eric K. Ayeh,Adjunct Faculty,935,Electrical Engineering,College of Engineering,https://facultyinfo.unt.edu/faculty-profile?profile=kea0043#current-teaching
John Polson,Adjunct Faculty,936,Electrical Engineering,College of Engineering,https://facultyinfo.unt.edu/faculty-profile?profile=jtp0222#current-teaching
Lei Zhan,Adjunct Faculty,937,Electrical Engineering,College of Engineering,https://facultyinfo.unt.edu/faculty-profile?profile=lz0159#current-teaching
Shahram D. Rohani,Adjunct Faculty,938,Electrical Engineering,College of Engineering,https://facultyinfo.unt.edu/faculty-profile?profile=sdr0194#current-teaching
Colleen P. Bailey,Assistant Professor,939,Electrical Engineering,College of Engineering,https://facultyinfo.unt.edu/faculty-profile?profile=cpb0096#current-teaching
Edgard E. Munoz-Coreas,Assistant Professor,940,Electrical Engineering,College of Engineering,https://facultyinfo.unt.edu/faculty-profile?profile=eem0148#current-teaching
Hung T. Luyen,Assistant Professor,941,Electrical Engineering,College of Engineering,https://facultyinfo.unt.edu/faculty-profile?profile=htl0039#current-teaching
Hyusim Park,Assistant Professor,942,Electrical Engineering,College of Engineering,https://facultyinfo.unt.edu/faculty-profile?profile=hp0635#current-teaching
King Man Siu,Assistant Professor,943,Electrical Engineering,College of Engineering,https://facultyinfo.unt.edu/faculty-profile?profile=ks0881#current-teaching
Sensong An,Assistant Professor,944,Electrical Engineering,College of Engineering,https://facultyinfo.unt.edu/faculty-profile?profile=sa0789#current-teaching
Yusheng Wei,Assistant Professor,945,Electrical Engineering,College of Engineering,https://facultyinfo.unt.edu/faculty-profile?profile=yw0301#current-teaching
Hua Sun,Associate Professor,946,Electrical Engineering,College of Engineering,https://facultyinfo.unt.edu/faculty-profile?profile=hs0402#current-teaching
JK Kim,Associate Professor,947,Electrical Engineering,College of Engineering,https://facultyinfo.unt.edu/faculty-profile?profile=jk0931#current-teaching
Parthasarathy Guturu,Associate Professor,948,Electrical Engineering,College of Engineering,https://facultyinfo.unt.edu/faculty-profile?profile=pg0028#current-teaching
Shengli Fu,Chair,949,Electrical Engineering,College of Engineering,https://facultyinfo.unt.edu/faculty-profile?profile=sf0105#current-teaching
Roy T. Derryberry,Clinical Associate Professor,950,Electrical Engineering,College of Engineering,https://facultyinfo.unt.edu/faculty-profile?profile=rtd0038#current-teaching
Elias Kougianos,Professor,951,Electrical Engineering,College of Engineering,https://facultyinfo.unt.edu/faculty-profile?profile=ek0018#current-teaching
Gayatri Mehta,Professor,952,Electrical Engineering,College of Engineering,https://facultyinfo.unt.edu/faculty-profile?profile=gm0143#current-teaching
Kamesh Namuduri,Professor,953,Electrical Engineering,College of Engineering,https://facultyinfo.unt.edu/faculty-profile?profile=kn0100#current-teaching
Miguel F. Acevedo,Professor,954,Electrical Engineering,College of Engineering,https://facultyinfo.unt.edu/faculty-profile?profile=acevedo#current-teaching
Xinrong Li,Professor,955,Electrical Engineering,College of Engineering,https://facultyinfo.unt.edu/faculty-profile?profile=xl0021#current-teaching
Aidan Kurz,Teaching Fellow,956,Electrical Engineering,College of Engineering,https://facultyinfo.unt.edu/faculty-profile?profile=agk0060#current-teaching
Arthur Depoian II,Teaching Fellow,957,Electrical Engineering,College of Engineering,https://facultyinfo.unt.edu/faculty-profile?profile=acd0180#current-teaching
Di Wu,Teaching Fellow,958,Electrical Engineering,College of Engineering,https://facultyinfo.unt.edu/faculty-profile?profile=dw1095#current-teaching
"Jinran Zhang,",Teaching Fellow,959,Electrical Engineering,College of Engineering,https://facultyinfo.unt.edu/faculty-profile?profile=zj0042#current-teaching
Sai Sruthi Ilapuram,Teaching Fellow,960,Electrical Engineering,College of Engineering,https://facultyinfo.unt.edu/faculty-profile?profile=si0263#current-teaching
John Wang,Assistant Professor,961,Materials Science and Engineering,College of Engineering,https://facultyinfo.unt.edu/faculty-profile?profile=rw0395#current-teaching
Sameehan S. Joshi,Assistant Professor,962,Materials Science and Engineering,College of Engineering,https://facultyinfo.unt.edu/faculty-profile?profile=ssj0062#current-teaching
Xiao Li,Assistant Professor,963,Materials Science and Engineering,College of Engineering,https://facultyinfo.unt.edu/faculty-profile?profile=xl0200#current-teaching
Andrey A. Voevodin,Associate Dean,964,Materials Science and Engineering,College of Engineering,https://facultyinfo.unt.edu/faculty-profile?profile=aav0061#current-teaching
Diana Berman,Associate Professor,965,Materials Science and Engineering,College of Engineering,https://facultyinfo.unt.edu/faculty-profile?profile=db0376#current-teaching
Marcus L. Young,Associate Professor,966,Materials Science and Engineering,College of Engineering,https://facultyinfo.unt.edu/faculty-profile?profile=mly0001#current-teaching
Mohamed El Bouanani,Associate Professor,967,Materials Science and Engineering,College of Engineering,https://facultyinfo.unt.edu/faculty-profile?profile=me0008#current-teaching
Yufeng Zheng,Associate Professor,968,Materials Science and Engineering,College of Engineering,https://facultyinfo.unt.edu/faculty-profile?profile=yz0367#current-teaching
Jincheng Du,Chair,969,Materials Science and Engineering,College of Engineering,https://facultyinfo.unt.edu/faculty-profile?profile=jd0198#current-teaching
Anupama B. Kaul,Professor,970,Materials Science and Engineering,College of Engineering,https://facultyinfo.unt.edu/faculty-profile?profile=abk0049#current-teaching
Narendra B. Dahotre,Professor,971,Materials Science and Engineering,College of Engineering,https://facultyinfo.unt.edu/faculty-profile?profile=nbd0014#current-teaching
Nigel D. Shepherd,Professor,972,Materials Science and Engineering,College of Engineering,https://facultyinfo.unt.edu/faculty-profile?profile=nds0039#current-teaching
Raj Banerjee,Professor,973,Materials Science and Engineering,College of Engineering,https://facultyinfo.unt.edu/faculty-profile?profile=rb0154#current-teaching
Rajiv S. Mishra,Professor,974,Materials Science and Engineering,College of Engineering,https://facultyinfo.unt.edu/faculty-profile?profile=rsm0119#current-teaching
Rick F. Reidy,Professor,975,Materials Science and Engineering,College of Engineering,https://facultyinfo.unt.edu/faculty-profile?profile=rfr0001#current-teaching
Samir M. Aouadi,Professor,976,Materials Science and Engineering,College of Engineering,https://facultyinfo.unt.edu/faculty-profile?profile=sma0214#current-teaching
Srinivasan G. Srivilliputhur,Professor,977,Materials Science and Engineering,College of Engineering,https://facultyinfo.unt.edu/faculty-profile?profile=sgs0082#current-teaching
Sundeep Mukherjee,Professor,978,Materials Science and Engineering,College of Engineering,https://facultyinfo.unt.edu/faculty-profile?profile=sm0694#current-teaching
Thomas W. Scharf,Professor,979,Materials Science and Engineering,College of Engineering,https://facultyinfo.unt.edu/faculty-profile?profile=tws0041#current-teaching
Vijay K. Vasudevan,Professor,980,Materials Science and Engineering,College of Engineering,https://facultyinfo.unt.edu/faculty-profile?profile=vkv0020#current-teaching
Wonbong Choi,Professor,981,Materials Science and Engineering,College of Engineering,https://facultyinfo.unt.edu/faculty-profile?profile=wc0151#current-teaching
Arora Amit,Research Assistant Professor,982,Materials Science and Engineering,College of Engineering,https://facultyinfo.unt.edu/faculty-profile?profile=aa0877#current-teaching
Eunho Cha,Research Assistant Professor,983,Materials Science and Engineering,College of Engineering,https://facultyinfo.unt.edu/faculty-profile?profile=ec0303#current-teaching
Priyanka Kantibhai Agrawal,Research Assistant Professor,984,Materials Science and Engineering,College of Engineering,https://facultyinfo.unt.edu/faculty-profile?profile=pka0020#current-teaching
Dwight A. Burford,Research Professor,985,Materials Science and Engineering,College of Engineering,https://facultyinfo.unt.edu/faculty-profile?profile=dab0414#current-teaching
Seifollah Nasrazadani,Academic Associate Dean,986,Mechanical Engineering,College of Engineering,https://facultyinfo.unt.edu/faculty-profile?profile=sn0017#current-teaching
Lee Wiechmann,Adjunct Faculty,987,Mechanical Engineering,College of Engineering,https://facultyinfo.unt.edu/faculty-profile?profile=lww0003#current-teaching
Nosayaba Evbuomwan,Adjunct Faculty,988,Mechanical Engineering,College of Engineering,https://facultyinfo.unt.edu/faculty-profile?profile=nfe0008#current-teaching
Thomas A. Allsup,Adjunct Faculty,989,Mechanical Engineering,College of Engineering,https://facultyinfo.unt.edu/faculty-profile?profile=taa0121#current-teaching
Jiho Lee,Assistant Professor,990,Mechanical Engineering,College of Engineering,https://facultyinfo.unt.edu/faculty-profile?profile=jl1828#current-teaching
Xinyi Xiao,Assistant Professor,991,Mechanical Engineering,College of Engineering,https://facultyinfo.unt.edu/faculty-profile?profile=xx0075#current-teaching
Hamid Sadat,Associate Professor,992,Mechanical Engineering,College of Engineering,https://facultyinfo.unt.edu/faculty-profile?profile=ss1671#current-teaching
Hector R. Siller Carrillo,Associate Professor,993,Mechanical Engineering,College of Engineering,https://facultyinfo.unt.edu/faculty-profile?profile=hrs0074#current-teaching
Maurizio Manzo,Associate Professor,994,Mechanical Engineering,College of Engineering,https://facultyinfo.unt.edu/faculty-profile?profile=mm1477#current-teaching
Zihao Zhang,Associate Professor,995,Mechanical Engineering,College of Engineering,https://facultyinfo.unt.edu/faculty-profile?profile=zz0100#current-teaching
Kuruvilla John,Chair,996,Mechanical Engineering,College of Engineering,https://facultyinfo.unt.edu/faculty-profile?profile=kj0112#current-teaching
Salar Shirkhanloo,Clinical Assistant Professor,997,Mechanical Engineering,College of Engineering,https://facultyinfo.unt.edu/faculty-profile?profile=ss3340#current-teaching
Aloysius A. Attah,Clinical Associate Professor,998,Mechanical Engineering,College of Engineering,https://facultyinfo.unt.edu/faculty-profile?profile=aa0155#current-teaching
Armita Hamidi,Clinical Associate Professor,999,Mechanical Engineering,College of Engineering,https://facultyinfo.unt.edu/faculty-profile?profile=ah1879#current-teaching
Chow C. Yalamanchili,Clinical Associate Professor,1000,Mechanical Engineering,College of Engineering,https://facultyinfo.unt.edu/faculty-profile?profile=rcy0008#current-teaching
Hassan Qandil,Clinical Associate Professor,1001,Mechanical Engineering,College of Engineering,https://facultyinfo.unt.edu/faculty-profile?profile=hdq0002#current-teaching
Orlando Bagcal,Clinical Associate Professor,1002,Mechanical Engineering,College of Engineering,https://facultyinfo.unt.edu/faculty-profile?profile=orb0024#current-teaching
Saman Rashidyan,Clinical Associate Professor,1003,Mechanical Engineering,College of Engineering,https://facultyinfo.unt.edu/faculty-profile?profile=sr0796#current-teaching
Xiaohua Li,Clinical Associate Professor,1004,Mechanical Engineering,College of Engineering,https://facultyinfo.unt.edu/faculty-profile?profile=xl0095#current-teaching
Yunwei Xu,Clinical Associate Professor,1005,Mechanical Engineering,College of Engineering,https://facultyinfo.unt.edu/faculty-profile?profile=yx0087#current-teaching
Mark E. Wasikowski,Clinical Professor,1006,Mechanical Engineering,College of Engineering,https://facultyinfo.unt.edu/faculty-profile?profile=mew0192#current-teaching
Kawalpreet Kaur,Lecturer,1007,Mechanical Engineering,College of Engineering,https://facultyinfo.unt.edu/faculty-profile?profile=kk1444#current-teaching
Cheng Yu,Professor,1008,Mechanical Engineering,College of Engineering,https://facultyinfo.unt.edu/faculty-profile?profile=cy0069#current-teaching
Haifeng Zhang,Professor,1009,Mechanical Engineering,College of Engineering,https://facultyinfo.unt.edu/faculty-profile?profile=hz0040#current-teaching
Huseyin Bostanci,Professor,1010,Mechanical Engineering,College of Engineering,https://facultyinfo.unt.edu/faculty-profile?profile=hb0108#current-teaching
Nourredine Boubekri,Professor,1011,Mechanical Engineering,College of Engineering,https://facultyinfo.unt.edu/faculty-profile?profile=nb0085#current-teaching
Reza A. A.R. Mirshams,Professor,1012,Mechanical Engineering,College of Engineering,https://facultyinfo.unt.edu/faculty-profile?profile=ram0064#current-teaching
Sheldon Q. Shi,Professor,1013,Mechanical Engineering,College of Engineering,https://facultyinfo.unt.edu/faculty-profile?profile=sqs0003#current-teaching
Taeyul Choi,Professor,1014,Mechanical Engineering,College of Engineering,https://facultyinfo.unt.edu/faculty-profile?profile=tc0134#current-teaching
Vish Prasad,Professor,1015,Mechanical Engineering,College of Engineering,https://facultyinfo.unt.edu/faculty-profile?profile=vp0063#current-teaching
Zhenhua Huang,Professor,1016,Mechanical Engineering,College of Engineering,https://facultyinfo.unt.edu/faculty-profile?profile=zh0024#current-teaching
Athira Ayyappankutty,Teaching Fellow,1017,Mechanical Engineering,College of Engineering,https://facultyinfo.unt.edu/faculty-profile?profile=aa3230#current-teaching
Chakra Chand,Teaching Fellow,1018,Mechanical Engineering,College of Engineering,https://facultyinfo.unt.edu/faculty-profile?profile=cbc0211#current-teaching
Daitva Bali,Teaching Fellow,1019,Mechanical Engineering,College of Engineering,https://facultyinfo.unt.edu/faculty-profile?profile=db0532#current-teaching
Hossain Ahmed,Teaching Fellow,1020,Mechanical Engineering,College of Engineering,https://facultyinfo.unt.edu/faculty-profile?profile=ha0262#current-teaching
Karan Kakroo,Teaching Fellow,1021,Mechanical Engineering,College of Engineering,https://facultyinfo.unt.edu/faculty-profile?profile=kk0568#current-teaching
Mahan Ghosh,Teaching Fellow,1022,Mechanical Engineering,College of Engineering,https://facultyinfo.unt.edu/faculty-profile?profile=mg0892#current-teaching
Min Kim,Adjunct Faculty,1023,Public Administration,College of Health and Public Service,https://facultyinfo.unt.edu/faculty-profile?profile=mk0011#current-teaching
Wei Liu,Adjunct Faculty,1024,Public Administration,College of Health and Public Service,https://facultyinfo.unt.edu/faculty-profile?profile=wl0258#current-teaching
Xuhui Fan,Assistant Professor,1025,Information Science,College of Information,https://facultyinfo.unt.edu/faculty-profile?profile=xf0053#current-teaching
Yaqiong Li,Clinical Assistant Professor,1026,Information Science,College of Information,https://facultyinfo.unt.edu/faculty-profile?profile=yl0775#current-teaching
Alqahtani Sameer,Teaching Fellow,1027,Information Science,College of Information,https://facultyinfo.unt.edu/faculty-profile?profile=sa0965#current-teaching
Alaina Doyle,Adjunct Faculty,1028,Learning Technologies,College of Information,https://facultyinfo.unt.edu/faculty-profile?profile=amd0123#current-teaching
Crystal Maria M. Wagner,Lecturer,1029,,College of Liberal Arts and Social Sciences,https://facultyinfo.unt.edu/faculty-profile?profile=cb0475#current-teaching
Albert Bimper,Provost,1030,,College of Liberal Arts and Social Sciences,https://facultyinfo.unt.edu/faculty-profile?profile=ayb0040#current-teaching
Richard Williams,Teaching Fellow,1031,,College of Liberal Arts and Social Sciences,https://facultyinfo.unt.edu/faculty-profile?profile=raw0251#current-teaching
Salma Garcia,Teaching Fellow,1032,,College of Liberal Arts and Social Sciences,https://facultyinfo.unt.edu/faculty-profile?profile=sjg0194#current-teaching
Jessica Guerra,Adjunct Faculty,1033,Aerospace Studies,College of Liberal Arts and Social Sciences,https://facultyinfo.unt.edu/faculty-profile?profile=jg1760#current-teaching
Justin Perez,Adjunct Faculty,1034,Aerospace Studies,College of Liberal Arts and Social Sciences,https://facultyinfo.unt.edu/faculty-profile?profile=jmp0676#current-teaching
Sarah Ann Garvin,Adjunct Faculty,1035,Aerospace Studies,College of Liberal Arts and Social Sciences,https://facultyinfo.unt.edu/faculty-profile?profile=sag0341#current-teaching
Matthew Campise,Chair,1036,Aerospace Studies,College of Liberal Arts and Social Sciences,https://facultyinfo.unt.edu/faculty-profile?profile=mc1715#current-teaching
Kenneth James,Lecturer,1037,Aerospace Studies,College of Liberal Arts and Social Sciences,https://facultyinfo.unt.edu/faculty-profile?profile=kj0492#current-teaching
Jody Addison,Professor,1038,Aerospace Studies,College of Liberal Arts and Social Sciences,https://facultyinfo.unt.edu/faculty-profile?profile=ja0440#current-teaching
Carla K. Paschal,Adjunct Faculty,1039,Anthropology,College of Liberal Arts and Social Sciences,https://facultyinfo.unt.edu/faculty-profile?profile=ckp0037#current-teaching
Giamarqo Giamarqo,Adjunct Faculty,1040,Anthropology,College of Liberal Arts and Social Sciences,https://facultyinfo.unt.edu/faculty-profile?profile=gg0362#current-teaching
Hannah Macintyre,Adjunct Faculty,1041,Anthropology,College of Liberal Arts and Social Sciences,https://facultyinfo.unt.edu/faculty-profile?profile=hem0008#current-teaching
Kara B. Griffin,Adjunct Faculty,1042,Anthropology,College of Liberal Arts and Social Sciences,https://facultyinfo.unt.edu/faculty-profile?profile=kbf0003#current-teaching
Kelly A. McFarland,Adjunct Faculty,1043,Anthropology,College of Liberal Arts and Social Sciences,https://facultyinfo.unt.edu/faculty-profile?profile=kah0008#current-teaching
Kelsey Lee,Adjunct Faculty,1044,Anthropology,College of Liberal Arts and Social Sciences,https://facultyinfo.unt.edu/faculty-profile?profile=kel0195#current-teaching
Kimberly T. Wren,Adjunct Faculty,1045,Anthropology,College of Liberal Arts and Social Sciences,https://facultyinfo.unt.edu/faculty-profile?profile=ktw0060#current-teaching
Natalie Morrissey,Adjunct Faculty,1046,Anthropology,College of Liberal Arts and Social Sciences,https://facultyinfo.unt.edu/faculty-profile?profile=nnm0036#current-teaching
Shannon Cronin,Adjunct Faculty,1047,Anthropology,College of Liberal Arts and Social Sciences,https://facultyinfo.unt.edu/faculty-profile?profile=sbc0110#current-teaching
Whitney Williams,Adjunct Faculty,1048,Anthropology,College of Liberal Arts and Social Sciences,https://facultyinfo.unt.edu/faculty-profile?profile=waw0001 #current-teaching
Chelsea Hunter,Assistant Professor,1049,Anthropology,College of Liberal Arts and Social Sciences,https://facultyinfo.unt.edu/faculty-profile?profile=ceh0222#current-teaching
Karine Narahara,Assistant Professor,1050,Anthropology,College of Liberal Arts and Social Sciences,https://facultyinfo.unt.edu/faculty-profile?profile=kn0430#current-teaching
Andrew S. Nelson,Associate Professor,1051,Anthropology,College of Liberal Arts and Social Sciences,https://facultyinfo.unt.edu/faculty-profile?profile=asn0037#current-teaching
Doug Henry,Chair,1052,Anthropology,College of Liberal Arts and Social Sciences,https://facultyinfo.unt.edu/faculty-profile?profile=mdh0018#current-teaching
Susan E. Squires,Modified Service Retiree,1053,Anthropology,College of Liberal Arts and Social Sciences,https://facultyinfo.unt.edu/faculty-profile?profile=ses0345#current-teaching
Alicia Re Cruz,Professor,1054,Anthropology,College of Liberal Arts and Social Sciences,https://facultyinfo.unt.edu/faculty-profile?profile=car0001#current-teaching
Christina Wasson,Professor,1055,Anthropology,College of Liberal Arts and Social Sciences,https://facultyinfo.unt.edu/faculty-profile?profile=cw0054#current-teaching
Lisa R. Henry,Professor,1056,Anthropology,College of Liberal Arts and Social Sciences,https://facultyinfo.unt.edu/faculty-profile?profile=lrh0004#current-teaching
Mariela E. Nunez-Janes,Professor,1057,Anthropology,College of Liberal Arts and Social Sciences,https://facultyinfo.unt.edu/faculty-profile?profile=men0019#current-teaching
Jamie K. Johnson,Senior Lecturer,1058,Anthropology,College of Liberal Arts and Social Sciences,https://facultyinfo.unt.edu/faculty-profile?profile=jkj0007#current-teaching
Jara M. Carrington,Senior Lecturer,1059,Anthropology,College of Liberal Arts and Social Sciences,https://facultyinfo.unt.edu/faculty-profile?profile=jmc0150#current-teaching
Melissa A. Nelson,Senior Lecturer,1060,Anthropology,College of Liberal Arts and Social Sciences,https://facultyinfo.unt.edu/faculty-profile?profile=man0170#current-teaching
Keith W. Brown,Staff,1061,Anthropology,College of Liberal Arts and Social Sciences,https://facultyinfo.unt.edu/faculty-profile?profile=kwb0001#current-teaching
Bailey J. Parrish,Adjunct Faculty,1062,Communication Studies,College of Liberal Arts and Social Sciences,https://facultyinfo.unt.edu/faculty-profile?profile=bjp0134#current-teaching
Jennifer M. Gray,Adjunct Faculty,1063,Communication Studies,College of Liberal Arts and Social Sciences,https://facultyinfo.unt.edu/faculty-profile?profile=jdm0031#current-teaching
Joaquin Torre Jr,Adjunct Faculty,1064,Communication Studies,College of Liberal Arts and Social Sciences,https://facultyinfo.unt.edu/faculty-profile?profile=jvt0023#current-teaching
Melodee L. Sova,Adjunct Faculty,1065,Communication Studies,College of Liberal Arts and Social Sciences,https://facultyinfo.unt.edu/faculty-profile?profile=mls0337#current-teaching
Rebecca Boneau,Adjunct Faculty,1066,Communication Studies,College of Liberal Arts and Social Sciences,https://facultyinfo.unt.edu/faculty-profile?profile=rdb0137#current-teaching
Rowdy Farmer,Adjunct Faculty,1067,Communication Studies,College of Liberal Arts and Social Sciences,https://facultyinfo.unt.edu/faculty-profile?profile=rdf0092#current-teaching
Elizabeth Melton,Assistant Professor,1068,Communication Studies,College of Liberal Arts and Social Sciences,https://facultyinfo.unt.edu/faculty-profile?profile=emm0412#current-teaching
Sasha J. Sanders,Assistant Professor,1069,Communication Studies,College of Liberal Arts and Social Sciences,https://facultyinfo.unt.edu/faculty-profile?profile=sjs0424#current-teaching
Iftekhar Ahmed,Associate Professor,1070,Communication Studies,College of Liberal Arts and Social Sciences,https://facultyinfo.unt.edu/faculty-profile?profile=ia0093#current-teaching
Joseph McGlynn,Associate Professor,1071,Communication Studies,College of Liberal Arts and Social Sciences,https://facultyinfo.unt.edu/faculty-profile?profile=jm0055#current-teaching
Justin Trudeau,Associate Professor,1072,Communication Studies,College of Liberal Arts and Social Sciences,https://facultyinfo.unt.edu/faculty-profile?profile=jt0137#current-teaching
Matthew M. Heard,Associate Professor,1073,Communication Studies,College of Liberal Arts and Social Sciences,https://facultyinfo.unt.edu/faculty-profile?profile=mh0301#current-teaching
Megan E. Morrissey,Associate Professor,1074,Communication Studies,College of Liberal Arts and Social Sciences,https://facultyinfo.unt.edu/faculty-profile?profile=mem0451#current-teaching
Zuoming Wang,Associate Professor,1075,Communication Studies,College of Liberal Arts and Social Sciences,https://facultyinfo.unt.edu/faculty-profile?profile=zw0024#current-teaching
Suzanne M. Enck,Chair,1076,Communication Studies,College of Liberal Arts and Social Sciences,https://facultyinfo.unt.edu/faculty-profile?profile=sme0081#current-teaching
Holley A. Vaughn,Principal Lecturer,1077,Communication Studies,College of Liberal Arts and Social Sciences,https://facultyinfo.unt.edu/faculty-profile?profile=hav0003#current-teaching
Karen A. Anderson-Lain,Principal Lecturer,1078,Communication Studies,College of Liberal Arts and Social Sciences,https://facultyinfo.unt.edu/faculty-profile?profile=kaa0087#current-teaching
Lori Byers,Principal Lecturer,1079,Communication Studies,College of Liberal Arts and Social Sciences,https://facultyinfo.unt.edu/faculty-profile?profile=lab0032#current-teaching
Brian A. Lain,Professor,1080,Communication Studies,College of Liberal Arts and Social Sciences,https://facultyinfo.unt.edu/faculty-profile?profile=bal0014#current-teaching
Brian K. Richardson,Professor,1081,Communication Studies,College of Liberal Arts and Social Sciences,https://facultyinfo.unt.edu/faculty-profile?profile=bkr0016#current-teaching
Erin A. O'Connor,Senior Lecturer,1082,Communication Studies,College of Liberal Arts and Social Sciences,https://facultyinfo.unt.edu/faculty-profile?profile=eao0082#current-teaching
Louis Petit,Senior Lecturer,1083,Communication Studies,College of Liberal Arts and Social Sciences,https://facultyinfo.unt.edu/faculty-profile?profile=lp0128#current-teaching
Joshua Brandon,Teaching Fellow,1084,Communication Studies,College of Liberal Arts and Social Sciences,https://facultyinfo.unt.edu/faculty-profile?profile=jrb0493#current-teaching
Andrew Davis,Visiting Assistant Professor,1085,Communication Studies,College of Liberal Arts and Social Sciences,https://facultyinfo.unt.edu/faculty-profile?profile=agd0158#current-teaching
Shannon Smith,,1086,Dance and Theatre,College of Liberal Arts and Social Sciences,https://facultyinfo.unt.edu/faculty-profile?profile=sas0696#current-teaching
Adrienne Khouri,Adjunct Faculty,1087,Dance and Theatre,College of Liberal Arts and Social Sciences,https://facultyinfo.unt.edu/faculty-profile?profile=ask0222#current-teaching
Angela Malone,Adjunct Faculty,1088,Dance and Theatre,College of Liberal Arts and Social Sciences,https://facultyinfo.unt.edu/faculty-profile?profile=adb0049#current-teaching
Annalise Boydston,Adjunct Faculty,1089,Dance and Theatre,College of Liberal Arts and Social Sciences,https://facultyinfo.unt.edu/faculty-profile?profile=amb0450#current-teaching
Cynthia Beene,Adjunct Faculty,1090,Dance and Theatre,College of Liberal Arts and Social Sciences,https://facultyinfo.unt.edu/faculty-profile?profile=cb0802#current-teaching
Dori R. Leeman,Adjunct Faculty,1091,Dance and Theatre,College of Liberal Arts and Social Sciences,https://facultyinfo.unt.edu/faculty-profile?profile=drl0114#current-teaching
Emi Matsushita,Adjunct Faculty,1092,Dance and Theatre,College of Liberal Arts and Social Sciences,https://facultyinfo.unt.edu/faculty-profile?profile=elm0272#current-teaching
Emily Jensen,Adjunct Faculty,1093,Dance and Theatre,College of Liberal Arts and Social Sciences,https://facultyinfo.unt.edu/faculty-profile?profile=ecj0064#current-teaching
Jake Blakeman,Adjunct Faculty,1094,Dance and Theatre,College of Liberal Arts and Social Sciences,https://facultyinfo.unt.edu/faculty-profile?profile=jpb0221#current-teaching
Jocelyn Schimpf,Adjunct Faculty,1095,Dance and Theatre,College of Liberal Arts and Social Sciences,https://facultyinfo.unt.edu/faculty-profile?profile=jvs0031#current-teaching
Julie E. Brinker,Adjunct Faculty,1096,Dance and Theatre,College of Liberal Arts and Social Sciences,https://facultyinfo.unt.edu/faculty-profile?profile=jeb0396#current-teaching
Kjirsten A. Hagedorn,Adjunct Faculty,1097,Dance and Theatre,College of Liberal Arts and Social Sciences,https://facultyinfo.unt.edu/faculty-profile?profile=kh0579#current-teaching
Lisa M. Devine,Adjunct Faculty,1098,Dance and Theatre,College of Liberal Arts and Social Sciences,https://facultyinfo.unt.edu/faculty-profile?profile=lmd0235#current-teaching
Nic McMinn,Adjunct Faculty,1099,Dance and Theatre,College of Liberal Arts and Social Sciences,https://facultyinfo.unt.edu/faculty-profile?profile=rm1942#current-teaching
Nick Cutelli,Adjunct Faculty,1100,Dance and Theatre,College of Liberal Arts and Social Sciences,https://facultyinfo.unt.edu/faculty-profile?profile=ncc0101#current-teaching
Nick Lynch-Voris,Adjunct Faculty,1101,Dance and Theatre,College of Liberal Arts and Social Sciences,https://facultyinfo.unt.edu/faculty-profile?profile=ncl0056#current-teaching
Sarah Tran,Adjunct Faculty,1102,Dance and Theatre,College of Liberal Arts and Social Sciences,https://facultyinfo.unt.edu/faculty-profile?profile=tt0250#current-teaching
Zoe Settle,Adjunct Faculty,1103,Dance and Theatre,College of Liberal Arts and Social Sciences,https://facultyinfo.unt.edu/faculty-profile?profile=zms0051#current-teaching
Robert A. Hess,Associate Professor,1104,Dance and Theatre,College of Liberal Arts and Social Sciences,https://facultyinfo.unt.edu/faculty-profile?profile=rah0249#current-teaching
Steven J. Wolverton,Chair,1105,Dance and Theatre,College of Liberal Arts and Social Sciences,https://facultyinfo.unt.edu/faculty-profile?profile=sjw0095#current-teaching
Alex Heder,Lecturer,1106,Dance and Theatre,College of Liberal Arts and Social Sciences,https://facultyinfo.unt.edu/faculty-profile?profile=ah1809#current-teaching
Amelia Otto,Lecturer,1107,Dance and Theatre,College of Liberal Arts and Social Sciences,https://facultyinfo.unt.edu/faculty-profile?profile=ao0432#current-teaching
Matthew C. Mckinney,Lecturer,1108,Dance and Theatre,College of Liberal Arts and Social Sciences,https://facultyinfo.unt.edu/faculty-profile?profile=mcm0500#current-teaching
Nathan I. Autrey,Lecturer,1109,Dance and Theatre,College of Liberal Arts and Social Sciences,https://facultyinfo.unt.edu/faculty-profile?profile=nia0004#current-teaching
Reyna S. Mondragon,Lecturer,1110,Dance and Theatre,College of Liberal Arts and Social Sciences,https://facultyinfo.unt.edu/faculty-profile?profile=msr0155#current-teaching
Sarah L. Rutan,Lecturer,1111,Dance and Theatre,College of Liberal Arts and Social Sciences,https://facultyinfo.unt.edu/faculty-profile?profile=slr0334#current-teaching
Whitney L. Geldon,Lecturer,1112,Dance and Theatre,College of Liberal Arts and Social Sciences,https://facultyinfo.unt.edu/faculty-profile?profile=wlb0085#current-teaching
Donna M. Marquet,Principal Lecturer,1113,Dance and Theatre,College of Liberal Arts and Social Sciences,https://facultyinfo.unt.edu/faculty-profile?profile=dmm0381#current-teaching
Adam H. Chamberlin,Professor,1114,Dance and Theatre,College of Liberal Arts and Social Sciences,https://facultyinfo.unt.edu/faculty-profile?profile=ahc0046#current-teaching
Lorenzo Garcia,Professor,1115,Dance and Theatre,College of Liberal Arts and Social Sciences,https://facultyinfo.unt.edu/faculty-profile?profile=lg0027#current-teaching
Marjorie Hayes,Professor,1116,Dance and Theatre,College of Liberal Arts and Social Sciences,https://facultyinfo.unt.edu/faculty-profile?profile=mh0011#current-teaching
Sally M. Vahle,Professor,1117,Dance and Theatre,College of Liberal Arts and Social Sciences,https://facultyinfo.unt.edu/faculty-profile?profile=smv0033#current-teaching
Laura E. Berrios,Visiting Lecturer,1118,Dance and Theatre,College of Liberal Arts and Social Sciences,https://facultyinfo.unt.edu/faculty-profile?profile=leb0213#current-teaching
William Stockstill,Visiting Lecturer,1119,Dance and Theatre,College of Liberal Arts and Social Sciences,https://facultyinfo.unt.edu/faculty-profile?profile=wcs0069#current-teaching
Brentt Petika,Adjunct Faculty,1120,Dean's Office,College of Liberal Arts and Social Sciences,https://facultyinfo.unt.edu/faculty-profile?profile=bpp0042#current-teaching
Erin Donahoe-Rankin,Adjunct Faculty,1121,Dean's Office,College of Liberal Arts and Social Sciences,https://facultyinfo.unt.edu/faculty-profile?profile=emd0152#current-teaching
Katherine A. Jenkins,Adjunct Faculty,1122,Dean's Office,College of Liberal Arts and Social Sciences,https://facultyinfo.unt.edu/faculty-profile?profile=kaj0128#current-teaching
Missy Eenigenburg,Adjunct Faculty,1123,Dean's Office,College of Liberal Arts and Social Sciences,https://facultyinfo.unt.edu/faculty-profile?profile=mde0011#current-teaching
Samantha Pollard,Adjunct Faculty,1124,Dean's Office,College of Liberal Arts and Social Sciences,https://facultyinfo.unt.edu/faculty-profile?profile=sjr0198#current-teaching
Tricia K. Rodriguez,Adjunct Faculty,1125,Dean's Office,College of Liberal Arts and Social Sciences,https://facultyinfo.unt.edu/faculty-profile?profile=pkr0031#current-teaching
Zach Yeager,Adjunct Faculty,1126,Dean's Office,College of Liberal Arts and Social Sciences,https://facultyinfo.unt.edu/faculty-profile?profile=zly0002#current-teaching
Steven L. Cobb,Interim Dean,1127,Dean's Office,College of Liberal Arts and Social Sciences,https://facultyinfo.unt.edu/faculty-profile?profile=slc0014#current-teaching
Alexandra Rouse,Staff,1128,Dean's Office,College of Liberal Arts and Social Sciences,https://facultyinfo.unt.edu/faculty-profile?profile=apr0052#current-teaching
Eva Schaffer,Adjunct Faculty,1129,Economics,College of Liberal Arts and Social Sciences,https://facultyinfo.unt.edu/faculty-profile?profile=ejs0006#current-teaching
Kaycee C. Washington,Adjunct Faculty,1130,Economics,College of Liberal Arts and Social Sciences,https://facultyinfo.unt.edu/faculty-profile?profile=kw0001#current-teaching
Meenakshi Beri,Adjunct Faculty,1131,Economics,College of Liberal Arts and Social Sciences,https://facultyinfo.unt.edu/faculty-profile?profile=mb0775#current-teaching
Hanchen Jiang,Assistant Professor,1132,Economics,College of Liberal Arts and Social Sciences,https://facultyinfo.unt.edu/faculty-profile?profile=hj0192#current-teaching
Yang Zhou,Assistant Professor,1133,Economics,College of Liberal Arts and Social Sciences,https://facultyinfo.unt.edu/faculty-profile?profile=yz0312#current-teaching
David J. Molina,Associate Professor,1134,Economics,College of Liberal Arts and Social Sciences,https://facultyinfo.unt.edu/faculty-profile?profile=djm0041#current-teaching
Margie A. Tieslau,Associate Professor,1135,Economics,College of Liberal Arts and Social Sciences,https://facultyinfo.unt.edu/faculty-profile?profile=mat0026#current-teaching
Myungsup Kim,Associate Professor,1136,Economics,College of Liberal Arts and Social Sciences,https://facultyinfo.unt.edu/faculty-profile?profile=mk0227#current-teaching
Xi Yang,Associate Professor,1137,Economics,College of Liberal Arts and Social Sciences,https://facultyinfo.unt.edu/faculty-profile?profile=xy0057#current-teaching
Jeffrey J. Rous,Chair,1138,Economics,College of Liberal Arts and Social Sciences,https://facultyinfo.unt.edu/faculty-profile?profile=jjr0007#current-teaching
Guillermo Covarrubias,Principal Lecturer,1139,Economics,College of Liberal Arts and Social Sciences,https://facultyinfo.unt.edu/faculty-profile?profile=gc0225#current-teaching
Harry Ellis,Principal Lecturer,1140,Economics,College of Liberal Arts and Social Sciences,https://facultyinfo.unt.edu/faculty-profile?profile=he0007#current-teaching
Jiyoung Kwon,Principal Lecturer,1141,Economics,College of Liberal Arts and Social Sciences,https://facultyinfo.unt.edu/faculty-profile?profile=jk0201#current-teaching
Kari L. Battaglia,Principal Lecturer,1142,Economics,College of Liberal Arts and Social Sciences,https://facultyinfo.unt.edu/faculty-profile?profile=klb0044#current-teaching
Guohua Feng,Professor,1143,Economics,College of Liberal Arts and Social Sciences,https://facultyinfo.unt.edu/faculty-profile?profile=gf0050#current-teaching
Janice A. Hauge,Professor,1144,Economics,College of Liberal Arts and Social Sciences,https://facultyinfo.unt.edu/faculty-profile?profile=jah0135#current-teaching
Michael C. Carroll,Professor,1145,Economics,College of Liberal Arts and Social Sciences,https://facultyinfo.unt.edu/faculty-profile?profile=mcc0225#current-teaching
Michael L. Nieswiadomy,Professor,1146,Economics,College of Liberal Arts and Social Sciences,https://facultyinfo.unt.edu/faculty-profile?profile=mln0004#current-teaching
Bryan Dickson,Senior Lecturer,1147,Economics,College of Liberal Arts and Social Sciences,https://facultyinfo.unt.edu/faculty-profile?profile=bsd0001#current-teaching
Dan Zhao,Senior Lecturer,1148,Economics,College of Liberal Arts and Social Sciences,https://facultyinfo.unt.edu/faculty-profile?profile=xz0157#current-teaching
Cyrus Figiel,Teaching Fellow,1149,Economics,College of Liberal Arts and Social Sciences,https://facultyinfo.unt.edu/faculty-profile?profile=cmf0267#current-teaching
Fatima Bankole,Teaching Fellow,1150,Economics,College of Liberal Arts and Social Sciences,https://facultyinfo.unt.edu/faculty-profile?profile=fab0068#current-teaching
Issac Hunter,Teaching Fellow,1151,Economics,College of Liberal Arts and Social Sciences,https://facultyinfo.unt.edu/faculty-profile?profile=ith0006#current-teaching
Letitia Wangoya,Teaching Fellow,1152,Economics,College of Liberal Arts and Social Sciences,https://facultyinfo.unt.edu/faculty-profile?profile=lo0140#current-teaching
Munachim Onuoha,Teaching Fellow,1153,Economics,College of Liberal Arts and Social Sciences,https://facultyinfo.unt.edu/faculty-profile?profile=mao0242#current-teaching
Sakir Inteser,Teaching Fellow,1154,Economics,College of Liberal Arts and Social Sciences,https://facultyinfo.unt.edu/faculty-profile?profile=si0264#current-teaching
Shaquer Tazware,Teaching Fellow,1155,Economics,College of Liberal Arts and Social Sciences,https://facultyinfo.unt.edu/faculty-profile?profile=st1946#current-teaching
Thomas Mowery,Teaching Fellow,1156,Economics,College of Liberal Arts and Social Sciences,https://facultyinfo.unt.edu/faculty-profile?profile=tdm0266#current-teaching
Tyler Rodriguez,Teaching Fellow,1157,Economics,College of Liberal Arts and Social Sciences,https://facultyinfo.unt.edu/faculty-profile?profile=twr0048#current-teaching
William Higdon,Teaching Fellow,1158,Economics,College of Liberal Arts and Social Sciences,https://facultyinfo.unt.edu/faculty-profile?profile=weh0051#current-teaching
Taylor Matthys,Visiting Lecturer,1159,Economics,College of Liberal Arts and Social Sciences,https://facultyinfo.unt.edu/faculty-profile?profile=tac0251#current-teaching
Lukas Najera,,1160,English,College of Liberal Arts and Social Sciences,https://facultyinfo.unt.edu/faculty-profile?profile=jn0227#current-teaching
Allegra V. Davis Hanna,Adjunct Faculty,1161,English,College of Liberal Arts and Social Sciences,https://facultyinfo.unt.edu/faculty-profile?profile=avd0004#current-teaching
Amy A. Montoya,Adjunct Faculty,1162,English,College of Liberal Arts and Social Sciences,https://facultyinfo.unt.edu/faculty-profile?profile=aas0008#current-teaching
Annmarie Woods,Adjunct Faculty,1163,English,College of Liberal Arts and Social Sciences,https://facultyinfo.unt.edu/faculty-profile?profile=ajw0398#current-teaching
Ben R. Abercrombie,Adjunct Faculty,1164,English,College of Liberal Arts and Social Sciences,https://facultyinfo.unt.edu/faculty-profile?profile=bra0051#current-teaching
Bruce C. Bond,Adjunct Faculty,1165,English,College of Liberal Arts and Social Sciences,https://facultyinfo.unt.edu/faculty-profile?profile=bcb0018#current-teaching
Carolyn Briggs,Adjunct Faculty,1166,English,College of Liberal Arts and Social Sciences,https://facultyinfo.unt.edu/faculty-profile?profile=csb0278#current-teaching
Christopher Roberts,Adjunct Faculty,1167,English,College of Liberal Arts and Social Sciences,https://facultyinfo.unt.edu/faculty-profile?profile=cmr0209#current-teaching
Danielle Kotrla,Adjunct Faculty,1168,English,College of Liberal Arts and Social Sciences,https://facultyinfo.unt.edu/faculty-profile?profile=drk0083#current-teaching
David Whelan,Adjunct Faculty,1169,English,College of Liberal Arts and Social Sciences,https://facultyinfo.unt.edu/faculty-profile?profile=dpw0007#current-teaching
Destinee Norman,Adjunct Faculty,1170,English,College of Liberal Arts and Social Sciences,https://facultyinfo.unt.edu/faculty-profile?profile=dln0075#current-teaching
James Don Stevens,Adjunct Faculty,1171,English,College of Liberal Arts and Social Sciences,https://facultyinfo.unt.edu/faculty-profile?profile=jds0579#current-teaching
Jennifer N. Tullos,Adjunct Faculty,1172,English,College of Liberal Arts and Social Sciences,https://facultyinfo.unt.edu/faculty-profile?profile=jnt0106#current-teaching
Joshua E. Ibarra,Adjunct Faculty,1173,English,College of Liberal Arts and Social Sciences,https://facultyinfo.unt.edu/faculty-profile?profile=jei0020#current-teaching
Katherine Schneider,Adjunct Faculty,1174,English,College of Liberal Arts and Social Sciences,https://facultyinfo.unt.edu/faculty-profile?profile=kas0535#current-teaching
Kathleen Long,Adjunct Faculty,1175,English,College of Liberal Arts and Social Sciences,https://facultyinfo.unt.edu/faculty-profile?profile=kel0216#current-teaching
Kristen M. Jackson,Adjunct Faculty,1176,English,College of Liberal Arts and Social Sciences,https://facultyinfo.unt.edu/faculty-profile?profile=kmj0198#current-teaching
Kyle Kaczmarick,Adjunct Faculty,1177,English,College of Liberal Arts and Social Sciences,https://facultyinfo.unt.edu/faculty-profile?profile=kjk0113#current-teaching
Lauren J. Rogener,Adjunct Faculty,1178,English,College of Liberal Arts and Social Sciences,https://facultyinfo.unt.edu/faculty-profile?profile=ljr0074#current-teaching
Mariah L. Steele,Adjunct Faculty,1179,English,College of Liberal Arts and Social Sciences,https://facultyinfo.unt.edu/faculty-profile?profile=mls0472#current-teaching
Megan Bryan,Adjunct Faculty,1180,English,College of Liberal Arts and Social Sciences,https://facultyinfo.unt.edu/faculty-profile?profile=mhb0083#current-teaching
Rhonda Lewis,Adjunct Faculty,1181,English,College of Liberal Arts and Social Sciences,https://facultyinfo.unt.edu/faculty-profile?profile=rll0135#current-teaching
Shannon M. Abbott,Adjunct Faculty,1182,English,College of Liberal Arts and Social Sciences,https://facultyinfo.unt.edu/faculty-profile?profile=sma0071#current-teaching
Spencer D. Keralis,Adjunct Faculty,1183,English,College of Liberal Arts and Social Sciences,https://facultyinfo.unt.edu/faculty-profile?profile=sdk0084#current-teaching
Staci Gentry,Adjunct Faculty,1184,English,College of Liberal Arts and Social Sciences,https://facultyinfo.unt.edu/faculty-profile?profile=smg0308#current-teaching
Stacy Short,Adjunct Faculty,1185,English,College of Liberal Arts and Social Sciences,https://facultyinfo.unt.edu/faculty-profile?profile=sks0170#current-teaching
Triana Burroughs,Adjunct Faculty,1186,English,College of Liberal Arts and Social Sciences,https://facultyinfo.unt.edu/faculty-profile?profile=krb0051#current-teaching
Yubraj Aryal,Adjunct Faculty,1187,English,College of Liberal Arts and Social Sciences,https://facultyinfo.unt.edu/faculty-profile?profile=ya0174#current-teaching
Anna L. Hinton,Assistant Professor,1188,English,College of Liberal Arts and Social Sciences,https://facultyinfo.unt.edu/faculty-profile?profile=alh0541#current-teaching
Devin M. Garofalo,Assistant Professor,1189,English,College of Liberal Arts and Social Sciences,https://facultyinfo.unt.edu/faculty-profile?profile=dmg0238#current-teaching
Ishanika Sharma,Assistant Professor,1190,English,College of Liberal Arts and Social Sciences,https://facultyinfo.unt.edu/faculty-profile?profile=is0412#current-teaching
Joanna C. Davis-McElligatt,Assistant Professor,1191,English,College of Liberal Arts and Social Sciences,https://facultyinfo.unt.edu/faculty-profile?profile=jcd0230#current-teaching
Kimberly Grey,Assistant Professor,1192,English,College of Liberal Arts and Social Sciences,https://facultyinfo.unt.edu/faculty-profile?profile=kg0687#current-teaching
Liane M. Malinowski,Assistant Professor,1193,English,College of Liberal Arts and Social Sciences,https://facultyinfo.unt.edu/faculty-profile?profile=lmm0439#current-teaching
Sarah Perry,Assistant Professor,1194,English,College of Liberal Arts and Social Sciences,https://facultyinfo.unt.edu/faculty-profile?profile=sp2225#current-teaching
Tarfia Faizullah,Assistant Professor,1195,English,College of Liberal Arts and Social Sciences,https://facultyinfo.unt.edu/faculty-profile?profile=tf0165#current-teaching
Darin Bradley,Assistant Professor of Practice,1196,English,College of Liberal Arts and Social Sciences,https://facultyinfo.unt.edu/faculty-profile?profile=dcb0004#current-teaching
Aja Y. Martinez,Associate Professor,1197,English,College of Liberal Arts and Social Sciences,https://facultyinfo.unt.edu/faculty-profile?profile=aym0059#current-teaching
Angela M. Calcaterra,Associate Professor,1198,English,College of Liberal Arts and Social Sciences,https://facultyinfo.unt.edu/faculty-profile?profile=amc0638#current-teaching
Daniel Pena,Associate Professor,1199,English,College of Liberal Arts and Social Sciences,https://facultyinfo.unt.edu/faculty-profile?profile=dp1368#current-teaching
Jaime J. Rodriguez,Associate Professor,1200,English,College of Liberal Arts and Social Sciences,https://facultyinfo.unt.edu/faculty-profile?profile=jjr0120#current-teaching
Jeffrey S. Doty,Associate Professor,1201,English,College of Liberal Arts and Social Sciences,https://facultyinfo.unt.edu/faculty-profile?profile=jsd0011#current-teaching
John A. Tait,Associate Professor,1202,English,College of Liberal Arts and Social Sciences,https://facultyinfo.unt.edu/faculty-profile?profile=jat0048#current-teaching
Nicole D. Smith,Chair,1203,English,College of Liberal Arts and Social Sciences,https://facultyinfo.unt.edu/faculty-profile?profile=nds0037#current-teaching
Abigayle Farrier,Lecturer,1204,English,College of Liberal Arts and Social Sciences,https://facultyinfo.unt.edu/faculty-profile?profile=aaf0164#current-teaching
Adam M. Villalobos,Lecturer,1205,English,College of Liberal Arts and Social Sciences,https://facultyinfo.unt.edu/faculty-profile?profile=jmv0166#current-teaching
Carly L. Susser,Lecturer,1206,English,College of Liberal Arts and Social Sciences,https://facultyinfo.unt.edu/faculty-profile?profile=cls0533#current-teaching
Craig Cieslikowski,Lecturer,1207,English,College of Liberal Arts and Social Sciences,https://facultyinfo.unt.edu/faculty-profile?profile=cac0866#current-teaching
Jennifer Kraemer,Lecturer,1208,English,College of Liberal Arts and Social Sciences,https://facultyinfo.unt.edu/faculty-profile?profile=jdk0257#current-teaching
Jonathan L. Duckworth,Lecturer,1209,English,College of Liberal Arts and Social Sciences,https://facultyinfo.unt.edu/faculty-profile?profile=jld0471#current-teaching
Julia S. MacDonald,Lecturer,1210,English,College of Liberal Arts and Social Sciences,https://facultyinfo.unt.edu/faculty-profile?profile=jm0094#current-teaching
Laura  Hensch,Lecturer,1211,English,College of Liberal Arts and Social Sciences,https://facultyinfo.unt.edu/faculty-profile?profile=lnh0162#current-teaching
Lauren Kalstad,Lecturer,1212,English,College of Liberal Arts and Social Sciences,https://facultyinfo.unt.edu/faculty-profile?profile=lbc0013#current-teaching
Loren Higbee,Lecturer,1213,English,College of Liberal Arts and Social Sciences,https://facultyinfo.unt.edu/faculty-profile?profile=lkh0147#current-teaching
Mary Lutze,Lecturer,1214,English,College of Liberal Arts and Social Sciences,https://facultyinfo.unt.edu/faculty-profile?profile=mal0595#current-teaching
Ross E. Wilcox,Lecturer,1215,English,College of Liberal Arts and Social Sciences,https://facultyinfo.unt.edu/faculty-profile?profile=rew0151#current-teaching
Stephanie Vastine,Lecturer,1216,English,College of Liberal Arts and Social Sciences,https://facultyinfo.unt.edu/faculty-profile?profile=slv0064#current-teaching
Wayne Reed,Lecturer,1217,English,College of Liberal Arts and Social Sciences,https://facultyinfo.unt.edu/faculty-profile?profile=wr0068#current-teaching
Wonjeong Kim,Lecturer,1218,English,College of Liberal Arts and Social Sciences,https://facultyinfo.unt.edu/faculty-profile?profile=wk0123#current-teaching
Amos A. Magliocco,Principal Lecturer,1219,English,College of Liberal Arts and Social Sciences,https://facultyinfo.unt.edu/faculty-profile?profile=aam0005#current-teaching
Anne C. Schoolfield,Principal Lecturer,1220,English,College of Liberal Arts and Social Sciences,https://facultyinfo.unt.edu/faculty-profile?profile=acs0006#current-teaching
Deborah N. Armintor,Principal Lecturer,1221,English,College of Liberal Arts and Social Sciences,https://facultyinfo.unt.edu/faculty-profile?profile=dna0002#current-teaching
Madhuparna Mitra,Principal Lecturer,1222,English,College of Liberal Arts and Social Sciences,https://facultyinfo.unt.edu/faculty-profile?profile=mm0535#current-teaching
Marshall N. Armintor,Principal Lecturer,1223,English,College of Liberal Arts and Social Sciences,https://facultyinfo.unt.edu/faculty-profile?profile=ma0085#current-teaching
Patrice P. Lyke,Principal Lecturer,1224,English,College of Liberal Arts and Social Sciences,https://facultyinfo.unt.edu/faculty-profile?profile=ppl0006#current-teaching
Raina J. Joines,Principal Lecturer,1225,English,College of Liberal Arts and Social Sciences,https://facultyinfo.unt.edu/faculty-profile?profile=rjj0044#current-teaching
Richard E. Joines,Principal Lecturer,1226,English,College of Liberal Arts and Social Sciences,https://facultyinfo.unt.edu/faculty-profile?profile=rej0052#current-teaching
Corey D. Marks,Professor,1227,English,College of Liberal Arts and Social Sciences,https://facultyinfo.unt.edu/faculty-profile?profile=cdm0039#current-teaching
David D. Holdeman,Professor,1228,English,College of Liberal Arts and Social Sciences,https://facultyinfo.unt.edu/faculty-profile?profile=sdh0003#current-teaching
Ian Finseth,Professor,1229,English,College of Liberal Arts and Social Sciences,https://facultyinfo.unt.edu/faculty-profile?profile=if0019#current-teaching
Jacqueline M. Foertsch,Professor,1230,English,College of Liberal Arts and Social Sciences,https://facultyinfo.unt.edu/faculty-profile?profile=jmf0062#current-teaching
Jacqueline Vanhoutte,Professor,1231,English,College of Liberal Arts and Social Sciences,https://facultyinfo.unt.edu/faculty-profile?profile=jv0012#current-teaching
Jehanne I. Dubrow,Professor,1232,English,College of Liberal Arts and Social Sciences,https://facultyinfo.unt.edu/faculty-profile?profile=jid0021#current-teaching
John G. Peters,Professor,1233,English,College of Liberal Arts and Social Sciences,https://facultyinfo.unt.edu/faculty-profile?profile=jp0078#current-teaching
Kathryn R. Raign,Professor,1234,English,College of Liberal Arts and Social Sciences,https://facultyinfo.unt.edu/faculty-profile?profile=krr0008#current-teaching
Miroslav N. Penkov,Professor,1235,English,College of Liberal Arts and Social Sciences,https://facultyinfo.unt.edu/faculty-profile?profile=mnp0035#current-teaching
Robert K. Upchurch,Professor,1236,English,College of Liberal Arts and Social Sciences,https://facultyinfo.unt.edu/faculty-profile?profile=ru0004#current-teaching
Stephanie L. Hawkins,Professor,1237,English,College of Liberal Arts and Social Sciences,https://facultyinfo.unt.edu/faculty-profile?profile=slh0308#current-teaching
Adriane M. Bezusko,Senior Lecturer,1238,English,College of Liberal Arts and Social Sciences,https://facultyinfo.unt.edu/faculty-profile?profile=amb0047#current-teaching
Bryan M. Conn,Senior Lecturer,1239,English,College of Liberal Arts and Social Sciences,https://facultyinfo.unt.edu/faculty-profile?profile=bmc0133#current-teaching
Jack J. Christian,Senior Lecturer,1240,English,College of Liberal Arts and Social Sciences,https://facultyinfo.unt.edu/faculty-profile?profile=wjc0075#current-teaching
Robin Coffelt,Senior Lecturer,1241,English,College of Liberal Arts and Social Sciences,https://facultyinfo.unt.edu/faculty-profile?profile=jrc0060#current-teaching
Abigail Obiageli Iloakasia,Teaching Fellow,1242,English,College of Liberal Arts and Social Sciences,https://facultyinfo.unt.edu/faculty-profile?profile=ai0464#current-teaching
Amber Walters-Molina,Teaching Fellow,1243,English,College of Liberal Arts and Social Sciences,https://facultyinfo.unt.edu/faculty-profile?profile=amw0580#current-teaching
Ammon Gillins,Teaching Fellow,1244,English,College of Liberal Arts and Social Sciences,https://facultyinfo.unt.edu/faculty-profile?profile=ag2912#current-teaching
Anna N. Chotlos,Teaching Fellow,1245,English,College of Liberal Arts and Social Sciences,https://facultyinfo.unt.edu/faculty-profile?profile=anc0326#current-teaching
Anthony Gabriel,Teaching Fellow,1246,English,College of Liberal Arts and Social Sciences,https://facultyinfo.unt.edu/faculty-profile?profile=apg0135#current-teaching
Arpita Sen,Teaching Fellow,1247,English,College of Liberal Arts and Social Sciences,https://facultyinfo.unt.edu/faculty-profile?profile=as3157#current-teaching
Bethany Weston,Teaching Fellow,1248,English,College of Liberal Arts and Social Sciences,https://facultyinfo.unt.edu/faculty-profile?profile=blw0233#current-teaching
Bleah Patterson,Teaching Fellow,1249,English,College of Liberal Arts and Social Sciences,https://facultyinfo.unt.edu/faculty-profile?profile=bbp0017#current-teaching
Brad Murff,Teaching Fellow,1250,English,College of Liberal Arts and Social Sciences,https://facultyinfo.unt.edu/faculty-profile?profile=bhm0048#current-teaching
Caitlyn J. Alario,Teaching Fellow,1251,English,College of Liberal Arts and Social Sciences,https://facultyinfo.unt.edu/faculty-profile?profile=cja0177#current-teaching
Cheyenne LaRoque,Teaching Fellow,1252,English,College of Liberal Arts and Social Sciences,https://facultyinfo.unt.edu/faculty-profile?profile=cml0386#current-teaching
Christine Van Pay,Teaching Fellow,1253,English,College of Liberal Arts and Social Sciences,https://facultyinfo.unt.edu/faculty-profile?profile=cas0882#current-teaching
Christopher J. Hazell,Teaching Fellow,1254,English,College of Liberal Arts and Social Sciences,https://facultyinfo.unt.edu/faculty-profile?profile=cjh0387#current-teaching
Cicily Bennion,Teaching Fellow,1255,English,College of Liberal Arts and Social Sciences,https://facultyinfo.unt.edu/faculty-profile?profile=cb0636#current-teaching
Colleen P. Mayo,Teaching Fellow,1256,English,College of Liberal Arts and Social Sciences,https://facultyinfo.unt.edu/faculty-profile?profile=cpm0128#current-teaching
Courtney Bulsiewicz,Teaching Fellow,1257,English,College of Liberal Arts and Social Sciences,https://facultyinfo.unt.edu/faculty-profile?profile=cb1219#current-teaching
Damilare Abiodun,Teaching Fellow,1258,English,College of Liberal Arts and Social Sciences,https://facultyinfo.unt.edu/faculty-profile?profile=dpa0051#current-teaching
Daniel DeVaughn,Teaching Fellow,1259,English,College of Liberal Arts and Social Sciences,https://facultyinfo.unt.edu/faculty-profile?profile=dnd0064#current-teaching
Dylan Jahn,Teaching Fellow,1260,English,College of Liberal Arts and Social Sciences,https://facultyinfo.unt.edu/faculty-profile?profile=dej0075#current-teaching
Erik Moyer,Teaching Fellow,1261,English,College of Liberal Arts and Social Sciences,https://facultyinfo.unt.edu/faculty-profile?profile=ejm0250#current-teaching
Evelyn Du Bon,Teaching Fellow,1262,English,College of Liberal Arts and Social Sciences,https://facultyinfo.unt.edu/faculty-profile?profile=erd0036#current-teaching
Francesca Silva,Teaching Fellow,1263,English,College of Liberal Arts and Social Sciences,https://facultyinfo.unt.edu/faculty-profile?profile=fcs0023#current-teaching
Gabrielle Robbins,Teaching Fellow,1264,English,College of Liberal Arts and Social Sciences,https://facultyinfo.unt.edu/faculty-profile?profile=gdr0050#current-teaching
Hector Dominguez,Teaching Fellow,1265,English,College of Liberal Arts and Social Sciences,https://facultyinfo.unt.edu/faculty-profile?profile=hd0204#current-teaching
Jacob Benavides,Teaching Fellow,1266,English,College of Liberal Arts and Social Sciences,https://facultyinfo.unt.edu/faculty-profile?profile=jrb0777#current-teaching
Jade Rolof,Teaching Fellow,1267,English,College of Liberal Arts and Social Sciences,https://facultyinfo.unt.edu/faculty-profile?profile=jr2167#current-teaching
Jamini Hariharan,Teaching Fellow,1268,English,College of Liberal Arts and Social Sciences,https://facultyinfo.unt.edu/faculty-profile?profile=jh1168#current-teaching
Jessica Murray,Teaching Fellow,1269,English,College of Liberal Arts and Social Sciences,https://facultyinfo.unt.edu/faculty-profile?profile=jem0389#current-teaching
John Muellner,Teaching Fellow,1270,English,College of Liberal Arts and Social Sciences,https://facultyinfo.unt.edu/faculty-profile?profile=jjm0537#current-teaching
Joshua A. Zimmerer,Teaching Fellow,1271,English,College of Liberal Arts and Social Sciences,https://facultyinfo.unt.edu/faculty-profile?profile=jaz0078#current-teaching
Kaili Mora-Duarte,Teaching Fellow,1272,English,College of Liberal Arts and Social Sciences,https://facultyinfo.unt.edu/faculty-profile?profile=knm0191#current-teaching
Kendra L. Vanderlip,Teaching Fellow,1273,English,College of Liberal Arts and Social Sciences,https://facultyinfo.unt.edu/faculty-profile?profile=klv0066#current-teaching
Laura Yeck,Teaching Fellow,1274,English,College of Liberal Arts and Social Sciences,https://facultyinfo.unt.edu/faculty-profile?profile=lay0029#current-teaching
Lauren Smithwick,Teaching Fellow,1275,English,College of Liberal Arts and Social Sciences,https://facultyinfo.unt.edu/faculty-profile?profile=lms0440#current-teaching
Madison Vaughn,Teaching Fellow,1276,English,College of Liberal Arts and Social Sciences,https://facultyinfo.unt.edu/faculty-profile?profile=mnv0038#current-teaching
Md Saifur Rahman,Teaching Fellow,1277,English,College of Liberal Arts and Social Sciences,https://facultyinfo.unt.edu/faculty-profile?profile=mr1481#current-teaching
Megan Lim,Teaching Fellow,1278,English,College of Liberal Arts and Social Sciences,https://facultyinfo.unt.edu/faculty-profile?profile=mkl0159#current-teaching
Micah Carlson,Teaching Fellow,1279,English,College of Liberal Arts and Social Sciences,https://facultyinfo.unt.edu/faculty-profile?profile=mcc0265#current-teaching
Michelle A. Eshbaugh-Soha,Teaching Fellow,1280,English,College of Liberal Arts and Social Sciences,https://facultyinfo.unt.edu/faculty-profile?profile=mae0202#current-teaching
Mike Robbins,Teaching Fellow,1281,English,College of Liberal Arts and Social Sciences,https://facultyinfo.unt.edu/faculty-profile?profile=mr1634#current-teaching
Miracle Okpala,Teaching Fellow,1282,English,College of Liberal Arts and Social Sciences,https://facultyinfo.unt.edu/faculty-profile?profile=moo0107#current-teaching
Nayab Sami,Teaching Fellow,1283,English,College of Liberal Arts and Social Sciences,https://facultyinfo.unt.edu/faculty-profile?profile=ns1280#current-teaching
Paria V. Rahmani,Teaching Fellow,1284,English,College of Liberal Arts and Social Sciences,https://facultyinfo.unt.edu/faculty-profile?profile=pvr0006#current-teaching
Parul Kaushik,Teaching Fellow,1285,English,College of Liberal Arts and Social Sciences,https://facultyinfo.unt.edu/faculty-profile?profile=pk0528#current-teaching
Rachel Blum,Teaching Fellow,1286,English,College of Liberal Arts and Social Sciences,https://facultyinfo.unt.edu/faculty-profile?profile=rmb0342#current-teaching
Rachel Sullivan,Teaching Fellow,1287,English,College of Liberal Arts and Social Sciences,https://facultyinfo.unt.edu/faculty-profile?profile=rds0268#current-teaching
Rehmat Ali,Teaching Fellow,1288,English,College of Liberal Arts and Social Sciences,https://facultyinfo.unt.edu/faculty-profile?profile=ra1141#current-teaching
Robert Tate T. Morrison,Teaching Fellow,1289,English,College of Liberal Arts and Social Sciences,https://facultyinfo.unt.edu/faculty-profile?profile=rtm0065#current-teaching
Russell Kliebert,Teaching Fellow,1290,English,College of Liberal Arts and Social Sciences,https://facultyinfo.unt.edu/faculty-profile?profile=rfk0011#current-teaching
Saleem Almalky,Teaching Fellow,1291,English,College of Liberal Arts and Social Sciences,https://facultyinfo.unt.edu/faculty-profile?profile=sha0107#current-teaching
Samantha Sorenson,Teaching Fellow,1292,English,College of Liberal Arts and Social Sciences,https://facultyinfo.unt.edu/faculty-profile?profile=sms0897#current-teaching
Samiha Matin,Teaching Fellow,1293,English,College of Liberal Arts and Social Sciences,https://facultyinfo.unt.edu/faculty-profile?profile=sm4441#current-teaching
Samrand Avestan,Teaching Fellow,1294,English,College of Liberal Arts and Social Sciences,https://facultyinfo.unt.edu/faculty-profile?profile=sa2278#current-teaching
Samuel Liberty,Teaching Fellow,1295,English,College of Liberal Arts and Social Sciences,https://facultyinfo.unt.edu/faculty-profile?profile=sjl0128#current-teaching
Sarah Brockhaus,Teaching Fellow,1296,English,College of Liberal Arts and Social Sciences,https://facultyinfo.unt.edu/faculty-profile?profile=sb3584#current-teaching
Sarp Demiral,Teaching Fellow,1297,English,College of Liberal Arts and Social Sciences,https://facultyinfo.unt.edu/faculty-profile?profile=sad0312#current-teaching
Sean Rothberg,Teaching Fellow,1298,English,College of Liberal Arts and Social Sciences,https://facultyinfo.unt.edu/faculty-profile?profile=sbr0041#current-teaching
Sera Harris,Teaching Fellow,1299,English,College of Liberal Arts and Social Sciences,https://facultyinfo.unt.edu/faculty-profile?profile=smh0241#current-teaching
Somin Lee,Teaching Fellow,1300,English,College of Liberal Arts and Social Sciences,https://facultyinfo.unt.edu/faculty-profile?profile=sl1593#current-teaching
Tiffany J. Isaacs,Teaching Fellow,1301,English,College of Liberal Arts and Social Sciences,https://facultyinfo.unt.edu/faculty-profile?profile=tji0014#current-teaching
Valentine Johnson,Teaching Fellow,1302,English,College of Liberal Arts and Social Sciences,https://facultyinfo.unt.edu/faculty-profile?profile=sj1271#current-teaching
Vanessa Ramirez,Teaching Fellow,1303,English,College of Liberal Arts and Social Sciences,https://facultyinfo.unt.edu/faculty-profile?profile=vr0263#current-teaching
Will Brooks,Teaching Fellow,1304,English,College of Liberal Arts and Social Sciences,https://facultyinfo.unt.edu/faculty-profile?profile=web0046#current-teaching
Yeganeh Taghvimi,Teaching Fellow,1305,English,College of Liberal Arts and Social Sciences,https://facultyinfo.unt.edu/faculty-profile?profile=yt0265#current-teaching
James P. Davis,Visiting Lecturer,1306,English,College of Liberal Arts and Social Sciences,https://facultyinfo.unt.edu/faculty-profile?profile=jpd0166#current-teaching
Melanie A. Kneen,Adjunct Faculty,1307,Geography and the Environment,College of Liberal Arts and Social Sciences,https://facultyinfo.unt.edu/faculty-profile?profile=mak0401#current-teaching
Jihoon Jung,Assistant Professor,1308,Geography and the Environment,College of Liberal Arts and Social Sciences,https://facultyinfo.unt.edu/faculty-profile?profile=jj0961#current-teaching
Wei Kang,Assistant Professor,1309,Geography and the Environment,College of Liberal Arts and Social Sciences,https://facultyinfo.unt.edu/faculty-profile?profile=wk0110#current-teaching
Ipsita Chatterjee,Associate Professor,1310,Geography and the Environment,College of Liberal Arts and Social Sciences,https://facultyinfo.unt.edu/faculty-profile?profile=ic0110#current-teaching
Lu Liang,Associate Professor,1311,Geography and the Environment,College of Liberal Arts and Social Sciences,https://facultyinfo.unt.edu/faculty-profile?profile=ll0435#current-teaching
Waquar Ahmed,Associate Professor,1312,Geography and the Environment,College of Liberal Arts and Social Sciences,https://facultyinfo.unt.edu/faculty-profile?profile=wa0047#current-teaching
Pinliang Dong,Chair,1313,Geography and the Environment,College of Liberal Arts and Social Sciences,https://facultyinfo.unt.edu/faculty-profile?profile=pd0047#current-teaching
David D. Ferring,Lecturer,1314,Geography and the Environment,College of Liberal Arts and Social Sciences,https://facultyinfo.unt.edu/faculty-profile?profile=df0083#current-teaching
John South,Lecturer,1315,Geography and the Environment,College of Liberal Arts and Social Sciences,https://facultyinfo.unt.edu/faculty-profile?profile=jrs0732#current-teaching
Rajshree Rege,Lecturer,1316,Geography and the Environment,College of Liberal Arts and Social Sciences,https://facultyinfo.unt.edu/faculty-profile?profile=rr0740#current-teaching
Feifei Pan,Professor,1317,Geography and the Environment,College of Liberal Arts and Social Sciences,https://facultyinfo.unt.edu/faculty-profile?profile=fp0034#current-teaching
Harry F. williams,Professor,1318,Geography and the Environment,College of Liberal Arts and Social Sciences,https://facultyinfo.unt.edu/faculty-profile?profile=hfw0001#current-teaching
Joseph R. Oppong,Professor,1319,Geography and the Environment,College of Liberal Arts and Social Sciences,https://facultyinfo.unt.edu/faculty-profile?profile=jro0002#current-teaching
Lisa A. Nagaoka,Professor,1320,Geography and the Environment,College of Liberal Arts and Social Sciences,https://facultyinfo.unt.edu/faculty-profile?profile=lan0007#current-teaching
Murray D. Rice,Professor,1321,Geography and the Environment,College of Liberal Arts and Social Sciences,https://facultyinfo.unt.edu/faculty-profile?profile=mdr0103#current-teaching
Paul F. Hudak,Professor,1322,Geography and the Environment,College of Liberal Arts and Social Sciences,https://facultyinfo.unt.edu/faculty-profile?profile=pfh0001#current-teaching
Yuting Li,Senior Lecturer,1323,Geography and the Environment,College of Liberal Arts and Social Sciences,https://facultyinfo.unt.edu/faculty-profile?profile=yl0649#current-teaching
Nicole Michener,Adjunct Faculty,1324,History,College of Liberal Arts and Social Sciences,https://facultyinfo.unt.edu/faculty-profile?profile=nlm0019#current-teaching
Chad Pearson,Assistant Professor,1325,History,College of Liberal Arts and Social Sciences,https://facultyinfo.unt.edu/faculty-profile?profile=cp0708#current-teaching
Christopher P. Todd,Assistant Professor,1326,History,College of Liberal Arts and Social Sciences,https://facultyinfo.unt.edu/faculty-profile?profile=cpt0051#current-teaching
David Rex Galindo,Assistant Professor,1327,History,College of Liberal Arts and Social Sciences,https://facultyinfo.unt.edu/faculty-profile?profile=dr0728#current-teaching
Greta Swain,Assistant Professor,1328,History,College of Liberal Arts and Social Sciences,https://facultyinfo.unt.edu/faculty-profile?profile=gks0064#current-teaching
Joseph Locke,Assistant Professor,1329,History,College of Liberal Arts and Social Sciences,https://facultyinfo.unt.edu/faculty-profile?profile=jll0485#current-teaching
Robert O. Smith,Assistant Professor,1330,History,College of Liberal Arts and Social Sciences,https://facultyinfo.unt.edu/faculty-profile?profile=rs1182#current-teaching
Samuel Fullerton,Assistant Professor,1331,History,College of Liberal Arts and Social Sciences,https://facultyinfo.unt.edu/faculty-profile?profile=scf0106#current-teaching
ToniAnn Treviño,Assistant Professor,1332,History,College of Liberal Arts and Social Sciences,https://facultyinfo.unt.edu/faculty-profile?profile=tdt0175#current-teaching
Vojin Majstorovic,Assistant Professor,1333,History,College of Liberal Arts and Social Sciences,https://facultyinfo.unt.edu/faculty-profile?profile=vm0306#current-teaching
Zoe Ortiz,Assistant Professor,1334,History,College of Liberal Arts and Social Sciences,https://facultyinfo.unt.edu/faculty-profile?profile=zro0004#current-teaching
Alex Mendoza,Associate Professor,1335,History,College of Liberal Arts and Social Sciences,https://facultyinfo.unt.edu/faculty-profile?profile=am0597#current-teaching
Arunima Datta,Associate Professor,1336,History,College of Liberal Arts and Social Sciences,https://facultyinfo.unt.edu/faculty-profile?profile=ad1407#current-teaching
Kathryne E. Beebe,Associate Professor,1337,History,College of Liberal Arts and Social Sciences,https://facultyinfo.unt.edu/faculty-profile?profile=keb0322#current-teaching
Nancy L. Stockdale,Associate Professor,1338,History,College of Liberal Arts and Social Sciences,https://facultyinfo.unt.edu/faculty-profile?profile=nls0072#current-teaching
Rachel L. Moran,Associate Professor,1339,History,College of Liberal Arts and Social Sciences,https://facultyinfo.unt.edu/faculty-profile?profile=rlm0365#current-teaching
Sandra C. Mendiola Garcia,Associate Professor,1340,History,College of Liberal Arts and Social Sciences,https://facultyinfo.unt.edu/faculty-profile?profile=scm0182#current-teaching
Michael D. Wise,Chair,1341,History,College of Liberal Arts and Social Sciences,https://facultyinfo.unt.edu/faculty-profile?profile=mdw0224#current-teaching
Diana Reinhard,Lecturer,1342,History,College of Liberal Arts and Social Sciences,https://facultyinfo.unt.edu/faculty-profile?profile=dr0697#current-teaching
Donald K. Mitchener,Lecturer,1343,History,College of Liberal Arts and Social Sciences,https://facultyinfo.unt.edu/faculty-profile?profile=dkm0001#current-teaching
Jakob Burnham,Lecturer,1344,History,College of Liberal Arts and Social Sciences,https://facultyinfo.unt.edu/faculty-profile?profile=jdb0819#current-teaching
Joshua Lopez,Lecturer,1345,History,College of Liberal Arts and Social Sciences,https://facultyinfo.unt.edu/faculty-profile?profile=jil0042#current-teaching
Manny Grajales,Lecturer,1346,History,College of Liberal Arts and Social Sciences,https://facultyinfo.unt.edu/faculty-profile?profile=mag0295#current-teaching
Martha C. Welch,Principal Lecturer,1347,History,College of Liberal Arts and Social Sciences,https://facultyinfo.unt.edu/faculty-profile?profile=mcw0011#current-teaching
Walter E. Roberts,Principal Lecturer,1348,History,College of Liberal Arts and Social Sciences,https://facultyinfo.unt.edu/faculty-profile?profile=wer0019#current-teaching
Alfred C. Mierzejewski,Professor,1349,History,College of Liberal Arts and Social Sciences,https://facultyinfo.unt.edu/faculty-profile?profile=acm0043#current-teaching
Andrew J. Torget,Professor,1350,History,College of Liberal Arts and Social Sciences,https://facultyinfo.unt.edu/faculty-profile?profile=ajt0074#current-teaching
Constance B. Hilliard,Professor,1351,History,College of Liberal Arts and Social Sciences,https://facultyinfo.unt.edu/faculty-profile?profile=cbh0014#current-teaching
Geoffrey Wawro,Professor,1352,History,College of Liberal Arts and Social Sciences,https://facultyinfo.unt.edu/faculty-profile?profile=gw0050#current-teaching
Guy Chet,Professor,1353,History,College of Liberal Arts and Social Sciences,https://facultyinfo.unt.edu/faculty-profile?profile=gc0013#current-teaching
Harold M. Tanner,Professor,1354,History,College of Liberal Arts and Social Sciences,https://facultyinfo.unt.edu/faculty-profile?profile=tanner#current-teaching
Jennifer J. Wallach,Professor,1355,History,College of Liberal Arts and Social Sciences,https://facultyinfo.unt.edu/faculty-profile?profile=jjw0140#current-teaching
Michael V. Leggiere,Professor,1356,History,College of Liberal Arts and Social Sciences,https://facultyinfo.unt.edu/faculty-profile?profile=mvl0011#current-teaching
Olga V. Velikanova,Professor,1357,History,College of Liberal Arts and Social Sciences,https://facultyinfo.unt.edu/faculty-profile?profile=ovv0003#current-teaching
Todd Moye,Professor,1358,History,College of Liberal Arts and Social Sciences,https://facultyinfo.unt.edu/faculty-profile?profile=tm0133#current-teaching
Wesley G. Phelps,Professor,1359,History,College of Liberal Arts and Social Sciences,https://facultyinfo.unt.edu/faculty-profile?profile=wgp0001#current-teaching
Kerry L. Goldmann,Senior Lecturer,1360,History,College of Liberal Arts and Social Sciences,https://facultyinfo.unt.edu/faculty-profile?profile=klg0164#current-teaching
Abigail Parmer,Teaching Fellow,1361,History,College of Liberal Arts and Social Sciences,https://facultyinfo.unt.edu/faculty-profile?profile=adp0285#current-teaching
Alex Chanaa,Teaching Fellow,1362,History,College of Liberal Arts and Social Sciences,https://facultyinfo.unt.edu/faculty-profile?profile=ajc0460#current-teaching
Angela Walters,Teaching Fellow,1363,History,College of Liberal Arts and Social Sciences,https://facultyinfo.unt.edu/faculty-profile?profile=awg0160#current-teaching
Avery Powell,Teaching Fellow,1364,History,College of Liberal Arts and Social Sciences,https://facultyinfo.unt.edu/faculty-profile?profile=amp0602#current-teaching
Brianna Mangrum,Teaching Fellow,1365,History,College of Liberal Arts and Social Sciences,https://facultyinfo.unt.edu/faculty-profile?profile=bjm0291#current-teaching
Caeden Cooley,Teaching Fellow,1366,History,College of Liberal Arts and Social Sciences,https://facultyinfo.unt.edu/faculty-profile?profile=cpc0111#current-teaching
Darrell Reader,Teaching Fellow,1367,History,College of Liberal Arts and Social Sciences,https://facultyinfo.unt.edu/faculty-profile?profile=drr0137#current-teaching
Gretchen Bullock,Teaching Fellow,1368,History,College of Liberal Arts and Social Sciences,https://facultyinfo.unt.edu/faculty-profile?profile=gmb0128#current-teaching
Hannah Pullen,Teaching Fellow,1369,History,College of Liberal Arts and Social Sciences,https://facultyinfo.unt.edu/faculty-profile?profile=hep0069#current-teaching
Hayden Murphy,Teaching Fellow,1370,History,College of Liberal Arts and Social Sciences,https://facultyinfo.unt.edu/faculty-profile?profile=hm0253#current-teaching
Isaac Dominguez,Teaching Fellow,1371,History,College of Liberal Arts and Social Sciences,https://facultyinfo.unt.edu/faculty-profile?profile=id0129#current-teaching
Jackson Courtney,Teaching Fellow,1372,History,College of Liberal Arts and Social Sciences,https://facultyinfo.unt.edu/faculty-profile?profile=jrc0532#current-teaching
Jordan Mitchell,Teaching Fellow,1373,History,College of Liberal Arts and Social Sciences,https://facultyinfo.unt.edu/faculty-profile?profile=jdm0413#current-teaching
Madison Black,Teaching Fellow,1374,History,College of Liberal Arts and Social Sciences,https://facultyinfo.unt.edu/faculty-profile?profile=meb0450#current-teaching
Mustafa J. Kenyatta,Teaching Fellow,1375,History,College of Liberal Arts and Social Sciences,https://facultyinfo.unt.edu/faculty-profile?profile=gdp0001#current-teaching
Nathaniel Marshell,Teaching Fellow,1376,History,College of Liberal Arts and Social Sciences,https://facultyinfo.unt.edu/faculty-profile?profile=ntm0048#current-teaching
Noah Barron,Teaching Fellow,1377,History,College of Liberal Arts and Social Sciences,https://facultyinfo.unt.edu/faculty-profile?profile=nb1026#current-teaching
Paul McDaris,Teaching Fellow,1378,History,College of Liberal Arts and Social Sciences,https://facultyinfo.unt.edu/faculty-profile?profile=pjm0164#current-teaching
Philip Dyer,Teaching Fellow,1379,History,College of Liberal Arts and Social Sciences,https://facultyinfo.unt.edu/faculty-profile?profile=pid0004#current-teaching
Stephen Bell,Teaching Fellow,1380,History,College of Liberal Arts and Social Sciences,https://facultyinfo.unt.edu/faculty-profile?profile=sb3366#current-teaching
Therese Delgado,Teaching Fellow,1381,History,College of Liberal Arts and Social Sciences,https://facultyinfo.unt.edu/faculty-profile?profile=tld0197#current-teaching
Yan V. Vuks,Teaching Fellow,1382,History,College of Liberal Arts and Social Sciences,https://facultyinfo.unt.edu/faculty-profile?profile=yvv0002#current-teaching
Amrita Sundaresan,Adjunct Faculty,1383,Mayborn School of Journalism,College of Liberal Arts and Social Sciences,https://facultyinfo.unt.edu/faculty-profile?profile=avs0081#current-teaching
Bryan D. Lochhead,Adjunct Faculty,1384,Mayborn School of Journalism,College of Liberal Arts and Social Sciences,https://facultyinfo.unt.edu/faculty-profile?profile=bdl0025#current-teaching
Caleb Reed,Adjunct Faculty,1385,Mayborn School of Journalism,College of Liberal Arts and Social Sciences,https://facultyinfo.unt.edu/faculty-profile?profile=cjr0302#current-teaching
Chris Wienandt,Adjunct Faculty,1386,Mayborn School of Journalism,College of Liberal Arts and Social Sciences,https://facultyinfo.unt.edu/faculty-profile?profile=cw0124#current-teaching
Cornelius F. Foote,Adjunct Faculty,1387,Mayborn School of Journalism,College of Liberal Arts and Social Sciences,https://facultyinfo.unt.edu/faculty-profile?profile=cff0015#current-teaching
Dana Long,Adjunct Faculty,1388,Mayborn School of Journalism,College of Liberal Arts and Social Sciences,https://facultyinfo.unt.edu/faculty-profile?profile=dkb0021#current-teaching
Daniel Rodrigue,Adjunct Faculty,1389,Mayborn School of Journalism,College of Liberal Arts and Social Sciences,https://facultyinfo.unt.edu/faculty-profile?profile=dtr0011#current-teaching
David C. McPhate,Adjunct Faculty,1390,Mayborn School of Journalism,College of Liberal Arts and Social Sciences,https://facultyinfo.unt.edu/faculty-profile?profile=dcm0140#current-teaching
Edithann Ramey,Adjunct Faculty,1391,Mayborn School of Journalism,College of Liberal Arts and Social Sciences,https://facultyinfo.unt.edu/faculty-profile?profile=er0987#current-teaching
Emily J. Vernon,Adjunct Faculty,1392,Mayborn School of Journalism,College of Liberal Arts and Social Sciences,https://facultyinfo.unt.edu/faculty-profile?profile=ejv0042#current-teaching
Jad-Evangelo Nasser,Adjunct Faculty,1393,Mayborn School of Journalism,College of Liberal Arts and Social Sciences,https://facultyinfo.unt.edu/faculty-profile?profile=jn0472#current-teaching
Jeff Baum,Adjunct Faculty,1394,Mayborn School of Journalism,College of Liberal Arts and Social Sciences,https://facultyinfo.unt.edu/faculty-profile?profile=jab1319#current-teaching
Joanna Cattanach,Adjunct Faculty,1395,Mayborn School of Journalism,College of Liberal Arts and Social Sciences,https://facultyinfo.unt.edu/faculty-profile?profile=jrc0344#current-teaching
John Geyer,Adjunct Faculty,1396,Mayborn School of Journalism,College of Liberal Arts and Social Sciences,https://facultyinfo.unt.edu/faculty-profile?profile=jwg0009#current-teaching
Joseph V. Trahan,Adjunct Faculty,1397,Mayborn School of Journalism,College of Liberal Arts and Social Sciences,https://facultyinfo.unt.edu/faculty-profile?profile=jvt0022#current-teaching
Kate Skinner-Luker,Adjunct Faculty,1398,Mayborn School of Journalism,College of Liberal Arts and Social Sciences,https://facultyinfo.unt.edu/faculty-profile?profile=kvs0024#current-teaching
Kerri Sallusti,Adjunct Faculty,1399,Mayborn School of Journalism,College of Liberal Arts and Social Sciences,https://facultyinfo.unt.edu/faculty-profile?profile=khs0059#current-teaching
Kerry Gunnels,Adjunct Faculty,1400,Mayborn School of Journalism,College of Liberal Arts and Social Sciences,https://facultyinfo.unt.edu/faculty-profile?profile=kpg0042#current-teaching
LaJuana Hale,Adjunct Faculty,1401,Mayborn School of Journalism,College of Liberal Arts and Social Sciences,https://facultyinfo.unt.edu/faculty-profile?profile=llr0060#current-teaching
Mark G. Willis,Adjunct Faculty,1402,Mayborn School of Journalism,College of Liberal Arts and Social Sciences,https://facultyinfo.unt.edu/faculty-profile?profile=mgw0022#current-teaching
Megan A. Desoto,Adjunct Faculty,1403,Mayborn School of Journalism,College of Liberal Arts and Social Sciences,https://facultyinfo.unt.edu/faculty-profile?profile=mad0282#current-teaching
Nealie Sanchez,Adjunct Faculty,1404,Mayborn School of Journalism,College of Liberal Arts and Social Sciences,https://facultyinfo.unt.edu/faculty-profile?profile=ns0338#current-teaching
Patricia Arellano,Adjunct Faculty,1405,Mayborn School of Journalism,College of Liberal Arts and Social Sciences,https://facultyinfo.unt.edu/faculty-profile?profile=psa0005#current-teaching
Robert Kucera,Adjunct Faculty,1406,Mayborn School of Journalism,College of Liberal Arts and Social Sciences,https://facultyinfo.unt.edu/faculty-profile?profile=rbk0040#current-teaching
Russell Luna,Adjunct Faculty,1407,Mayborn School of Journalism,College of Liberal Arts and Social Sciences,https://facultyinfo.unt.edu/faculty-profile?profile=rl0420#current-teaching
Saad Yousuf,Adjunct Faculty,1408,Mayborn School of Journalism,College of Liberal Arts and Social Sciences,https://facultyinfo.unt.edu/faculty-profile?profile=msy0015#current-teaching
Sara K. Blankenship,Adjunct Faculty,1409,Mayborn School of Journalism,College of Liberal Arts and Social Sciences,https://facultyinfo.unt.edu/faculty-profile?profile=skb0101#current-teaching
Troy Scarlott,Adjunct Faculty,1410,Mayborn School of Journalism,College of Liberal Arts and Social Sciences,https://facultyinfo.unt.edu/faculty-profile?profile=tbs0137#current-teaching
Christopher Assaf,Assistant Professor,1411,Mayborn School of Journalism,College of Liberal Arts and Social Sciences,https://facultyinfo.unt.edu/faculty-profile?profile=cta0072#current-teaching
Marta Mensa,Assistant Professor,1412,Mayborn School of Journalism,College of Liberal Arts and Social Sciences,https://facultyinfo.unt.edu/faculty-profile?profile=mm3007#current-teaching
John Clendening,Assistant Professor of Practice,1413,Mayborn School of Journalism,College of Liberal Arts and Social Sciences,https://facultyinfo.unt.edu/faculty-profile?profile=jc2184#current-teaching
Larry Powell,Assistant Professor of Practice,1414,Mayborn School of Journalism,College of Liberal Arts and Social Sciences,https://facultyinfo.unt.edu/faculty-profile?profile=lp0501#current-teaching
Gwendelyn S. Nisbett,Associate Professor,1415,Mayborn School of Journalism,College of Liberal Arts and Social Sciences,https://facultyinfo.unt.edu/faculty-profile?profile=gsn0013#current-teaching
Koji Fuse,Associate Professor,1416,Mayborn School of Journalism,College of Liberal Arts and Social Sciences,https://facultyinfo.unt.edu/faculty-profile?profile=kf0077#current-teaching
Newly Paul,Associate Professor,1417,Mayborn School of Journalism,College of Liberal Arts and Social Sciences,https://facultyinfo.unt.edu/faculty-profile?profile=np0313#current-teaching
Sara Champlin,Associate Professor,1418,Mayborn School of Journalism,College of Liberal Arts and Social Sciences,https://facultyinfo.unt.edu/faculty-profile?profile=sec0220#current-teaching
Xiaoqun Zhang,Associate Professor,1419,Mayborn School of Journalism,College of Liberal Arts and Social Sciences,https://facultyinfo.unt.edu/faculty-profile?profile=xz0116#current-teaching
James E. Mueller,Interim Dean,1420,Mayborn School of Journalism,College of Liberal Arts and Social Sciences,https://facultyinfo.unt.edu/faculty-profile?profile=jem0031#current-teaching
Christina A. DeWalt,Lecturer,1421,Mayborn School of Journalism,College of Liberal Arts and Social Sciences,https://facultyinfo.unt.edu/faculty-profile?profile=cac0458#current-teaching
Gary N. Ghioto,Lecturer,1422,Mayborn School of Journalism,College of Liberal Arts and Social Sciences,https://facultyinfo.unt.edu/faculty-profile?profile=gng0029#current-teaching
Hoda Emam,Lecturer,1423,Mayborn School of Journalism,College of Liberal Arts and Social Sciences,https://facultyinfo.unt.edu/faculty-profile?profile=he0142#current-teaching
Olivia Moore,Lecturer,1424,Mayborn School of Journalism,College of Liberal Arts and Social Sciences,https://facultyinfo.unt.edu/faculty-profile?profile=osm0009#current-teaching
Carson T. Anderson,Professor,1425,Mayborn School of Journalism,College of Liberal Arts and Social Sciences,https://facultyinfo.unt.edu/faculty-profile?profile=cta0023#current-teaching
Dorothy M. Bland,Professor,1426,Mayborn School of Journalism,College of Liberal Arts and Social Sciences,https://facultyinfo.unt.edu/faculty-profile?profile=dmb0303#current-teaching
Tracy Everbach,Professor,1427,Mayborn School of Journalism,College of Liberal Arts and Social Sciences,https://facultyinfo.unt.edu/faculty-profile?profile=tee0021#current-teaching
Brittany P. McElroy,Senior Lecturer,1428,Mayborn School of Journalism,College of Liberal Arts and Social Sciences,https://facultyinfo.unt.edu/faculty-profile?profile=bpm0074#current-teaching
Kimberly H. Keller,Senior Lecturer,1429,Mayborn School of Journalism,College of Liberal Arts and Social Sciences,https://facultyinfo.unt.edu/faculty-profile?profile=khk0046#current-teaching
Randy L. Loftis,Senior Lecturer,1430,Mayborn School of Journalism,College of Liberal Arts and Social Sciences,https://facultyinfo.unt.edu/faculty-profile?profile=rll0049#current-teaching
Rebecca N. Poynter,Senior Lecturer,1431,Mayborn School of Journalism,College of Liberal Arts and Social Sciences,https://facultyinfo.unt.edu/faculty-profile?profile=rnp0026#current-teaching
Kate K. Pezzulli,Teaching Fellow,1432,Mayborn School of Journalism,College of Liberal Arts and Social Sciences,https://facultyinfo.unt.edu/faculty-profile?profile=kkp0034#current-teaching
Ashley Lyons,Adjunct Faculty,1433,Media Arts,College of Liberal Arts and Social Sciences,https://facultyinfo.unt.edu/faculty-profile?profile=al1574#current-teaching
Cameron Irby,Adjunct Faculty,1434,Media Arts,College of Liberal Arts and Social Sciences,https://facultyinfo.unt.edu/faculty-profile?profile=ci0111#current-teaching
Charles H. McMullen,Adjunct Faculty,1435,Media Arts,College of Liberal Arts and Social Sciences,https://facultyinfo.unt.edu/faculty-profile?profile=chm0079#current-teaching
Craige Bandy,Adjunct Faculty,1436,Media Arts,College of Liberal Arts and Social Sciences,https://facultyinfo.unt.edu/faculty-profile?profile=cb1027#current-teaching
Greg Oldenburg,Adjunct Faculty,1437,Media Arts,College of Liberal Arts and Social Sciences,https://facultyinfo.unt.edu/faculty-profile?profile=gbo0014#current-teaching
Hank H. Dickenson,Adjunct Faculty,1438,Media Arts,College of Liberal Arts and Social Sciences,https://facultyinfo.unt.edu/faculty-profile?profile=hhd0001#current-teaching
Jaelene Ramirez,Adjunct Faculty,1439,Media Arts,College of Liberal Arts and Social Sciences,https://facultyinfo.unt.edu/faculty-profile?profile=jr0758#current-teaching
Johnathan P. Paul,Adjunct Faculty,1440,Media Arts,College of Liberal Arts and Social Sciences,https://facultyinfo.unt.edu/faculty-profile?profile=jpm0157#current-teaching
Ladaniel Maxwell,Adjunct Faculty,1441,Media Arts,College of Liberal Arts and Social Sciences,https://facultyinfo.unt.edu/faculty-profile?profile=ldm0253#current-teaching
Lori A. Hershey,Adjunct Faculty,1442,Media Arts,College of Liberal Arts and Social Sciences,https://facultyinfo.unt.edu/faculty-profile?profile=lah0399#current-teaching
Marc Fein,Adjunct Faculty,1443,Media Arts,College of Liberal Arts and Social Sciences,https://facultyinfo.unt.edu/faculty-profile?profile=maf0360#current-teaching
Marjorie A. Lewis,Adjunct Faculty,1444,Media Arts,College of Liberal Arts and Social Sciences,https://facultyinfo.unt.edu/faculty-profile?profile=mal0295#current-teaching
Omar R. Milano,Adjunct Faculty,1445,Media Arts,College of Liberal Arts and Social Sciences,https://facultyinfo.unt.edu/faculty-profile?profile=orm0001#current-teaching
Pete Alfano,Adjunct Faculty,1446,Media Arts,College of Liberal Arts and Social Sciences,https://facultyinfo.unt.edu/faculty-profile?profile=pa0251#current-teaching
Rick N. Walker,Adjunct Faculty,1447,Media Arts,College of Liberal Arts and Social Sciences,https://facultyinfo.unt.edu/faculty-profile?profile=rnw0014#current-teaching
Scott Simon,Adjunct Faculty,1448,Media Arts,College of Liberal Arts and Social Sciences,https://facultyinfo.unt.edu/faculty-profile?profile=ss0047#current-teaching
Sussy H. Ruiz,Adjunct Faculty,1449,Media Arts,College of Liberal Arts and Social Sciences,https://facultyinfo.unt.edu/faculty-profile?profile=shr0031#current-teaching
Taylor Cleveland,Adjunct Faculty,1450,Media Arts,College of Liberal Arts and Social Sciences,https://facultyinfo.unt.edu/faculty-profile?profile=tac0147#current-teaching
Tim Campbell,Adjunct Faculty,1451,Media Arts,College of Liberal Arts and Social Sciences,https://facultyinfo.unt.edu/faculty-profile?profile=tsc0147#current-teaching
Trigg Moore,Adjunct Faculty,1452,Media Arts,College of Liberal Arts and Social Sciences,https://facultyinfo.unt.edu/faculty-profile?profile=tm0743#current-teaching
Troy Perkins,Adjunct Faculty,1453,Media Arts,College of Liberal Arts and Social Sciences,https://facultyinfo.unt.edu/faculty-profile?profile=tap0226#current-teaching
Walker Register,Adjunct Faculty,1454,Media Arts,College of Liberal Arts and Social Sciences,https://facultyinfo.unt.edu/faculty-profile?profile=wvr0010#current-teaching
Brandon Gaesser,Assistant Professor,1455,Media Arts,College of Liberal Arts and Social Sciences,https://facultyinfo.unt.edu/faculty-profile?profile=bmg0216#current-teaching
Josh Gilbert,Assistant Professor of Practice,1456,Media Arts,College of Liberal Arts and Social Sciences,https://facultyinfo.unt.edu/faculty-profile?profile=jg0697#current-teaching
Courtney B. Brannon Donoghue,Associate Professor,1457,Media Arts,College of Liberal Arts and Social Sciences,https://facultyinfo.unt.edu/faculty-profile?profile=cbd0098#current-teaching
Jacqueline R. Vickery,Associate Professor,1458,Media Arts,College of Liberal Arts and Social Sciences,https://facultyinfo.unt.edu/faculty-profile?profile=jrv0082#current-teaching
Jason C. Balas,Associate Professor,1459,Media Arts,College of Liberal Arts and Social Sciences,https://facultyinfo.unt.edu/faculty-profile?profile=jcb0297#current-teaching
Jennifer A. Porst,Associate Professor,1460,Media Arts,College of Liberal Arts and Social Sciences,https://facultyinfo.unt.edu/faculty-profile?profile=jap0509#current-teaching
Harry M. Benshoff,Chair,1461,Media Arts,College of Liberal Arts and Social Sciences,https://facultyinfo.unt.edu/faculty-profile?profile=hmb0006#current-teaching
Christopher C. Brock,Lecturer,1462,Media Arts,College of Liberal Arts and Social Sciences,https://facultyinfo.unt.edu/faculty-profile?profile=ccb0211#current-teaching
Cory Haltinner,Lecturer,1463,Media Arts,College of Liberal Arts and Social Sciences,https://facultyinfo.unt.edu/faculty-profile?profile=cjh0503#current-teaching
Javier Carmona,Lecturer,1464,Media Arts,College of Liberal Arts and Social Sciences,https://facultyinfo.unt.edu/faculty-profile?profile=jc1731#current-teaching
Lisa Hewitt,Lecturer,1465,Media Arts,College of Liberal Arts and Social Sciences,https://facultyinfo.unt.edu/faculty-profile?profile=lwh0057#current-teaching
Tanya Zuk,Lecturer,1466,Media Arts,College of Liberal Arts and Social Sciences,https://facultyinfo.unt.edu/faculty-profile?profile=tdz0006#current-teaching
Phyllis R. Slocum,Modified Service Retiree,1467,Media Arts,College of Liberal Arts and Social Sciences,https://facultyinfo.unt.edu/faculty-profile?profile=prs0018#current-teaching
Brenda K. Jaskulske,Principal Lecturer,1468,Media Arts,College of Liberal Arts and Social Sciences,https://facultyinfo.unt.edu/faculty-profile?profile=bkj0004#current-teaching
Frances Y. Perkins,Principal Lecturer,1469,Media Arts,College of Liberal Arts and Social Sciences,https://facultyinfo.unt.edu/faculty-profile?profile=fyp0003#current-teaching
Eugene L. Martin,Professor,1470,Media Arts,College of Liberal Arts and Social Sciences,https://facultyinfo.unt.edu/faculty-profile?profile=elm0131#current-teaching
Jennifer Gómez Menjívar,Professor,1471,Media Arts,College of Liberal Arts and Social Sciences,https://facultyinfo.unt.edu/faculty-profile?profile=jg1229#current-teaching
Nora S. Gilbert,Professor,1472,Media Arts,College of Liberal Arts and Social Sciences,https://facultyinfo.unt.edu/faculty-profile?profile=nsg0035#current-teaching
Tania Khalaf,Professor,1473,Media Arts,College of Liberal Arts and Social Sciences,https://facultyinfo.unt.edu/faculty-profile?profile=tk0044#current-teaching
Stephen J. Mandiberg,Senior Lecturer,1474,Media Arts,College of Liberal Arts and Social Sciences,https://facultyinfo.unt.edu/faculty-profile?profile=sjm0315#current-teaching
Travis J. Sutton,Senior Lecturer,1475,Media Arts,College of Liberal Arts and Social Sciences,https://facultyinfo.unt.edu/faculty-profile?profile=tjs0119#current-teaching
Chandler Gaydos,Teaching Fellow,1476,Media Arts,College of Liberal Arts and Social Sciences,https://facultyinfo.unt.edu/faculty-profile?profile=cg0857#current-teaching
Hannah Guerrero,Teaching Fellow,1477,Media Arts,College of Liberal Arts and Social Sciences,https://facultyinfo.unt.edu/faculty-profile?profile=hlg0072#current-teaching
Jacqueline V. Davis,Teaching Fellow,1478,Media Arts,College of Liberal Arts and Social Sciences,https://facultyinfo.unt.edu/faculty-profile?profile=jvd0016#current-teaching
Jacqueline Zamorano,Teaching Fellow,1479,Media Arts,College of Liberal Arts and Social Sciences,https://facultyinfo.unt.edu/faculty-profile?profile=jaz0092#current-teaching
Simone M. Obasuyi,Teaching Fellow,1480,Media Arts,College of Liberal Arts and Social Sciences,https://facultyinfo.unt.edu/faculty-profile?profile=smo0088#current-teaching
Mark Moseley,Visiting Lecturer,1481,Media Arts,College of Liberal Arts and Social Sciences,https://facultyinfo.unt.edu/faculty-profile?profile=mrm0192#current-teaching
Steven Ackermann,Visiting Lecturer,1482,Media Arts,College of Liberal Arts and Social Sciences,https://facultyinfo.unt.edu/faculty-profile?profile=sa1479#current-teaching
Bruce Cunningham,,1483,Military Science,College of Liberal Arts and Social Sciences,https://facultyinfo.unt.edu/faculty-profile?profile=bvc0002#current-teaching
Brian Stevenson,Adjunct Faculty,1484,Military Science,College of Liberal Arts and Social Sciences,https://facultyinfo.unt.edu/faculty-profile?profile=bs0916#current-teaching
Ferdinand Awumee,Adjunct Faculty,1485,Military Science,College of Liberal Arts and Social Sciences,https://facultyinfo.unt.edu/faculty-profile?profile=fsa0063#current-teaching
Jake Jackson,Adjunct Faculty,1486,Military Science,College of Liberal Arts and Social Sciences,https://facultyinfo.unt.edu/faculty-profile?profile=jnj0070#current-teaching
Ken G. Dicristofano,Adjunct Faculty,1487,Military Science,College of Liberal Arts and Social Sciences,https://facultyinfo.unt.edu/faculty-profile?profile=kgd0052#current-teaching
Kurt Spasic,Adjunct Faculty,1488,Military Science,College of Liberal Arts and Social Sciences,https://facultyinfo.unt.edu/faculty-profile?profile=kas0164#current-teaching
Maria Salih,Adjunct Faculty,1489,Military Science,College of Liberal Arts and Social Sciences,https://facultyinfo.unt.edu/faculty-profile?profile=mls0693#current-teaching
Paul J. Tetlack,Adjunct Faculty,1490,Military Science,College of Liberal Arts and Social Sciences,https://facultyinfo.unt.edu/faculty-profile?profile=pjt0063#current-teaching
Trae Wolfe,Adjunct Faculty,1491,Military Science,College of Liberal Arts and Social Sciences,https://facultyinfo.unt.edu/faculty-profile?profile=tcw0122#current-teaching
Chorman Thomas,Assistant Professor,1492,Military Science,College of Liberal Arts and Social Sciences,https://facultyinfo.unt.edu/faculty-profile?profile=tmc0224#current-teaching
Kelley Keating,Professor,1493,Military Science,College of Liberal Arts and Social Sciences,https://facultyinfo.unt.edu/faculty-profile?profile=kak0412#current-teaching
Scott Pieluszczak,Professor,1494,Military Science,College of Liberal Arts and Social Sciences,https://facultyinfo.unt.edu/faculty-profile?profile=slp0371#current-teaching
Armando Cavada,Adjunct Faculty,1495,Philosophy and Religion,College of Liberal Arts and Social Sciences,https://facultyinfo.unt.edu/faculty-profile?profile=adc0373#current-teaching
Darryl Howard,Adjunct Faculty,1496,Philosophy and Religion,College of Liberal Arts and Social Sciences,https://facultyinfo.unt.edu/faculty-profile?profile=dh0416#current-teaching
Saadiya Amin,Adjunct Faculty,1497,Philosophy and Religion,College of Liberal Arts and Social Sciences,https://facultyinfo.unt.edu/faculty-profile?profile=sa2340#current-teaching
Savannah Stevens,Adjunct Faculty,1498,Philosophy and Religion,College of Liberal Arts and Social Sciences,https://facultyinfo.unt.edu/faculty-profile?profile=sps0179#current-teaching
Shoshana McIntosh,Adjunct Faculty,1499,Philosophy and Religion,College of Liberal Arts and Social Sciences,https://facultyinfo.unt.edu/faculty-profile?profile=srm0341#current-teaching
Asaf Angermann,Assistant Professor,1500,Philosophy and Religion,College of Liberal Arts and Social Sciences,https://facultyinfo.unt.edu/faculty-profile?profile=aa3539#current-teaching
Denise Meda-Lambru,Assistant Professor,1501,Philosophy and Religion,College of Liberal Arts and Social Sciences,https://facultyinfo.unt.edu/faculty-profile?profile=dm1409#current-teaching
Kim R. De Wolff,Associate Professor,1502,Philosophy and Religion,College of Liberal Arts and Social Sciences,https://facultyinfo.unt.edu/faculty-profile?profile=krd0133#current-teaching
Leah E. Kalmanson,Associate Professor,1503,Philosophy and Religion,College of Liberal Arts and Social Sciences,https://facultyinfo.unt.edu/faculty-profile?profile=lek0100#current-teaching
Terra T. Schwerin Rowe,Associate Professor,1504,Philosophy and Religion,College of Liberal Arts and Social Sciences,https://facultyinfo.unt.edu/faculty-profile?profile=ttr0019#current-teaching
David M. Kaplan,Chair,1505,Philosophy and Religion,College of Liberal Arts and Social Sciences,https://facultyinfo.unt.edu/faculty-profile?profile=dmk0085#current-teaching
Matthew Lampert,Lecturer,1506,Philosophy and Religion,College of Liberal Arts and Social Sciences,https://facultyinfo.unt.edu/faculty-profile?profile=mcl0231#current-teaching
Michael L. Thompson,Principal Lecturer,1507,Philosophy and Religion,College of Liberal Arts and Social Sciences,https://facultyinfo.unt.edu/faculty-profile?profile=mlt0021#current-teaching
Adam R. Briggle,Professor,1508,Philosophy and Religion,College of Liberal Arts and Social Sciences,https://facultyinfo.unt.edu/faculty-profile?profile=arb0234#current-teaching
Irene J. Klaver,Professor,1509,Philosophy and Religion,College of Liberal Arts and Social Sciences,https://facultyinfo.unt.edu/faculty-profile?profile=ijk0003#current-teaching
Martin D. Yaffe,Professor,1510,Philosophy and Religion,College of Liberal Arts and Social Sciences,https://facultyinfo.unt.edu/faculty-profile?profile=mdy0001#current-teaching
Ricardo Rozzi,Professor,1511,Philosophy and Religion,College of Liberal Arts and Social Sciences,https://facultyinfo.unt.edu/faculty-profile?profile=rr0140#current-teaching
Anna Kokareva,Teaching Fellow,1512,Philosophy and Religion,College of Liberal Arts and Social Sciences,https://facultyinfo.unt.edu/faculty-profile?profile=ak0918#current-teaching
Anna Myers,Teaching Fellow,1513,Philosophy and Religion,College of Liberal Arts and Social Sciences,https://facultyinfo.unt.edu/faculty-profile?profile=amm1132#current-teaching
Arlo Smith,Teaching Fellow,1514,Philosophy and Religion,College of Liberal Arts and Social Sciences,https://facultyinfo.unt.edu/faculty-profile?profile=ars0675#current-teaching
Atoosa Afshari,Teaching Fellow,1515,Philosophy and Religion,College of Liberal Arts and Social Sciences,https://facultyinfo.unt.edu/faculty-profile?profile=aa1974#current-teaching
Bernardo R. Vargas,Teaching Fellow,1516,Philosophy and Religion,College of Liberal Arts and Social Sciences,https://facultyinfo.unt.edu/faculty-profile?profile=brv0031#current-teaching
DeLaFuente Z. DeLaFuente,Teaching Fellow,1517,Philosophy and Religion,College of Liberal Arts and Social Sciences,https://facultyinfo.unt.edu/faculty-profile?profile=czd0001#current-teaching
Hayden Ridings,Teaching Fellow,1518,Philosophy and Religion,College of Liberal Arts and Social Sciences,https://facultyinfo.unt.edu/faculty-profile?profile=hcr0053#current-teaching
Jalil Arif,Teaching Fellow,1519,Philosophy and Religion,College of Liberal Arts and Social Sciences,https://facultyinfo.unt.edu/faculty-profile?profile=ma1268#current-teaching
Kevin Siefert,Teaching Fellow,1520,Philosophy and Religion,College of Liberal Arts and Social Sciences,https://facultyinfo.unt.edu/faculty-profile?profile=ks0807#current-teaching
Kumari Neelu Kumari Neelu,Teaching Fellow,1521,Philosophy and Religion,College of Liberal Arts and Social Sciences,https://facultyinfo.unt.edu/faculty-profile?profile=nk1058#current-teaching
Sara Tonge,Teaching Fellow,1522,Philosophy and Religion,College of Liberal Arts and Social Sciences,https://facultyinfo.unt.edu/faculty-profile?profile=st0849#current-teaching
Sean Tan,Teaching Fellow,1523,Philosophy and Religion,College of Liberal Arts and Social Sciences,https://facultyinfo.unt.edu/faculty-profile?profile=xt0054#current-teaching
Sue McRae,Teaching Fellow,1524,Philosophy and Religion,College of Liberal Arts and Social Sciences,https://facultyinfo.unt.edu/faculty-profile?profile=sem0212#current-teaching
Tim Lin,Teaching Fellow,1525,Philosophy and Religion,College of Liberal Arts and Social Sciences,https://facultyinfo.unt.edu/faculty-profile?profile=tl0562#current-teaching
Zeno Serban,Teaching Fellow,1526,Philosophy and Religion,College of Liberal Arts and Social Sciences,https://facultyinfo.unt.edu/faculty-profile?profile=zas0063#current-teaching
Benjamin I. Gross,,1527,Political Science,College of Liberal Arts and Social Sciences,https://facultyinfo.unt.edu/faculty-profile?profile=big0015#current-teaching
David Mennie,Adjunct Faculty,1528,Political Science,College of Liberal Arts and Social Sciences,https://facultyinfo.unt.edu/faculty-profile?profile=dum0006#current-teaching
Jennifer Marie Morbitt,Adjunct Faculty,1529,Political Science,College of Liberal Arts and Social Sciences,https://facultyinfo.unt.edu/faculty-profile?profile=jmorbitt#current-teaching
Jesse Davis,Adjunct Faculty,1530,Political Science,College of Liberal Arts and Social Sciences,https://facultyinfo.unt.edu/faculty-profile?profile=jld0060#current-teaching
Jessica Lambert,Adjunct Faculty,1531,Political Science,College of Liberal Arts and Social Sciences,https://facultyinfo.unt.edu/faculty-profile?profile=jrl0397#current-teaching
Morgan Poe,Adjunct Faculty,1532,Political Science,College of Liberal Arts and Social Sciences,https://facultyinfo.unt.edu/faculty-profile?profile=mlp0296#current-teaching
Riley Ann Seale,Adjunct Faculty,1533,Political Science,College of Liberal Arts and Social Sciences,https://facultyinfo.unt.edu/faculty-profile?profile=ras0469#current-teaching
Alexander S. Duff,Assistant Professor,1534,Political Science,College of Liberal Arts and Social Sciences,https://facultyinfo.unt.edu/faculty-profile?profile=asd0117#current-teaching
Brian Hamel,Assistant Professor,1535,Political Science,College of Liberal Arts and Social Sciences,https://facultyinfo.unt.edu/faculty-profile?profile=bth0099#current-teaching
Leslie K. Finger,Assistant Professor,1536,Political Science,College of Liberal Arts and Social Sciences,https://facultyinfo.unt.edu/faculty-profile?profile=lkf0073#current-teaching
Roman Hlatky,Assistant Professor,1537,Political Science,College of Liberal Arts and Social Sciences,https://facultyinfo.unt.edu/faculty-profile?profile=rh0522#current-teaching
Sanghoon Kim-Leffingwell,Assistant Professor,1538,Political Science,College of Liberal Arts and Social Sciences,https://facultyinfo.unt.edu/faculty-profile?profile=sk4270#current-teaching
Yu-Hsien Sung,Assistant Professor,1539,Political Science,College of Liberal Arts and Social Sciences,https://facultyinfo.unt.edu/faculty-profile?profile=ys0570#current-teaching
Andrea Silva,Associate Professor,1540,Political Science,College of Liberal Arts and Social Sciences,https://facultyinfo.unt.edu/faculty-profile?profile=as1272#current-teaching
Andrew J. Enterline,Associate Professor,1541,Political Science,College of Liberal Arts and Social Sciences,https://facultyinfo.unt.edu/faculty-profile?profile=aje0004#current-teaching
Ashley E. English,Associate Professor,1542,Political Science,College of Liberal Arts and Social Sciences,https://facultyinfo.unt.edu/faculty-profile?profile=aee0076#current-teaching
Diego Esparza,Associate Professor,1543,Political Science,College of Liberal Arts and Social Sciences,https://facultyinfo.unt.edu/faculty-profile?profile=de0117#current-teaching
Gloria C. Cox,Associate Professor,1544,Political Science,College of Liberal Arts and Social Sciences,https://facultyinfo.unt.edu/faculty-profile?profile=gcc0006#current-teaching
Natasha Altema,Associate Professor,1545,Political Science,College of Liberal Arts and Social Sciences,https://facultyinfo.unt.edu/faculty-profile?profile=nea0067#current-teaching
Philip O. Paolino,Associate Professor,1546,Political Science,College of Liberal Arts and Social Sciences,https://facultyinfo.unt.edu/faculty-profile?profile=pp0031#current-teaching
Richard S. Ruderman,Associate Professor,1547,Political Science,College of Liberal Arts and Social Sciences,https://facultyinfo.unt.edu/faculty-profile?profile=ruderman#current-teaching
Chad King,Lecturer,1548,Political Science,College of Liberal Arts and Social Sciences,https://facultyinfo.unt.edu/faculty-profile?profile=cmK072#current-teaching
Dariga Abilova,Lecturer,1549,Political Science,College of Liberal Arts and Social Sciences,https://facultyinfo.unt.edu/faculty-profile?profile=da0606#current-teaching
Gabriela C. Okundaye,Lecturer,1550,Political Science,College of Liberal Arts and Social Sciences,https://facultyinfo.unt.edu/faculty-profile?profile=gco0008#current-teaching
Sing Hui Lee,Lecturer,1551,Political Science,College of Liberal Arts and Social Sciences,https://facultyinfo.unt.edu/faculty-profile?profile=sl1209#current-teaching
Eddie L. Meaders,Principal Lecturer,1552,Political Science,College of Liberal Arts and Social Sciences,https://facultyinfo.unt.edu/faculty-profile?profile=elm0023#current-teaching
Glen Biglaiser,Professor,1553,Political Science,College of Liberal Arts and Social Sciences,https://facultyinfo.unt.edu/faculty-profile?profile=gb0135#current-teaching
Idean Salehyan,Professor,1554,Political Science,College of Liberal Arts and Social Sciences,https://facultyinfo.unt.edu/faculty-profile?profile=is0048#current-teaching
Jacqueline H. Demeritt,Professor,1555,Political Science,College of Liberal Arts and Social Sciences,https://facultyinfo.unt.edu/faculty-profile?profile=jhd0047#current-teaching
John T. Ishiyama,Professor,1556,Political Science,College of Liberal Arts and Social Sciences,https://facultyinfo.unt.edu/faculty-profile?profile=jti0012#current-teaching
Kimi L. King,Professor,1557,Political Science,College of Liberal Arts and Social Sciences,https://facultyinfo.unt.edu/faculty-profile?profile=klk0008#current-teaching
Ko Maeda,Professor,1558,Political Science,College of Liberal Arts and Social Sciences,https://facultyinfo.unt.edu/faculty-profile?profile=km0194#current-teaching
Marijke Breuning,Professor,1559,Political Science,College of Liberal Arts and Social Sciences,https://facultyinfo.unt.edu/faculty-profile?profile=mb0306#current-teaching
Matthew J. Eshbaugh-Soha,Professor,1560,Political Science,College of Liberal Arts and Social Sciences,https://facultyinfo.unt.edu/faculty-profile?profile=me0075#current-teaching
Michael M. Greig,Professor,1561,Political Science,College of Liberal Arts and Social Sciences,https://facultyinfo.unt.edu/faculty-profile?profile=jmg0104#current-teaching
Paul R. Hensel,Professor,1562,Political Science,College of Liberal Arts and Social Sciences,https://facultyinfo.unt.edu/faculty-profile?profile=prh0050#current-teaching
Valerie J. Martinez-Ebers,Professor,1563,Political Science,College of Liberal Arts and Social Sciences,https://facultyinfo.unt.edu/faculty-profile?profile=vjm0007#current-teaching
James D. Meernik,Regents Professor,1564,Political Science,College of Liberal Arts and Social Sciences,https://facultyinfo.unt.edu/faculty-profile?profile=jdm0013#current-teaching
Amanda Bennett,Teaching Fellow,1565,Political Science,College of Liberal Arts and Social Sciences,https://facultyinfo.unt.edu/faculty-profile?profile=akw0109#current-teaching
Amy Friesenhahn,Teaching Fellow,1566,Political Science,College of Liberal Arts and Social Sciences,https://facultyinfo.unt.edu/faculty-profile?profile=akf0070#current-teaching
Ayal Feinberg,Teaching Fellow,1567,Political Science,College of Liberal Arts and Social Sciences,https://facultyinfo.unt.edu/faculty-profile?profile=af0247#current-teaching
Cesar Villegas,Teaching Fellow,1568,Political Science,College of Liberal Arts and Social Sciences,https://facultyinfo.unt.edu/faculty-profile?profile=chv0011#current-teaching
Chase Neill,Teaching Fellow,1569,Political Science,College of Liberal Arts and Social Sciences,https://facultyinfo.unt.edu/faculty-profile?profile=cjn0066#current-teaching
Evan M. Lowe,Teaching Fellow,1570,Political Science,College of Liberal Arts and Social Sciences,https://facultyinfo.unt.edu/faculty-profile?profile=eml0081#current-teaching
Herbert McCullough IV,Teaching Fellow,1571,Political Science,College of Liberal Arts and Social Sciences,https://facultyinfo.unt.edu/faculty-profile?profile=hm0197#current-teaching
Jason Buono,Teaching Fellow,1572,Political Science,College of Liberal Arts and Social Sciences,https://facultyinfo.unt.edu/faculty-profile?profile=jb0817#current-teaching
Jeromey Sims,Teaching Fellow,1573,Political Science,College of Liberal Arts and Social Sciences,https://facultyinfo.unt.edu/faculty-profile?profile=jds0762#current-teaching
Jiong Yao,Teaching Fellow,1574,Political Science,College of Liberal Arts and Social Sciences,https://facultyinfo.unt.edu/faculty-profile?profile=jy0202#current-teaching
Kyle M. Allen,Teaching Fellow,1575,Political Science,College of Liberal Arts and Social Sciences,https://facultyinfo.unt.edu/faculty-profile?profile=kma0187#current-teaching
Lanie Richards,Teaching Fellow,1576,Political Science,College of Liberal Arts and Social Sciences,https://facultyinfo.unt.edu/faculty-profile?profile=lmr0320#current-teaching
Meilin Li,Teaching Fellow,1577,Political Science,College of Liberal Arts and Social Sciences,https://facultyinfo.unt.edu/faculty-profile?profile=ml0828#current-teaching
Mustafa Kirisci,Teaching Fellow,1578,Political Science,College of Liberal Arts and Social Sciences,https://facultyinfo.unt.edu/faculty-profile?profile=mk0470#current-teaching
Nam D. Nguyen,Teaching Fellow,1579,Political Science,College of Liberal Arts and Social Sciences,https://facultyinfo.unt.edu/faculty-profile?profile=ndn0011#current-teaching
O'Dell Tannehill,Teaching Fellow,1580,Political Science,College of Liberal Arts and Social Sciences,https://facultyinfo.unt.edu/faculty-profile?profile=odt0006#current-teaching
Roman Krastev,Teaching Fellow,1581,Political Science,College of Liberal Arts and Social Sciences,https://facultyinfo.unt.edu/faculty-profile?profile=rk0251#current-teaching
Rose Benton,Teaching Fellow,1582,Political Science,College of Liberal Arts and Social Sciences,https://facultyinfo.unt.edu/faculty-profile?profile=arb0365#current-teaching
Sean Cousins,Teaching Fellow,1583,Political Science,College of Liberal Arts and Social Sciences,https://facultyinfo.unt.edu/faculty-profile?profile=sec0316#current-teaching
Seda Sezen Tunali,Teaching Fellow,1584,Political Science,College of Liberal Arts and Social Sciences,https://facultyinfo.unt.edu/faculty-profile?profile=sst0111#current-teaching
Seyma Akyol,Teaching Fellow,1585,Political Science,College of Liberal Arts and Social Sciences,https://facultyinfo.unt.edu/faculty-profile?profile=sa0804#current-teaching
Jongpil Chung,Visiting Lecturer,1586,Political Science,College of Liberal Arts and Social Sciences,https://facultyinfo.unt.edu/faculty-profile?profile=jc1344#current-teaching
Gabby A. Weierbach,Adjunct Faculty,1587,Psychology,College of Liberal Arts and Social Sciences,https://facultyinfo.unt.edu/faculty-profile?profile=gaw0108#current-teaching
Mark Barisa,Adjunct Faculty,1588,Psychology,College of Liberal Arts and Social Sciences,https://facultyinfo.unt.edu/faculty-profile?profile=mtb0187#current-teaching
Wyatt R. Evans,Adjunct Faculty,1589,Psychology,College of Liberal Arts and Social Sciences,https://facultyinfo.unt.edu/faculty-profile?profile=wre0014#current-teaching
Kiet Huynh,Assistant Professor,1590,Psychology,College of Liberal Arts and Social Sciences,https://facultyinfo.unt.edu/faculty-profile?profile=kdh0380#current-teaching
Camilo Ruggero,Professor,1591,Psychology,College of Liberal Arts and Social Sciences,https://facultyinfo.unt.edu/faculty-profile?profile=cr0205#current-teaching
Terry E. Davis,Senior Lecturer,1592,Psychology,College of Liberal Arts and Social Sciences,https://facultyinfo.unt.edu/faculty-profile?profile=ted0078#current-teaching
Todd Kirk,Senior Lecturer,1593,Psychology,College of Liberal Arts and Social Sciences,https://facultyinfo.unt.edu/faculty-profile?profile=ctk0006#current-teaching
Anabel Potts,Teaching Fellow,1594,Psychology,College of Liberal Arts and Social Sciences,https://facultyinfo.unt.edu/faculty-profile?profile=ap0591#current-teaching
Anna Straughan,Teaching Fellow,1595,Psychology,College of Liberal Arts and Social Sciences,https://facultyinfo.unt.edu/faculty-profile?profile=ams1078#current-teaching
Chloe white,Teaching Fellow,1596,Psychology,College of Liberal Arts and Social Sciences,https://facultyinfo.unt.edu/faculty-profile?profile=cew0272#current-teaching
Christopher B. Alkire,Teaching Fellow,1597,Psychology,College of Liberal Arts and Social Sciences,https://facultyinfo.unt.edu/faculty-profile?profile=cba0067#current-teaching
Coonima Kennedy,Teaching Fellow,1598,Psychology,College of Liberal Arts and Social Sciences,https://facultyinfo.unt.edu/faculty-profile?profile=cbk0076#current-teaching
Dannie Haakinson,Teaching Fellow,1599,Psychology,College of Liberal Arts and Social Sciences,https://facultyinfo.unt.edu/faculty-profile?profile=dnh0120#current-teaching
Darlene Ngo,Teaching Fellow,1600,Psychology,College of Liberal Arts and Social Sciences,https://facultyinfo.unt.edu/faculty-profile?profile=dan0115#current-teaching
Dionne Regis,Teaching Fellow,1601,Psychology,College of Liberal Arts and Social Sciences,https://facultyinfo.unt.edu/faculty-profile?profile=drr0197#current-teaching
Evan S. Lawson,Teaching Fellow,1602,Psychology,College of Liberal Arts and Social Sciences,https://facultyinfo.unt.edu/faculty-profile?profile=esl0041#current-teaching
Gavin Dunn,Teaching Fellow,1603,Psychology,College of Liberal Arts and Social Sciences,https://facultyinfo.unt.edu/faculty-profile?profile=gjd0056#current-teaching
Ifrah Majeed,Teaching Fellow,1604,Psychology,College of Liberal Arts and Social Sciences,https://facultyinfo.unt.edu/faculty-profile?profile=irm0036#current-teaching
Jake W. Hanes,Teaching Fellow,1605,Psychology,College of Liberal Arts and Social Sciences,https://facultyinfo.unt.edu/faculty-profile?profile=jwh0266#current-teaching
Jamie Pogue,Teaching Fellow,1606,Psychology,College of Liberal Arts and Social Sciences,https://facultyinfo.unt.edu/faculty-profile?profile=jrp0236#current-teaching
Janice Goris,Teaching Fellow,1607,Psychology,College of Liberal Arts and Social Sciences,https://facultyinfo.unt.edu/faculty-profile?profile=jgg0217#current-teaching
Jenna Tomalski,Teaching Fellow,1608,Psychology,College of Liberal Arts and Social Sciences,https://facultyinfo.unt.edu/faculty-profile?profile=jlt0333#current-teaching
Jonathan Cajas,Teaching Fellow,1609,Psychology,College of Liberal Arts and Social Sciences,https://facultyinfo.unt.edu/faculty-profile?profile=joc0021#current-teaching
Joseph Vilches,Teaching Fellow,1610,Psychology,College of Liberal Arts and Social Sciences,https://facultyinfo.unt.edu/faculty-profile?profile=jv0401#current-teaching
Kelechi Eziri,Teaching Fellow,1611,Psychology,College of Liberal Arts and Social Sciences,https://facultyinfo.unt.edu/faculty-profile?profile=kme0198#current-teaching
Lamia L. Yanouri,Teaching Fellow,1612,Psychology,College of Liberal Arts and Social Sciences,https://facultyinfo.unt.edu/faculty-profile?profile=lly0019#current-teaching
Lauren Wagner,Teaching Fellow,1613,Psychology,College of Liberal Arts and Social Sciences,https://facultyinfo.unt.edu/faculty-profile?profile=lmw0329#current-teaching
Lynn Moussa Pasha,Teaching Fellow,1614,Psychology,College of Liberal Arts and Social Sciences,https://facultyinfo.unt.edu/faculty-profile?profile=lm1095#current-teaching
Mackenzie Baranski,Teaching Fellow,1615,Psychology,College of Liberal Arts and Social Sciences,https://facultyinfo.unt.edu/faculty-profile?profile=mb1690#current-teaching
Madasen Briggs,Teaching Fellow,1616,Psychology,College of Liberal Arts and Social Sciences,https://facultyinfo.unt.edu/faculty-profile?profile=mrb0338#current-teaching
Maddie Straup,Teaching Fellow,1617,Psychology,College of Liberal Arts and Social Sciences,https://facultyinfo.unt.edu/faculty-profile?profile=mls0638#current-teaching
Mariia Mezhenska,Teaching Fellow,1618,Psychology,College of Liberal Arts and Social Sciences,https://facultyinfo.unt.edu/faculty-profile?profile=mm3248#current-teaching
Megan Hricovic,Teaching Fellow,1619,Psychology,College of Liberal Arts and Social Sciences,https://facultyinfo.unt.edu/faculty-profile?profile=mmh0356#current-teaching
Minqi Pan,Teaching Fellow,1620,Psychology,College of Liberal Arts and Social Sciences,https://facultyinfo.unt.edu/faculty-profile?profile=mp0665#current-teaching
Olivia Kit,Teaching Fellow,1621,Psychology,College of Liberal Arts and Social Sciences,https://facultyinfo.unt.edu/faculty-profile?profile=ok0064#current-teaching
Patrick Smith,Teaching Fellow,1622,Psychology,College of Liberal Arts and Social Sciences,https://facultyinfo.unt.edu/faculty-profile?profile=pms0082#current-teaching
Peter Gu,Teaching Fellow,1623,Psychology,College of Liberal Arts and Social Sciences,https://facultyinfo.unt.edu/faculty-profile?profile=pg0207#current-teaching
Prynce Fant,Teaching Fellow,1624,Psychology,College of Liberal Arts and Social Sciences,https://facultyinfo.unt.edu/faculty-profile?profile=pf0125#current-teaching
Ruth L. King,Teaching Fellow,1625,Psychology,College of Liberal Arts and Social Sciences,https://facultyinfo.unt.edu/faculty-profile?profile=rlk0123#current-teaching
Yi-Ting Chang,Teaching Fellow,1626,Psychology,College of Liberal Arts and Social Sciences,https://facultyinfo.unt.edu/faculty-profile?profile=yc0494#current-teaching
Elizabeth Joseph,Visiting Lecturer,1627,Psychology,College of Liberal Arts and Social Sciences,https://facultyinfo.unt.edu/faculty-profile?profile=edj0041#current-teaching
Marisa C. Gonzales,Adjunct Faculty,1628,Sociology,College of Liberal Arts and Social Sciences,https://facultyinfo.unt.edu/faculty-profile?profile=mg0214#current-teaching
Allison Suppan Helmuth,Assistant Professor,1629,Sociology,College of Liberal Arts and Social Sciences,https://facultyinfo.unt.edu/faculty-profile?profile=ash0340#current-teaching
Gul Seckin,Associate Professor,1630,Sociology,College of Liberal Arts and Social Sciences,https://facultyinfo.unt.edu/faculty-profile?profile=gs0254#current-teaching
Katie E. Sobering,Associate Professor,1631,Sociology,College of Liberal Arts and Social Sciences,https://facultyinfo.unt.edu/faculty-profile?profile=kes0306#current-teaching
Kevin J. McCaffree,Associate Professor,1632,Sociology,College of Liberal Arts and Social Sciences,https://facultyinfo.unt.edu/faculty-profile?profile=kjm0287#current-teaching
Ronald C. Kwon,Associate Professor,1633,Sociology,College of Liberal Arts and Social Sciences,https://facultyinfo.unt.edu/faculty-profile?profile=rck0062#current-teaching
William J. Scarborough,Associate Professor,1634,Sociology,College of Liberal Arts and Social Sciences,https://facultyinfo.unt.edu/faculty-profile?profile=wjs0079#current-teaching
Matthew A. Painter,Chair,1635,Sociology,College of Liberal Arts and Social Sciences,https://facultyinfo.unt.edu/faculty-profile?profile=map0557#current-teaching
Helen F. Potts,Principal Lecturer,1636,Sociology,College of Liberal Arts and Social Sciences,https://facultyinfo.unt.edu/faculty-profile?profile=hfp0003#current-teaching
Dale E. Yeatts,Professor,1637,Sociology,College of Liberal Arts and Social Sciences,https://facultyinfo.unt.edu/faculty-profile?profile=deyeatts#current-teaching
Donna A. Barnes,Professor,1638,Sociology,College of Liberal Arts and Social Sciences,https://facultyinfo.unt.edu/faculty-profile?profile=dab0373#current-teaching
Milan Z. Zafirovski,Professor,1639,Sociology,College of Liberal Arts and Social Sciences,https://facultyinfo.unt.edu/faculty-profile?profile=mz0008#current-teaching
Karen Monique Gregg,Senior Lecturer,1640,Sociology,College of Liberal Arts and Social Sciences,https://facultyinfo.unt.edu/faculty-profile?profile=kmg0313#current-teaching
Ghazaleh Ebnenasir,Teaching Fellow,1641,Sociology,College of Liberal Arts and Social Sciences,https://facultyinfo.unt.edu/faculty-profile?profile=ge0146#current-teaching
Giselle Greenidge,Teaching Fellow,1642,Sociology,College of Liberal Arts and Social Sciences,https://facultyinfo.unt.edu/faculty-profile?profile=gcg0037#current-teaching
Jennifer Knudsen,Teaching Fellow,1643,Sociology,College of Liberal Arts and Social Sciences,https://facultyinfo.unt.edu/faculty-profile?profile=jk0443#current-teaching
Khoi Tran,Teaching Fellow,1644,Sociology,College of Liberal Arts and Social Sciences,https://facultyinfo.unt.edu/faculty-profile?profile=ht0224#current-teaching
London Larsen,Teaching Fellow,1645,Sociology,College of Liberal Arts and Social Sciences,https://facultyinfo.unt.edu/faculty-profile?profile=lpl0030#current-teaching
Maliha Mahbub,Teaching Fellow,1646,Sociology,College of Liberal Arts and Social Sciences,https://facultyinfo.unt.edu/faculty-profile?profile=mm2433#current-teaching
Md Akter Hossen,Teaching Fellow,1647,Sociology,College of Liberal Arts and Social Sciences,https://facultyinfo.unt.edu/faculty-profile?profile=mh1245#current-teaching
Mehr Mumtaz,Teaching Fellow,1648,Sociology,College of Liberal Arts and Social Sciences,https://facultyinfo.unt.edu/faculty-profile?profile=mm1615#current-teaching
Momna Rani,Teaching Fellow,1649,Sociology,College of Liberal Arts and Social Sciences,https://facultyinfo.unt.edu/faculty-profile?profile=mr2131#current-teaching
Monisha Alam,Teaching Fellow,1650,Sociology,College of Liberal Arts and Social Sciences,https://facultyinfo.unt.edu/faculty-profile?profile=ma2097#current-teaching
Natália Heringer-Luckemeier,Teaching Fellow,1651,Sociology,College of Liberal Arts and Social Sciences,https://facultyinfo.unt.edu/faculty-profile?profile=nh0418#current-teaching
Neha Jangeti,Teaching Fellow,1652,Sociology,College of Liberal Arts and Social Sciences,https://facultyinfo.unt.edu/faculty-profile?profile=nj0044#current-teaching
Nikolitsa Grigoropoulou,Teaching Fellow,1653,Sociology,College of Liberal Arts and Social Sciences,https://facultyinfo.unt.edu/faculty-profile?profile=ng0148#current-teaching
Tanya N. Faglie,Teaching Fellow,1654,Sociology,College of Liberal Arts and Social Sciences,https://facultyinfo.unt.edu/faculty-profile?profile=tns0056#current-teaching
Abimbola Ijagbemi,Adjunct Faculty,1655,Technical Communication,College of Liberal Arts and Social Sciences,https://facultyinfo.unt.edu/faculty-profile?profile=ai0287#current-teaching
Adam Stein,Adjunct Faculty,1656,Technical Communication,College of Liberal Arts and Social Sciences,https://facultyinfo.unt.edu/faculty-profile?profile=aks0335#current-teaching
Alicia C. Beretta,Adjunct Faculty,1657,Technical Communication,College of Liberal Arts and Social Sciences,https://facultyinfo.unt.edu/faculty-profile?profile=acb0327#current-teaching
Auriana Myles,Adjunct Faculty,1658,Technical Communication,College of Liberal Arts and Social Sciences,https://facultyinfo.unt.edu/faculty-profile?profile=anm0374#current-teaching
Autumn L. Hood,Adjunct Faculty,1659,Technical Communication,College of Liberal Arts and Social Sciences,https://facultyinfo.unt.edu/faculty-profile?profile=alh0305#current-teaching
Brad Kralik,Adjunct Faculty,1660,Technical Communication,College of Liberal Arts and Social Sciences,https://facultyinfo.unt.edu/faculty-profile?profile=bk0037#current-teaching
Cynthia M. Pope,Adjunct Faculty,1661,Technical Communication,College of Liberal Arts and Social Sciences,https://facultyinfo.unt.edu/faculty-profile?profile=cmp0354#current-teaching
Danielle Koepke,Adjunct Faculty,1662,Technical Communication,College of Liberal Arts and Social Sciences,https://facultyinfo.unt.edu/faculty-profile?profile=dmk0192#current-teaching
Emily January,Adjunct Faculty,1663,Technical Communication,College of Liberal Arts and Social Sciences,https://facultyinfo.unt.edu/faculty-profile?profile=ej0320#current-teaching
Eric Camarillo,Adjunct Faculty,1664,Technical Communication,College of Liberal Arts and Social Sciences,https://facultyinfo.unt.edu/faculty-profile?profile=ecc0086#current-teaching
Esther Houghtaling,Adjunct Faculty,1665,Technical Communication,College of Liberal Arts and Social Sciences,https://facultyinfo.unt.edu/faculty-profile?profile=ejb0081#current-teaching
Hannah Bravenec,Adjunct Faculty,1666,Technical Communication,College of Liberal Arts and Social Sciences,https://facultyinfo.unt.edu/faculty-profile?profile=hmb0170#current-teaching
Hannah Stevens,Adjunct Faculty,1667,Technical Communication,College of Liberal Arts and Social Sciences,https://facultyinfo.unt.edu/faculty-profile?profile=hls0174#current-teaching
Jake R. Vander Vaate,Adjunct Faculty,1668,Technical Communication,College of Liberal Arts and Social Sciences,https://facultyinfo.unt.edu/faculty-profile?profile=jrv0094#current-teaching
James Muniz,Adjunct Faculty,1669,Technical Communication,College of Liberal Arts and Social Sciences,https://facultyinfo.unt.edu/faculty-profile?profile=jom0024#current-teaching
Jaya Wagle,Adjunct Faculty,1670,Technical Communication,College of Liberal Arts and Social Sciences,https://facultyinfo.unt.edu/faculty-profile?profile=jw0458#current-teaching
Jeannie Bellisario,Adjunct Faculty,1671,Technical Communication,College of Liberal Arts and Social Sciences,https://facultyinfo.unt.edu/faculty-profile?profile=jb0832#current-teaching
Juliette Holder,Adjunct Faculty,1672,Technical Communication,College of Liberal Arts and Social Sciences,https://facultyinfo.unt.edu/faculty-profile?profile=jh1450#current-teaching
Kathryn B. Walther,Adjunct Faculty,1673,Technical Communication,College of Liberal Arts and Social Sciences,https://facultyinfo.unt.edu/faculty-profile?profile=krb0222#current-teaching
Lee Williams,Adjunct Faculty,1674,Technical Communication,College of Liberal Arts and Social Sciences,https://facultyinfo.unt.edu/faculty-profile?profile=ltw0044#current-teaching
Lynn E. Bissett,Adjunct Faculty,1675,Technical Communication,College of Liberal Arts and Social Sciences,https://facultyinfo.unt.edu/faculty-profile?profile=lkw0003#current-teaching
Maureen M. Trussell,Adjunct Faculty,1676,Technical Communication,College of Liberal Arts and Social Sciences,https://facultyinfo.unt.edu/faculty-profile?profile=pmt0045#current-teaching
Megan Schuth,Adjunct Faculty,1677,Technical Communication,College of Liberal Arts and Social Sciences,https://facultyinfo.unt.edu/faculty-profile?profile=mdm0019#current-teaching
Oren C. Bruton,Adjunct Faculty,1678,Technical Communication,College of Liberal Arts and Social Sciences,https://facultyinfo.unt.edu/faculty-profile?profile=ocb0005#current-teaching
Paula A. Lewis,Adjunct Faculty,1679,Technical Communication,College of Liberal Arts and Social Sciences,https://facultyinfo.unt.edu/faculty-profile?profile=pal0135#current-teaching
Shelby Booth,Adjunct Faculty,1680,Technical Communication,College of Liberal Arts and Social Sciences,https://facultyinfo.unt.edu/faculty-profile?profile=sb3456#current-teaching
Steven Fonash,Adjunct Faculty,1681,Technical Communication,College of Liberal Arts and Social Sciences,https://facultyinfo.unt.edu/faculty-profile?profile=sf0585#current-teaching
Stevie A. Kilpatrick,Adjunct Faculty,1682,Technical Communication,College of Liberal Arts and Social Sciences,https://facultyinfo.unt.edu/faculty-profile?profile=sak0007#current-teaching
Susan Mckenzie,Adjunct Faculty,1683,Technical Communication,College of Liberal Arts and Social Sciences,https://facultyinfo.unt.edu/faculty-profile?profile=sm1502#current-teaching
Susan Rauch,Adjunct Faculty,1684,Technical Communication,College of Liberal Arts and Social Sciences,https://facultyinfo.unt.edu/faculty-profile?profile=str0080#current-teaching
Syd Coppersmith,Adjunct Faculty,1685,Technical Communication,College of Liberal Arts and Social Sciences,https://facultyinfo.unt.edu/faculty-profile?profile=sc2300#current-teaching
Tammy Winner,Adjunct Faculty,1686,Technical Communication,College of Liberal Arts and Social Sciences,https://facultyinfo.unt.edu/faculty-profile?profile=tsw0146#current-teaching
Ashley Rea,Assistant Professor,1687,Technical Communication,College of Liberal Arts and Social Sciences,https://facultyinfo.unt.edu/faculty-profile?profile=ear0360#current-teaching
Jiaxin Zhang,Assistant Professor,1688,Technical Communication,College of Liberal Arts and Social Sciences,https://facultyinfo.unt.edu/faculty-profile?profile=jz0346#current-teaching
Jordan J. Smith,Assistant Professor,1689,Technical Communication,College of Liberal Arts and Social Sciences,https://facultyinfo.unt.edu/faculty-profile?profile=tjs0280#current-teaching
Kathryn Hall,Assistant Professor,1690,Technical Communication,College of Liberal Arts and Social Sciences,https://facultyinfo.unt.edu/faculty-profile?profile=kh0620#current-teaching
Mason Pellegrini,Assistant Professor,1691,Technical Communication,College of Liberal Arts and Social Sciences,https://facultyinfo.unt.edu/faculty-profile?profile=mtp0104#current-teaching
Sam J. Cosgrove,Assistant Professor,1692,Technical Communication,College of Liberal Arts and Social Sciences,https://facultyinfo.unt.edu/faculty-profile?profile=sjc0258#current-teaching
Ryan K. Boettger,Chair,1693,Technical Communication,College of Liberal Arts and Social Sciences,https://facultyinfo.unt.edu/faculty-profile?profile=rkb0004#current-teaching
Adam W. Fout,Lecturer,1694,Technical Communication,College of Liberal Arts and Social Sciences,https://facultyinfo.unt.edu/faculty-profile?profile=awf0021#current-teaching
Eric Williams,Lecturer,1695,Technical Communication,College of Liberal Arts and Social Sciences,https://facultyinfo.unt.edu/faculty-profile?profile=elw0177#current-teaching
Jill Harold,Lecturer,1696,Technical Communication,College of Liberal Arts and Social Sciences,https://facultyinfo.unt.edu/faculty-profile?profile=jsh0131#current-teaching
Chris Y. Lam,Professor,1697,Technical Communication,College of Liberal Arts and Social Sciences,https://facultyinfo.unt.edu/faculty-profile?profile=cyl0017#current-teaching
Erin F. Friess,Professor,1698,Technical Communication,College of Liberal Arts and Social Sciences,https://facultyinfo.unt.edu/faculty-profile?profile=efp0011#current-teaching
Kim S. Campbell,Professor,1699,Technical Communication,College of Liberal Arts and Social Sciences,https://facultyinfo.unt.edu/faculty-profile?profile=ksc0170#current-teaching
Cheryl A. Croall,Senior Lecturer,1700,Technical Communication,College of Liberal Arts and Social Sciences,https://facultyinfo.unt.edu/faculty-profile?profile=cal0046#current-teaching
Bernie Scheffler,Teaching Fellow,1701,Technical Communication,College of Liberal Arts and Social Sciences,https://facultyinfo.unt.edu/faculty-profile?profile=brs0198#current-teaching
Lasamee Kettavong,Teaching Fellow,1702,Technical Communication,College of Liberal Arts and Social Sciences,https://facultyinfo.unt.edu/faculty-profile?profile=lk0093#current-teaching
Leigh T. Messenger,Teaching Fellow,1703,Technical Communication,College of Liberal Arts and Social Sciences,https://facultyinfo.unt.edu/faculty-profile?profile=ltm0041#current-teaching
Shristi Bashyal,Teaching Fellow,1704,Technical Communication,College of Liberal Arts and Social Sciences,https://facultyinfo.unt.edu/faculty-profile?profile=sb1599#current-teaching
Sumshot Khular,Teaching Fellow,1705,Technical Communication,College of Liberal Arts and Social Sciences,https://facultyinfo.unt.edu/faculty-profile?profile=sk0964#current-teaching
Elisha R. Oliver,Adjunct Faculty,1706,Women's and Gender Studies,College of Liberal Arts and Social Sciences,https://facultyinfo.unt.edu/faculty-profile?profile=ero0015#current-teaching
Katherine Ritter,Lecturer,1707,Women's and Gender Studies,College of Liberal Arts and Social Sciences,https://facultyinfo.unt.edu/faculty-profile?profile=kmr0426#current-teaching
Ozlem Altiok,Principal Lecturer,1708,Women's and Gender Studies,College of Liberal Arts and Social Sciences,https://facultyinfo.unt.edu/faculty-profile?profile=oa0023#current-teaching
Abigail Obafemi,Adjunct Faculty,1709,"World Languages, Literatures, and Cultures",College of Liberal Arts and Social Sciences,https://facultyinfo.unt.edu/faculty-profile?profile=aio0041#current-teaching
Cecilia R. Garcia,Adjunct Faculty,1710,"World Languages, Literatures, and Cultures",College of Liberal Arts and Social Sciences,https://facultyinfo.unt.edu/faculty-profile?profile=cg0307#current-teaching
Chan Kim,Adjunct Faculty,1711,"World Languages, Literatures, and Cultures",College of Liberal Arts and Social Sciences,https://facultyinfo.unt.edu/faculty-profile?profile=ck0510#current-teaching
Courtney Ko,Adjunct Faculty,1712,"World Languages, Literatures, and Cultures",College of Liberal Arts and Social Sciences,https://facultyinfo.unt.edu/faculty-profile?profile=cdk0141#current-teaching
Dionne Agawu,Adjunct Faculty,1713,"World Languages, Literatures, and Cultures",College of Liberal Arts and Social Sciences,https://facultyinfo.unt.edu/faculty-profile?profile=da0276#current-teaching
Elizabeth Rentner,Adjunct Faculty,1714,"World Languages, Literatures, and Cultures",College of Liberal Arts and Social Sciences,https://facultyinfo.unt.edu/faculty-profile?profile=eam0098#current-teaching
Eric L. Fuentes,Adjunct Faculty,1715,"World Languages, Literatures, and Cultures",College of Liberal Arts and Social Sciences,https://facultyinfo.unt.edu/faculty-profile?profile=elf0014#current-teaching
Erika Trammell-Conerly,Adjunct Faculty,1716,"World Languages, Literatures, and Cultures",College of Liberal Arts and Social Sciences,https://facultyinfo.unt.edu/faculty-profile?profile=et0348#current-teaching
Flora Bruno,Adjunct Faculty,1717,"World Languages, Literatures, and Cultures",College of Liberal Arts and Social Sciences,https://facultyinfo.unt.edu/faculty-profile?profile=fmj0015#current-teaching
Heather Millirons,Adjunct Faculty,1718,"World Languages, Literatures, and Cultures",College of Liberal Arts and Social Sciences,https://facultyinfo.unt.edu/faculty-profile?profile=ham0214#current-teaching
Jo Ann A. Nunnelly,Adjunct Faculty,1719,"World Languages, Literatures, and Cultures",College of Liberal Arts and Social Sciences,https://facultyinfo.unt.edu/faculty-profile?profile=jan0006#current-teaching
John Thorburn,Adjunct Faculty,1720,"World Languages, Literatures, and Cultures",College of Liberal Arts and Social Sciences,https://facultyinfo.unt.edu/faculty-profile?profile=jet0281#current-teaching
Karen C. Upchurch,Adjunct Faculty,1721,"World Languages, Literatures, and Cultures",College of Liberal Arts and Social Sciences,https://facultyinfo.unt.edu/faculty-profile?profile=kcu0001#current-teaching
Kat Spangler,Adjunct Faculty,1722,"World Languages, Literatures, and Cultures",College of Liberal Arts and Social Sciences,https://facultyinfo.unt.edu/faculty-profile?profile=kss0237#current-teaching
Li Li,Adjunct Faculty,1723,"World Languages, Literatures, and Cultures",College of Liberal Arts and Social Sciences,https://facultyinfo.unt.edu/faculty-profile?profile=ll0701#current-teaching
Lisalee Egbert,Adjunct Faculty,1724,"World Languages, Literatures, and Cultures",College of Liberal Arts and Social Sciences,https://facultyinfo.unt.edu/faculty-profile?profile=le0005#current-teaching
Livia Bambacaro,Adjunct Faculty,1725,"World Languages, Literatures, and Cultures",College of Liberal Arts and Social Sciences,https://facultyinfo.unt.edu/faculty-profile?profile=lb0409#current-teaching
Marita Cleaver,Adjunct Faculty,1726,"World Languages, Literatures, and Cultures",College of Liberal Arts and Social Sciences,https://facultyinfo.unt.edu/faculty-profile?profile=mic0094#current-teaching
Melanie R. Switlik,Adjunct Faculty,1727,"World Languages, Literatures, and Cultures",College of Liberal Arts and Social Sciences,https://facultyinfo.unt.edu/faculty-profile?profile=mrs0317#current-teaching
Melisande Maddox,Adjunct Faculty,1728,"World Languages, Literatures, and Cultures",College of Liberal Arts and Social Sciences,https://facultyinfo.unt.edu/faculty-profile?profile=mb0120#current-teaching
Meng Yang,Adjunct Faculty,1729,"World Languages, Literatures, and Cultures",College of Liberal Arts and Social Sciences,https://facultyinfo.unt.edu/faculty-profile?profile=my0386#current-teaching
Molly E. Sweigart,Adjunct Faculty,1730,"World Languages, Literatures, and Cultures",College of Liberal Arts and Social Sciences,https://facultyinfo.unt.edu/faculty-profile?profile=mep0165#current-teaching
Nami Kroska,Adjunct Faculty,1731,"World Languages, Literatures, and Cultures",College of Liberal Arts and Social Sciences,https://facultyinfo.unt.edu/faculty-profile?profile=nkk0022#current-teaching
Natali Herrera-Pacheco,Adjunct Faculty,1732,"World Languages, Literatures, and Cultures",College of Liberal Arts and Social Sciences,https://facultyinfo.unt.edu/faculty-profile?profile=nh0405#current-teaching
Natalie S. Thomas,Adjunct Faculty,1733,"World Languages, Literatures, and Cultures",College of Liberal Arts and Social Sciences,https://facultyinfo.unt.edu/faculty-profile?profile=nst0026#current-teaching
Nicholey E. Schwab,Adjunct Faculty,1734,"World Languages, Literatures, and Cultures",College of Liberal Arts and Social Sciences,https://facultyinfo.unt.edu/faculty-profile?profile=nes0001#current-teaching
Peter Quint,Adjunct Faculty,1735,"World Languages, Literatures, and Cultures",College of Liberal Arts and Social Sciences,https://facultyinfo.unt.edu/faculty-profile?profile=pmq0006#current-teaching
Ruihua Liu,Adjunct Faculty,1736,"World Languages, Literatures, and Cultures",College of Liberal Arts and Social Sciences,https://facultyinfo.unt.edu/faculty-profile?profile=rl0523#current-teaching
Ryan C. Redmond,Adjunct Faculty,1737,"World Languages, Literatures, and Cultures",College of Liberal Arts and Social Sciences,https://facultyinfo.unt.edu/faculty-profile?profile=rcr0148#current-teaching
Stella L. Reed,Adjunct Faculty,1738,"World Languages, Literatures, and Cultures",College of Liberal Arts and Social Sciences,https://facultyinfo.unt.edu/faculty-profile?profile=slr0268#current-teaching
Stephanie L. Murphy,Adjunct Faculty,1739,"World Languages, Literatures, and Cultures",College of Liberal Arts and Social Sciences,https://facultyinfo.unt.edu/faculty-profile?profile=slm0572#current-teaching
Steven Richards,Adjunct Faculty,1740,"World Languages, Literatures, and Cultures",College of Liberal Arts and Social Sciences,https://facultyinfo.unt.edu/faculty-profile?profile=scr0110#current-teaching
Tine M. Larsen,Adjunct Faculty,1741,"World Languages, Literatures, and Cultures",College of Liberal Arts and Social Sciences,https://facultyinfo.unt.edu/faculty-profile?profile=tml0027#current-teaching
Werner G. Padilla,Adjunct Faculty,1742,"World Languages, Literatures, and Cultures",College of Liberal Arts and Social Sciences,https://facultyinfo.unt.edu/faculty-profile?profile=wgp0019#current-teaching
Yahn Niazebo,Adjunct Faculty,1743,"World Languages, Literatures, and Cultures",College of Liberal Arts and Social Sciences,https://facultyinfo.unt.edu/faculty-profile?profile=yhn0011#current-teaching
Yunet Puentes,Adjunct Faculty,1744,"World Languages, Literatures, and Cultures",College of Liberal Arts and Social Sciences,https://facultyinfo.unt.edu/faculty-profile?profile=yp0148#current-teaching
Adam Manfredi,Assistant Professor,1745,"World Languages, Literatures, and Cultures",College of Liberal Arts and Social Sciences,https://facultyinfo.unt.edu/faculty-profile?profile=asm0444#current-teaching
Daniel Carrillo-Jara,Assistant Professor,1746,"World Languages, Literatures, and Cultures",College of Liberal Arts and Social Sciences,https://facultyinfo.unt.edu/faculty-profile?profile=dac0475#current-teaching
Frederik Hartmann,Assistant Professor,1747,"World Languages, Literatures, and Cultures",College of Liberal Arts and Social Sciences,https://facultyinfo.unt.edu/faculty-profile?profile=fh0183#current-teaching
Kaori Furuya,Associate Professor,1748,"World Languages, Literatures, and Cultures",College of Liberal Arts and Social Sciences,https://facultyinfo.unt.edu/faculty-profile?profile=kf0134#current-teaching
Samuel C. Manickam,Associate Professor,1749,"World Languages, Literatures, and Cultures",College of Liberal Arts and Social Sciences,https://facultyinfo.unt.edu/faculty-profile?profile=sm0433#current-teaching
Christoph D. Weber,Chair,1750,"World Languages, Literatures, and Cultures",College of Liberal Arts and Social Sciences,https://facultyinfo.unt.edu/faculty-profile?profile=cdw0198#current-teaching
Andrew J. Wahlert,Lecturer,1751,"World Languages, Literatures, and Cultures",College of Liberal Arts and Social Sciences,https://facultyinfo.unt.edu/faculty-profile?profile=ajw0134#current-teaching
Audrey A. Sendejo,Lecturer,1752,"World Languages, Literatures, and Cultures",College of Liberal Arts and Social Sciences,https://facultyinfo.unt.edu/faculty-profile?profile=aas0477#current-teaching
Miwako Ichikawa,Lecturer,1753,"World Languages, Literatures, and Cultures",College of Liberal Arts and Social Sciences,https://facultyinfo.unt.edu/faculty-profile?profile=mi0140#current-teaching
Xin Liu,Lecturer,1754,"World Languages, Literatures, and Cultures",College of Liberal Arts and Social Sciences,https://facultyinfo.unt.edu/faculty-profile?profile=xl0239#current-teaching
Caroline A. Najour,Principal Lecturer,1755,"World Languages, Literatures, and Cultures",College of Liberal Arts and Social Sciences,https://facultyinfo.unt.edu/faculty-profile?profile=cn0169#current-teaching
Cindy K. Renker,Principal Lecturer,1756,"World Languages, Literatures, and Cultures",College of Liberal Arts and Social Sciences,https://facultyinfo.unt.edu/faculty-profile?profile=ckr0030#current-teaching
Connie C. Martinez,Principal Lecturer,1757,"World Languages, Literatures, and Cultures",College of Liberal Arts and Social Sciences,https://facultyinfo.unt.edu/faculty-profile?profile=ccm0015#current-teaching
Emily R. Thurman,Principal Lecturer,1758,"World Languages, Literatures, and Cultures",College of Liberal Arts and Social Sciences,https://facultyinfo.unt.edu/faculty-profile?profile=eg0007#current-teaching
Laetitia J. Knight,Principal Lecturer,1759,"World Languages, Literatures, and Cultures",College of Liberal Arts and Social Sciences,https://facultyinfo.unt.edu/faculty-profile?profile=lk0074#current-teaching
Marla V. Estes,Principal Lecturer,1760,"World Languages, Literatures, and Cultures",College of Liberal Arts and Social Sciences,https://facultyinfo.unt.edu/faculty-profile?profile=mve0002#current-teaching
Sophie A. Morton,Principal Lecturer,1761,"World Languages, Literatures, and Cultures",College of Liberal Arts and Social Sciences,https://facultyinfo.unt.edu/faculty-profile?profile=sam0093#current-teaching
Steven J. Sheppard,Principal Lecturer,1762,"World Languages, Literatures, and Cultures",College of Liberal Arts and Social Sciences,https://facultyinfo.unt.edu/faculty-profile?profile=sjs0023#current-teaching
Yayoi Takeuchi,Principal Lecturer,1763,"World Languages, Literatures, and Cultures",College of Liberal Arts and Social Sciences,https://facultyinfo.unt.edu/faculty-profile?profile=yt0066#current-teaching
Carol Anne T. Costabile-Heming,Professor,1764,"World Languages, Literatures, and Cultures",College of Liberal Arts and Social Sciences,https://facultyinfo.unt.edu/faculty-profile?profile=ctc0102#current-teaching
Christophe Chaguinian,Professor,1765,"World Languages, Literatures, and Cultures",College of Liberal Arts and Social Sciences,https://facultyinfo.unt.edu/faculty-profile?profile=cc0478#current-teaching
Jiyoung Yoon,Professor,1766,"World Languages, Literatures, and Cultures",College of Liberal Arts and Social Sciences,https://facultyinfo.unt.edu/faculty-profile?profile=jy0015#current-teaching
Jongsoo Lee,Professor,1767,"World Languages, Literatures, and Cultures",College of Liberal Arts and Social Sciences,https://facultyinfo.unt.edu/faculty-profile?profile=jl0072#current-teaching
Jorge Aviles-Diz,Professor,1768,"World Languages, Literatures, and Cultures",College of Liberal Arts and Social Sciences,https://facultyinfo.unt.edu/faculty-profile?profile=ja0231#current-teaching
Lawrence F. Williams,Professor,1769,"World Languages, Literatures, and Cultures",College of Liberal Arts and Social Sciences,https://facultyinfo.unt.edu/faculty-profile?profile=lw0045#current-teaching
Teresa T. Marrero,Professor,1770,"World Languages, Literatures, and Cultures",College of Liberal Arts and Social Sciences,https://facultyinfo.unt.edu/faculty-profile?profile=mtm0003#current-teaching
Angela R. Harris,Senior Lecturer,1771,"World Languages, Literatures, and Cultures",College of Liberal Arts and Social Sciences,https://facultyinfo.unt.edu/faculty-profile?profile=arh0312#current-teaching
Esther Sanchez-Couto,Senior Lecturer,1772,"World Languages, Literatures, and Cultures",College of Liberal Arts and Social Sciences,https://facultyinfo.unt.edu/faculty-profile?profile=es0344#current-teaching
Maria Carpio Manickam,Senior Lecturer,1773,"World Languages, Literatures, and Cultures",College of Liberal Arts and Social Sciences,https://facultyinfo.unt.edu/faculty-profile?profile=mc0876#current-teaching
Ayako Yoshimura,Teaching Fellow,1774,"World Languages, Literatures, and Cultures",College of Liberal Arts and Social Sciences,https://facultyinfo.unt.edu/faculty-profile?profile=ay0457#current-teaching
Fernanda Uscanga Lomeli,Teaching Fellow,1775,"World Languages, Literatures, and Cultures",College of Liberal Arts and Social Sciences,https://facultyinfo.unt.edu/faculty-profile?profile=fu0019#current-teaching
Matthew Finegan,Teaching Fellow,1776,"World Languages, Literatures, and Cultures",College of Liberal Arts and Social Sciences,https://facultyinfo.unt.edu/faculty-profile?profile=klf0222#current-teaching
Paola Malaspina,Teaching Fellow,1777,"World Languages, Literatures, and Cultures",College of Liberal Arts and Social Sciences,https://facultyinfo.unt.edu/faculty-profile?profile=pm1235#current-teaching
Kimberly L. Fisk,Adjunct Faculty,1778,"Hospitality, Event and Tourism Management","College of Merchandising, Hospitality and Tourism",https://facultyinfo.unt.edu/faculty-profile?profile=klm0076#current-teaching
Vanessa Ellison,Adjunct Faculty,1779,"Hospitality, Event and Tourism Management","College of Merchandising, Hospitality and Tourism",https://facultyinfo.unt.edu/faculty-profile?profile=vrl0012#current-teaching
William C. Schuelke,Adjunct Faculty,1780,"Hospitality, Event and Tourism Management","College of Merchandising, Hospitality and Tourism",https://facultyinfo.unt.edu/faculty-profile?profile=wcs0033#current-teaching
Xiaolong Shao,Adjunct Faculty,1781,"Hospitality, Event and Tourism Management","College of Merchandising, Hospitality and Tourism",https://facultyinfo.unt.edu/faculty-profile?profile=xs0078#current-teaching
Xi Y. Leung,Associate Professor,1782,"Hospitality, Event and Tourism Management","College of Merchandising, Hospitality and Tourism",https://facultyinfo.unt.edu/faculty-profile?profile=xyl0003#current-teaching
Janice E. Lader,Adjunct Faculty,1783,Merchandising and Digital Retailing,"College of Merchandising, Hospitality and Tourism",https://facultyinfo.unt.edu/faculty-profile?profile=jel0249#current-teaching
Linda M. Voracek,Adjunct Faculty,1784,Merchandising and Digital Retailing,"College of Merchandising, Hospitality and Tourism",https://facultyinfo.unt.edu/faculty-profile?profile=lmv0063#current-teaching
Dee K. Knight,Associate Professor,1785,Merchandising and Digital Retailing,"College of Merchandising, Hospitality and Tourism",https://facultyinfo.unt.edu/faculty-profile?profile=dkk0004#current-teaching
Hee Yun Kim,Adjunct Faculty,1786,Composition Studies,College of Music,https://facultyinfo.unt.edu/faculty-profile?profile=hk0747#current-teaching
Joel Salazar,Adjunct Faculty,1787,Composition Studies,College of Music,https://facultyinfo.unt.edu/faculty-profile?profile=js1395#current-teaching
Jon Cziner,Adjunct Faculty,1788,Composition Studies,College of Music,https://facultyinfo.unt.edu/faculty-profile?profile=jlc0945#current-teaching
Jeffrey Hepker,Assistant Professor,1789,Composition Studies,College of Music,https://facultyinfo.unt.edu/faculty-profile?profile=jh1310#current-teaching
Andrew May,Associate Professor,1790,Composition Studies,College of Music,https://facultyinfo.unt.edu/faculty-profile?profile=am0304#current-teaching
Drew A. Schnurr,Associate Professor,1791,Composition Studies,College of Music,https://facultyinfo.unt.edu/faculty-profile?profile=aas0369#current-teaching
Kirsten A. Soriano,Associate Professor,1792,Composition Studies,College of Music,https://facultyinfo.unt.edu/faculty-profile?profile=kab0481#current-teaching
Joseph P. Klein,Chair,1793,Composition Studies,College of Music,https://facultyinfo.unt.edu/faculty-profile?profile=jpk0005#current-teaching
Sungji Hong,Chair,1794,Composition Studies,College of Music,https://facultyinfo.unt.edu/faculty-profile?profile=sh0781#current-teaching
Harlan Hodges,Lecturer,1795,Composition Studies,College of Music,https://facultyinfo.unt.edu/faculty-profile?profile=hmh0230#current-teaching
Elizabeth B. McNutt,Principal Lecturer,1796,Composition Studies,College of Music,https://facultyinfo.unt.edu/faculty-profile?profile=ebm0027#current-teaching
David L. Stout,Professor,1797,Composition Studies,College of Music,https://facultyinfo.unt.edu/faculty-profile?profile=dls0310#current-teaching
Jon C. Nelson,Professor,1798,Composition Studies,College of Music,https://facultyinfo.unt.edu/faculty-profile?profile=jcn0011#current-teaching
Panayiotis Kokoras,Professor,1799,Composition Studies,College of Music,https://facultyinfo.unt.edu/faculty-profile?profile=pk0161#current-teaching
Andrew A. Smith,Teaching Fellow,1800,Composition Studies,College of Music,https://facultyinfo.unt.edu/faculty-profile?profile=jas0945#current-teaching
Benjamin Shirey,Teaching Fellow,1801,Composition Studies,College of Music,https://facultyinfo.unt.edu/faculty-profile?profile=bas0175#current-teaching
Colin Stokes,Teaching Fellow,1802,Composition Studies,College of Music,https://facultyinfo.unt.edu/faculty-profile?profile=ces0400#current-teaching
Shahrzad Talebi,Teaching Fellow,1803,Composition Studies,College of Music,https://facultyinfo.unt.edu/faculty-profile?profile=st1418#current-teaching
Simon Kaplan,Teaching Fellow,1804,Composition Studies,College of Music,https://facultyinfo.unt.edu/faculty-profile?profile=sk3277#current-teaching
Yoonjae Choi,Teaching Fellow,1805,Composition Studies,College of Music,https://facultyinfo.unt.edu/faculty-profile?profile=yc0814#current-teaching
Darhyl S. Ramsey,Adjunct Faculty,1806,Conducting and Ensembles,College of Music,https://facultyinfo.unt.edu/faculty-profile?profile=dramsey#current-teaching
Dennis Shrock,Adjunct Faculty,1807,Conducting and Ensembles,College of Music,https://facultyinfo.unt.edu/faculty-profile?profile=drs0404#current-teaching
Joshua C. Habermann,Adjunct Faculty,1808,Conducting and Ensembles,College of Music,https://facultyinfo.unt.edu/faculty-profile?profile=jch0303#current-teaching
Patrick Tierney,Adjunct Faculty,1809,Conducting and Ensembles,College of Music,https://facultyinfo.unt.edu/faculty-profile?profile=pjt0056#current-teaching
Marques Garrett,Associate Professor,1810,Conducting and Ensembles,College of Music,https://facultyinfo.unt.edu/faculty-profile?profile=mlg0432#current-teaching
Andrew J. Trachsel,Chair,1811,Conducting and Ensembles,College of Music,https://facultyinfo.unt.edu/faculty-profile?profile=ajt0017#current-teaching
Amy L. Woody,Lecturer,1812,Conducting and Ensembles,College of Music,https://facultyinfo.unt.edu/faculty-profile?profile=alw0220#current-teaching
Katharine Reed,Lecturer,1813,Conducting and Ensembles,College of Music,https://facultyinfo.unt.edu/faculty-profile?profile=kkr0097#current-teaching
Clay J. Couturiaux,Principal Lecturer,1814,Conducting and Ensembles,College of Music,https://facultyinfo.unt.edu/faculty-profile?profile=cjc0002#current-teaching
Allen R. Hightower,Professor,1815,Conducting and Ensembles,College of Music,https://facultyinfo.unt.edu/faculty-profile?profile=arh0292#current-teaching
David C. Itkin,Professor,1816,Conducting and Ensembles,College of Music,https://facultyinfo.unt.edu/faculty-profile?profile=di0015#current-teaching
Eugene M. Corporon,Professor,1817,Conducting and Ensembles,College of Music,https://facultyinfo.unt.edu/faculty-profile?profile=ec0008#current-teaching
Richard Sparks,Professor,1818,Conducting and Ensembles,College of Music,https://facultyinfo.unt.edu/faculty-profile?profile=ras0250#current-teaching
Carlos Granthon Boy,Teaching Fellow,1819,Conducting and Ensembles,College of Music,https://facultyinfo.unt.edu/faculty-profile?profile=ceg0301#current-teaching
Christine Le,Teaching Fellow,1820,Conducting and Ensembles,College of Music,https://facultyinfo.unt.edu/faculty-profile?profile=jcl0184#current-teaching
Ella Castro,Teaching Fellow,1821,Conducting and Ensembles,College of Music,https://facultyinfo.unt.edu/faculty-profile?profile=ec0807#current-teaching
Jerianne Larson,Teaching Fellow,1822,Conducting and Ensembles,College of Music,https://facultyinfo.unt.edu/faculty-profile?profile=jsl0215#current-teaching
John Clemons,Teaching Fellow,1823,Conducting and Ensembles,College of Music,https://facultyinfo.unt.edu/faculty-profile?profile=jc0943#current-teaching
Kathryn Davidson,Teaching Fellow,1824,Conducting and Ensembles,College of Music,https://facultyinfo.unt.edu/faculty-profile?profile=ksd0068#current-teaching
Ken Sieloff,Teaching Fellow,1825,Conducting and Ensembles,College of Music,https://facultyinfo.unt.edu/faculty-profile?profile=kcs0193#current-teaching
Lauren Lafferty,Teaching Fellow,1826,Conducting and Ensembles,College of Music,https://facultyinfo.unt.edu/faculty-profile?profile=lel0217#current-teaching
Matt Carlson,Teaching Fellow,1827,Conducting and Ensembles,College of Music,https://facultyinfo.unt.edu/faculty-profile?profile=mc1779#current-teaching
Matthew Morrison,Teaching Fellow,1828,Conducting and Ensembles,College of Music,https://facultyinfo.unt.edu/faculty-profile?profile=mm3882#current-teaching
Melinda Coleman,Teaching Fellow,1829,Conducting and Ensembles,College of Music,https://facultyinfo.unt.edu/faculty-profile?profile=mcc0231#current-teaching
Nathan Wise,Teaching Fellow,1830,Conducting and Ensembles,College of Music,https://facultyinfo.unt.edu/faculty-profile?profile=ngw0039#current-teaching
Will M. McLean,Teaching Fellow,1831,Conducting and Ensembles,College of Music,https://facultyinfo.unt.edu/faculty-profile?profile=wmm0073#current-teaching
John W. Richmond,Dean,1832,Dean's Office,College of Music,https://facultyinfo.unt.edu/faculty-profile?profile=jwr0145#current-teaching
Casey Goldman,Adjunct Faculty,1833,Instrumental Studies,College of Music,https://facultyinfo.unt.edu/faculty-profile?profile=cjk0137#current-teaching
Curtis Foster,Adjunct Faculty,1834,Instrumental Studies,College of Music,https://facultyinfo.unt.edu/faculty-profile?profile=cwf0063#current-teaching
Dominic Giardino,Adjunct Faculty,1835,Instrumental Studies,College of Music,https://facultyinfo.unt.edu/faculty-profile?profile=dgg0029#current-teaching
Edward L. Smith,Adjunct Faculty,1836,Instrumental Studies,College of Music,https://facultyinfo.unt.edu/faculty-profile?profile=els0017#current-teaching
James Rayle,Adjunct Faculty,1837,Instrumental Studies,College of Music,https://facultyinfo.unt.edu/faculty-profile?profile=jar0667#current-teaching
Justin L. Cooper,Adjunct Faculty,1838,Instrumental Studies,College of Music,https://facultyinfo.unt.edu/faculty-profile?profile=jlc0378#current-teaching
Kenny E. Ross,Adjunct Faculty,1839,Instrumental Studies,College of Music,https://facultyinfo.unt.edu/faculty-profile?profile=ker0190#current-teaching
Kyle Sherman,Adjunct Faculty,1840,Instrumental Studies,College of Music,https://facultyinfo.unt.edu/faculty-profile?profile=kss0075#current-teaching
Marc Vallon,Adjunct Faculty,1841,Instrumental Studies,College of Music,https://facultyinfo.unt.edu/faculty-profile?profile=mgv0061#current-teaching
Maria R. Schleuning,Adjunct Faculty,1842,Instrumental Studies,College of Music,https://facultyinfo.unt.edu/faculty-profile?profile=mrs0242#current-teaching
Matthew J. Good,Adjunct Faculty,1843,Instrumental Studies,College of Music,https://facultyinfo.unt.edu/faculty-profile?profile=mjg0255#current-teaching
Meghan Taylor,Adjunct Faculty,1844,Instrumental Studies,College of Music,https://facultyinfo.unt.edu/faculty-profile?profile=mst0135#current-teaching
Mikayla Peterson,Adjunct Faculty,1845,Instrumental Studies,College of Music,https://facultyinfo.unt.edu/faculty-profile?profile=mlp0307#current-teaching
Naama Lion,Adjunct Faculty,1846,Instrumental Studies,College of Music,https://facultyinfo.unt.edu/faculty-profile?profile=nl0273#current-teaching
Natalie Young,Adjunct Faculty,1847,Instrumental Studies,College of Music,https://facultyinfo.unt.edu/faculty-profile?profile=nly0009#current-teaching
Nate Gardner,Adjunct Faculty,1848,Instrumental Studies,College of Music,https://facultyinfo.unt.edu/faculty-profile?profile=npg0038#current-teaching
Poovalur V. Sriji,Adjunct Faculty,1849,Instrumental Studies,College of Music,https://facultyinfo.unt.edu/faculty-profile?profile=pvs0001#current-teaching
Sandi C. Rennick,Adjunct Faculty,1850,Instrumental Studies,College of Music,https://facultyinfo.unt.edu/faculty-profile?profile=scs0013#current-teaching
Stephen Lochbaum,Adjunct Faculty,1851,Instrumental Studies,College of Music,https://facultyinfo.unt.edu/faculty-profile?profile=sal0165#current-teaching
Stockton T. Helbing,Adjunct Faculty,1852,Instrumental Studies,College of Music,https://facultyinfo.unt.edu/faculty-profile?profile=sth0005#current-teaching
Sydney Lynn Zummallen,Adjunct Faculty,1853,Instrumental Studies,College of Music,https://facultyinfo.unt.edu/faculty-profile?profile=slz0014#current-teaching
Wei-Chen Chou,Adjunct Faculty,1854,Instrumental Studies,College of Music,https://facultyinfo.unt.edu/faculty-profile?profile=wc0123#current-teaching
Bokyung Byun,Assistant Professor,1855,Instrumental Studies,College of Music,https://facultyinfo.unt.edu/faculty-profile?profile=bb0894#current-teaching
Chloe Kiffer,Assistant Professor,1856,Instrumental Studies,College of Music,https://facultyinfo.unt.edu/faculty-profile?profile=ck0511#current-teaching
Daphne C. Capparelli Gerling,Assistant Professor,1857,Instrumental Studies,College of Music,https://facultyinfo.unt.edu/faculty-profile?profile=dcc0108#current-teaching
Jeff Baker,Assistant Professor,1858,Instrumental Studies,College of Music,https://facultyinfo.unt.edu/faculty-profile?profile=jtb0037#current-teaching
Jung Choi,Assistant Professor,1859,Instrumental Studies,College of Music,https://facultyinfo.unt.edu/faculty-profile?profile=jc1503#current-teaching
Timothy M. Owner,Assistant Professor,1860,Instrumental Studies,College of Music,https://facultyinfo.unt.edu/faculty-profile?profile=tmo0035#current-teaching
Brian Walker,Associate Professor,1861,Instrumental Studies,College of Music,https://facultyinfo.unt.edu/faculty-profile?profile=bmw0086#current-teaching
Darrel T. Hale,Associate Professor,1862,Instrumental Studies,College of Music,https://facultyinfo.unt.edu/faculty-profile?profile=dth0105#current-teaching
Dave Hall,Associate Professor,1863,Instrumental Studies,College of Music,https://facultyinfo.unt.edu/faculty-profile?profile=dph0035#current-teaching
Horacio Contreras,Associate Professor,1864,Instrumental Studies,College of Music,https://facultyinfo.unt.edu/faculty-profile?profile=hc0546#current-teaching
Nikola N. Ruzevic,Associate Professor,1865,Instrumental Studies,College of Music,https://facultyinfo.unt.edu/faculty-profile?profile=nnr0004#current-teaching
Raquel R. Samayoa,Associate Professor,1866,Instrumental Studies,College of Music,https://facultyinfo.unt.edu/faculty-profile?profile=rhr0003#current-teaching
Simon Gollo Delgado,Associate Professor,1867,Instrumental Studies,College of Music,https://facultyinfo.unt.edu/faculty-profile?profile=sg2988#current-teaching
Steven M. Menard,Associate Professor,1868,Instrumental Studies,College of Music,https://facultyinfo.unt.edu/faculty-profile?profile=smm0549#current-teaching
James M. Ryon,Lecturer,1869,Instrumental Studies,College of Music,https://facultyinfo.unt.edu/faculty-profile?profile=jmr0413#current-teaching
Cynthia A. Roberts,Principal Lecturer,1870,Instrumental Studies,College of Music,https://facultyinfo.unt.edu/faculty-profile?profile=car0042#current-teaching
Daryl L. Coad,Principal Lecturer,1871,Instrumental Studies,College of Music,https://facultyinfo.unt.edu/faculty-profile?profile=dlc0025#current-teaching
Deborah U. Fabian,Principal Lecturer,1872,Instrumental Studies,College of Music,https://facultyinfo.unt.edu/faculty-profile?profile=duf0002#current-teaching
Gudrun E. Raschen,Principal Lecturer,1873,Instrumental Studies,College of Music,https://facultyinfo.unt.edu/faculty-profile?profile=ger0004#current-teaching
Jose M. Aponte,Principal Lecturer,1874,Instrumental Studies,College of Music,https://facultyinfo.unt.edu/faculty-profile?profile=pja0008#current-teaching
David R. Childs,Professor,1875,Instrumental Studies,College of Music,https://facultyinfo.unt.edu/faculty-profile?profile=drc0215#current-teaching
Donald C. Little,Professor,1876,Instrumental Studies,College of Music,https://facultyinfo.unt.edu/faculty-profile?profile=dcl0010#current-teaching
Eric M. Nestler,Professor,1877,Instrumental Studies,College of Music,https://facultyinfo.unt.edu/faculty-profile?profile=emn0001#current-teaching
Gideon F. Alorwoyie,Professor,1878,Instrumental Studies,College of Music,https://facultyinfo.unt.edu/faculty-profile?profile=gfa0003#current-teaching
Jaymee J. Haefner,Professor,1879,Instrumental Studies,College of Music,https://facultyinfo.unt.edu/faculty-profile?profile=jjh0137#current-teaching
Jeffrey D. Bradetich,Professor,1880,Instrumental Studies,College of Music,https://facultyinfo.unt.edu/faculty-profile?profile=jdb0035#current-teaching
John H. Holt,Professor,1881,Instrumental Studies,College of Music,https://facultyinfo.unt.edu/faculty-profile?profile=jhh0024#current-teaching
Julia Bushkova,Professor,1882,Instrumental Studies,College of Music,https://facultyinfo.unt.edu/faculty-profile?profile=jb0025#current-teaching
Kimberly C. Luevano,Professor,1883,Instrumental Studies,College of Music,https://facultyinfo.unt.edu/faculty-profile?profile=ksc0078#current-teaching
MaryKaren Clardy,Professor,1884,Instrumental Studies,College of Music,https://facultyinfo.unt.edu/faculty-profile?profile=mkc0009#current-teaching
Natalie K. Mannix,Professor,1885,Instrumental Studies,College of Music,https://facultyinfo.unt.edu/faculty-profile?profile=nkm0046#current-teaching
Paul J. Rennick,Professor,1886,Instrumental Studies,College of Music,https://facultyinfo.unt.edu/faculty-profile?profile=pjr0003#current-teaching
Philip J. Lewis,Professor,1887,Instrumental Studies,College of Music,https://facultyinfo.unt.edu/faculty-profile?profile=pjl0024#current-teaching
Phillip O. Paglialonga,Professor,1888,Instrumental Studies,College of Music,https://facultyinfo.unt.edu/faculty-profile?profile=pop0008#current-teaching
Stacie R. Mickens,Professor,1889,Instrumental Studies,College of Music,https://facultyinfo.unt.edu/faculty-profile?profile=srm0367#current-teaching
Susan L. Dubois,Professor,1890,Instrumental Studies,College of Music,https://facultyinfo.unt.edu/faculty-profile?profile=sd0010#current-teaching
Terri Sundberg,Professor,1891,Instrumental Studies,College of Music,https://facultyinfo.unt.edu/faculty-profile?profile=ts0011#current-teaching
Tony E. Baker,Professor,1892,Instrumental Studies,College of Music,https://facultyinfo.unt.edu/faculty-profile?profile=teb0012#current-teaching
Jennifer Oliverio,Senior Lecturer,1893,Instrumental Studies,College of Music,https://facultyinfo.unt.edu/faculty-profile?profile=jo0641#current-teaching
Katherine McBain,Senior Lecturer,1894,Instrumental Studies,College of Music,https://facultyinfo.unt.edu/faculty-profile?profile=kcm0233#current-teaching
Alejandro Rodriguez Ruiz,Teaching Fellow,1895,Instrumental Studies,College of Music,https://facultyinfo.unt.edu/faculty-profile?profile=ar1065#current-teaching
Andrew C. Williams,Teaching Fellow,1896,Instrumental Studies,College of Music,https://facultyinfo.unt.edu/faculty-profile?profile=acw0181#current-teaching
Ben Gerkins,Teaching Fellow,1897,Instrumental Studies,College of Music,https://facultyinfo.unt.edu/faculty-profile?profile=bjg0189#current-teaching
Benjamin Carroll,Teaching Fellow,1898,Instrumental Studies,College of Music,https://facultyinfo.unt.edu/faculty-profile?profile=bcc0097#current-teaching
Britton Fugazzi,Teaching Fellow,1899,Instrumental Studies,College of Music,https://facultyinfo.unt.edu/faculty-profile?profile=bpf0032#current-teaching
Bryce Turner,Teaching Fellow,1900,Instrumental Studies,College of Music,https://facultyinfo.unt.edu/faculty-profile?profile=bat0107#current-teaching
Cameron Montgomery,Teaching Fellow,1901,Instrumental Studies,College of Music,https://facultyinfo.unt.edu/faculty-profile?profile=cwm0137#current-teaching
Catherine E. Conlin,Teaching Fellow,1902,Instrumental Studies,College of Music,https://facultyinfo.unt.edu/faculty-profile?profile=cec0316#current-teaching
Cehuai Zhang,Teaching Fellow,1903,Instrumental Studies,College of Music,https://facultyinfo.unt.edu/faculty-profile?profile=cz0096#current-teaching
Chelsea Strayer,Teaching Fellow,1904,Instrumental Studies,College of Music,https://facultyinfo.unt.edu/faculty-profile?profile=cls0668#current-teaching
Chris Doty,Teaching Fellow,1905,Instrumental Studies,College of Music,https://facultyinfo.unt.edu/faculty-profile?profile=gcd0031#current-teaching
Christopher Trlak,Teaching Fellow,1906,Instrumental Studies,College of Music,https://facultyinfo.unt.edu/faculty-profile?profile=cst0079#current-teaching
Connor Cowan,Teaching Fellow,1907,Instrumental Studies,College of Music,https://facultyinfo.unt.edu/faculty-profile?profile=cmc0806#current-teaching
Daniel Castillon,Teaching Fellow,1908,Instrumental Studies,College of Music,https://facultyinfo.unt.edu/faculty-profile?profile=dgc0094#current-teaching
Eduardo Gonzalez,Teaching Fellow,1909,Instrumental Studies,College of Music,https://facultyinfo.unt.edu/faculty-profile?profile=ejg0090#current-teaching
Eduardo Lopez,Teaching Fellow,1910,Instrumental Studies,College of Music,https://facultyinfo.unt.edu/faculty-profile?profile=el0546#current-teaching
Eric Kassay,Teaching Fellow,1911,Instrumental Studies,College of Music,https://facultyinfo.unt.edu/faculty-profile?profile=ejk0079#current-teaching
George Warner,Teaching Fellow,1912,Instrumental Studies,College of Music,https://facultyinfo.unt.edu/faculty-profile?profile=gaw0135#current-teaching
Henry Cao,Teaching Fellow,1913,Instrumental Studies,College of Music,https://facultyinfo.unt.edu/faculty-profile?profile=hc0692#current-teaching
Hojun Kim,Teaching Fellow,1914,Instrumental Studies,College of Music,https://facultyinfo.unt.edu/faculty-profile?profile=hk0354#current-teaching
Hui Lam Mak,Teaching Fellow,1915,Instrumental Studies,College of Music,https://facultyinfo.unt.edu/faculty-profile?profile=hm0267#current-teaching
Hunter Gross,Teaching Fellow,1916,Instrumental Studies,College of Music,https://facultyinfo.unt.edu/faculty-profile?profile=hgg0034#current-teaching
Huy Quoc Tommy Vo,Teaching Fellow,1917,Instrumental Studies,College of Music,https://facultyinfo.unt.edu/faculty-profile?profile=hv0056#current-teaching
James Lee,Teaching Fellow,1918,Instrumental Studies,College of Music,https://facultyinfo.unt.edu/faculty-profile?profile=cl1064#current-teaching
Jessica Wu,Teaching Fellow,1919,Instrumental Studies,College of Music,https://facultyinfo.unt.edu/faculty-profile?profile=jw0860#current-teaching
Jinkai Li,Teaching Fellow,1920,Instrumental Studies,College of Music,https://facultyinfo.unt.edu/faculty-profile?profile=jl1184#current-teaching
John Griffin,Teaching Fellow,1921,Instrumental Studies,College of Music,https://facultyinfo.unt.edu/faculty-profile?profile=jfg0112#current-teaching
Jonah Payne,Teaching Fellow,1922,Instrumental Studies,College of Music,https://facultyinfo.unt.edu/faculty-profile?profile=jp1494#current-teaching
Jonno D. Garver,Teaching Fellow,1923,Instrumental Studies,College of Music,https://facultyinfo.unt.edu/faculty-profile?profile=jdg0384#current-teaching
Kaho Mills,Teaching Fellow,1924,Instrumental Studies,College of Music,https://facultyinfo.unt.edu/faculty-profile?profile=kk0562#current-teaching
Kasitdej Vuddhananda,Teaching Fellow,1925,Instrumental Studies,College of Music,https://facultyinfo.unt.edu/faculty-profile?profile=kv0181#current-teaching
Katie Glading,Teaching Fellow,1926,Instrumental Studies,College of Music,https://facultyinfo.unt.edu/faculty-profile?profile=kg0410#current-teaching
Keliang Li,Teaching Fellow,1927,Instrumental Studies,College of Music,https://facultyinfo.unt.edu/faculty-profile?profile=kl0645#current-teaching
Kelsey Felton,Teaching Fellow,1928,Instrumental Studies,College of Music,https://facultyinfo.unt.edu/faculty-profile?profile=kcf0062#current-teaching
Kevork Esmeryan,Teaching Fellow,1929,Instrumental Studies,College of Music,https://facultyinfo.unt.edu/faculty-profile?profile=ke0167#current-teaching
Lexy K. Bradshaw,Teaching Fellow,1930,Instrumental Studies,College of Music,https://facultyinfo.unt.edu/faculty-profile?profile=aak0258#current-teaching
Loke Lovett,Teaching Fellow,1931,Instrumental Studies,College of Music,https://facultyinfo.unt.edu/faculty-profile?profile=lvl0020#current-teaching
Lucas Casagrade,Teaching Fellow,1932,Instrumental Studies,College of Music,https://facultyinfo.unt.edu/faculty-profile?profile=ldc0220#current-teaching
Lucy Song,Teaching Fellow,1933,Instrumental Studies,College of Music,https://facultyinfo.unt.edu/faculty-profile?profile=lrs0233#current-teaching
Madeline Lee,Teaching Fellow,1934,Instrumental Studies,College of Music,https://facultyinfo.unt.edu/faculty-profile?profile=mel0301#current-teaching
Maria E. Vallejo Vallejo,Teaching Fellow,1935,Instrumental Studies,College of Music,https://facultyinfo.unt.edu/faculty-profile?profile=mev0067#current-teaching
Matthew Fowler,Teaching Fellow,1936,Instrumental Studies,College of Music,https://facultyinfo.unt.edu/faculty-profile?profile=mcf0122#current-teaching
Matthew Noll,Teaching Fellow,1937,Instrumental Studies,College of Music,https://facultyinfo.unt.edu/faculty-profile?profile=mtn0092#current-teaching
Meige Yang,Teaching Fellow,1938,Instrumental Studies,College of Music,https://facultyinfo.unt.edu/faculty-profile?profile=my0376#current-teaching
Ming Yang,Teaching Fellow,1939,Instrumental Studies,College of Music,https://facultyinfo.unt.edu/faculty-profile?profile=my0377#current-teaching
Ming-Wei Hsieh,Teaching Fellow,1940,Instrumental Studies,College of Music,https://facultyinfo.unt.edu/faculty-profile?profile=mh1215#current-teaching
Natalie Zeles,Teaching Fellow,1941,Instrumental Studies,College of Music,https://facultyinfo.unt.edu/faculty-profile?profile=nz0068#current-teaching
Patrick Overturf,Teaching Fellow,1942,Instrumental Studies,College of Music,https://facultyinfo.unt.edu/faculty-profile?profile=pmo0019#current-teaching
Scott Mclain,Teaching Fellow,1943,Instrumental Studies,College of Music,https://facultyinfo.unt.edu/faculty-profile?profile=slm0574#current-teaching
Steven Robinson,Teaching Fellow,1944,Instrumental Studies,College of Music,https://facultyinfo.unt.edu/faculty-profile?profile=swr0015#current-teaching
Taylor Francis,Teaching Fellow,1945,Instrumental Studies,College of Music,https://facultyinfo.unt.edu/faculty-profile?profile=tmf0100#current-teaching
Tzu-ling Hung,Teaching Fellow,1946,Instrumental Studies,College of Music,https://facultyinfo.unt.edu/faculty-profile?profile=th0525#current-teaching
Victoria A. Gonzales,Teaching Fellow,1947,Instrumental Studies,College of Music,https://facultyinfo.unt.edu/faculty-profile?profile=vag0069#current-teaching
Victoria M. Gonzalez,Teaching Fellow,1948,Instrumental Studies,College of Music,https://facultyinfo.unt.edu/faculty-profile?profile=vmg0089#current-teaching
Xuan Xu,Teaching Fellow,1949,Instrumental Studies,College of Music,https://facultyinfo.unt.edu/faculty-profile?profile=xx0070#current-teaching
Ziliang Zhang,Teaching Fellow,1950,Instrumental Studies,College of Music,https://facultyinfo.unt.edu/faculty-profile?profile=zz0159#current-teaching
Ryan Howe,,1951,Jazz Studies,College of Music,https://facultyinfo.unt.edu/faculty-profile?profile=rfh0035#current-teaching
Austin Martinez,Adjunct Faculty,1952,Jazz Studies,College of Music,https://facultyinfo.unt.edu/faculty-profile?profile=adm0315#current-teaching
Chris M. Van Leeuwen,Adjunct Faculty,1953,Jazz Studies,College of Music,https://facultyinfo.unt.edu/faculty-profile?profile=cmv0055#current-teaching
Dolores August,Adjunct Faculty,1954,Jazz Studies,College of Music,https://facultyinfo.unt.edu/faculty-profile?profile=dsz0005#current-teaching
Fredrick Sanders,Adjunct Faculty,1955,Jazz Studies,College of Music,https://facultyinfo.unt.edu/faculty-profile?profile=fes0034#current-teaching
Jacob Greenburg,Adjunct Faculty,1956,Jazz Studies,College of Music,https://facultyinfo.unt.edu/faculty-profile?profile=jhg0055#current-teaching
Jonathan Robinson,Adjunct Faculty,1957,Jazz Studies,College of Music,https://facultyinfo.unt.edu/faculty-profile?profile=jr1852#current-teaching
Lawrence Azim Rashid Jr,Adjunct Faculty,1958,Jazz Studies,College of Music,https://facultyinfo.unt.edu/faculty-profile?profile=lar0065#current-teaching
Noel H. Johnston,Adjunct Faculty,1959,Jazz Studies,College of Music,https://facultyinfo.unt.edu/faculty-profile?profile=nhj0001#current-teaching
Paul L. Metzger,Adjunct Faculty,1960,Jazz Studies,College of Music,https://facultyinfo.unt.edu/faculty-profile?profile=pm0001#current-teaching
Vincent Gardner,Adjunct Faculty,1961,Jazz Studies,College of Music,https://facultyinfo.unt.edu/faculty-profile?profile=vg0325#current-teaching
Federico Llach,Assistant Professor,1962,Jazz Studies,College of Music,https://facultyinfo.unt.edu/faculty-profile?profile=fl0181#current-teaching
Jessica Muñiz,Assistant Professor,1963,Jazz Studies,College of Music,https://facultyinfo.unt.edu/faculty-profile?profile=jm2029#current-teaching
Dave W. Meder,Associate Professor,1964,Jazz Studies,College of Music,https://facultyinfo.unt.edu/faculty-profile?profile=dwm0150#current-teaching
Davy M. Mooney,Associate Professor,1965,Jazz Studies,College of Music,https://facultyinfo.unt.edu/faculty-profile?profile=dmm0020#current-teaching
Kimberly D. Hannon Teal,Associate Professor,1966,Jazz Studies,College of Music,https://facultyinfo.unt.edu/faculty-profile?profile=kdh0358#current-teaching
Nick A. Finzer,Associate Professor,1967,Jazz Studies,College of Music,https://facultyinfo.unt.edu/faculty-profile?profile=naf0026#current-teaching
Philip J. Dizack,Associate Professor,1968,Jazz Studies,College of Music,https://facultyinfo.unt.edu/faculty-profile?profile=pjd0079#current-teaching
Quincy G. Davis,Associate Professor,1969,Jazz Studies,College of Music,https://facultyinfo.unt.edu/faculty-profile?profile=qgd0001#current-teaching
Scott S. Tixier,Associate Professor,1970,Jazz Studies,College of Music,https://facultyinfo.unt.edu/faculty-profile?profile=sst0089#current-teaching
Robert T. Parton,Chair,1971,Jazz Studies,College of Music,https://facultyinfo.unt.edu/faculty-profile?profile=rtp0060#current-teaching
Rodney R. Booth,Principal Lecturer,1972,Jazz Studies,College of Music,https://facultyinfo.unt.edu/faculty-profile?profile=jrb0303#current-teaching
Rosana C. Eckert,Principal Lecturer,1973,Jazz Studies,College of Music,https://facultyinfo.unt.edu/faculty-profile?profile=rc0004#current-teaching
Alan Baylock,Professor,1974,Jazz Studies,College of Music,https://facultyinfo.unt.edu/faculty-profile?profile=amb0159#current-teaching
Bradford C. Leali,Professor,1975,Jazz Studies,College of Music,https://facultyinfo.unt.edu/faculty-profile?profile=bcl0018#current-teaching
Jennifer S. Barnes,Professor,1976,Jazz Studies,College of Music,https://facultyinfo.unt.edu/faculty-profile?profile=jsb0222#current-teaching
Lynn E. Seaton,Professor,1977,Jazz Studies,College of Music,https://facultyinfo.unt.edu/faculty-profile?profile=les0016#current-teaching
Richard J. DeRosa,Professor,1978,Jazz Studies,College of Music,https://facultyinfo.unt.edu/faculty-profile?profile=rjd0090#current-teaching
Eric M. Hitt,Senior Lecturer,1979,Jazz Studies,College of Music,https://facultyinfo.unt.edu/faculty-profile?profile=emh0141#current-teaching
Alexander Schmidt-Karye,Teaching Fellow,1980,Jazz Studies,College of Music,https://facultyinfo.unt.edu/faculty-profile?profile=awk0037#current-teaching
Ally Howe,Teaching Fellow,1981,Jazz Studies,College of Music,https://facultyinfo.unt.edu/faculty-profile?profile=ahh0094#current-teaching
Andrew Getman,Teaching Fellow,1982,Jazz Studies,College of Music,https://facultyinfo.unt.edu/faculty-profile?profile=amg0694#current-teaching
Bailey Ehrgott,Teaching Fellow,1983,Jazz Studies,College of Music,https://facultyinfo.unt.edu/faculty-profile?profile=bae0090#current-teaching
Cameron Henderson,Teaching Fellow,1984,Jazz Studies,College of Music,https://facultyinfo.unt.edu/faculty-profile?profile=cdh0388#current-teaching
Dakota Andersen,Teaching Fellow,1985,Jazz Studies,College of Music,https://facultyinfo.unt.edu/faculty-profile?profile=dha0035#current-teaching
Daniella Hart,Teaching Fellow,1986,Jazz Studies,College of Music,https://facultyinfo.unt.edu/faculty-profile?profile=dh0444#current-teaching
Jack Lanhardt,Teaching Fellow,1987,Jazz Studies,College of Music,https://facultyinfo.unt.edu/faculty-profile?profile=jol0031#current-teaching
Jason Lewin,Teaching Fellow,1988,Jazz Studies,College of Music,https://facultyinfo.unt.edu/faculty-profile?profile=jrl0333#current-teaching
Joshua Ferrell,Teaching Fellow,1989,Jazz Studies,College of Music,https://facultyinfo.unt.edu/faculty-profile?profile=jaf0429#current-teaching
June Lee,Teaching Fellow,1990,Jazz Studies,College of Music,https://facultyinfo.unt.edu/faculty-profile?profile=jl1053#current-teaching
Kai Wagner,Teaching Fellow,1991,Jazz Studies,College of Music,https://facultyinfo.unt.edu/faculty-profile?profile=kjw0278#current-teaching
Katelyn Robinson,Teaching Fellow,1992,Jazz Studies,College of Music,https://facultyinfo.unt.edu/faculty-profile?profile=khr0022#current-teaching
Ken Ebo,Teaching Fellow,1993,Jazz Studies,College of Music,https://facultyinfo.unt.edu/faculty-profile?profile=gke0012#current-teaching
Liz Townsend,Teaching Fellow,1994,Jazz Studies,College of Music,https://facultyinfo.unt.edu/faculty-profile?profile=ewt0030#current-teaching
Mario Montes Lara,Teaching Fellow,1995,Jazz Studies,College of Music,https://facultyinfo.unt.edu/faculty-profile?profile=mm1806#current-teaching
Parker Sibley,Teaching Fellow,1996,Jazz Studies,College of Music,https://facultyinfo.unt.edu/faculty-profile?profile=pas0273#current-teaching
Runsheng Zhao,Teaching Fellow,1997,Jazz Studies,College of Music,https://facultyinfo.unt.edu/faculty-profile?profile=rz0109#current-teaching
Ryan V. Peterson,Teaching Fellow,1998,Jazz Studies,College of Music,https://facultyinfo.unt.edu/faculty-profile?profile=rvp0039#current-teaching
Tomas Jonsson,Teaching Fellow,1999,Jazz Studies,College of Music,https://facultyinfo.unt.edu/faculty-profile?profile=tj0202#current-teaching
Will S. St Peter,Teaching Fellow,2000,Jazz Studies,College of Music,https://facultyinfo.unt.edu/faculty-profile?profile=wss0046#current-teaching
Craig Crafton,Adjunct Faculty,2001,Keyboard Studies,College of Music,https://facultyinfo.unt.edu/faculty-profile?profile=cc1401#current-teaching
Lae Hyung Woo,Adjunct Faculty,2002,Keyboard Studies,College of Music,https://facultyinfo.unt.edu/faculty-profile?profile=lw0146#current-teaching
Michael L. Conrady,Adjunct Faculty,2003,Keyboard Studies,College of Music,https://facultyinfo.unt.edu/faculty-profile?profile=mlc0336#current-teaching
Sitong Meng,Adjunct Faculty,2004,Keyboard Studies,College of Music,https://facultyinfo.unt.edu/faculty-profile?profile=sm3909#current-teaching
Suk Rahn Kwon,Adjunct Faculty,2005,Keyboard Studies,College of Music,https://facultyinfo.unt.edu/faculty-profile?profile=sk0027#current-teaching
Yuehong Zhu,Adjunct Faculty,2006,Keyboard Studies,College of Music,https://facultyinfo.unt.edu/faculty-profile?profile=yz0378#current-teaching
Aram Arakelyan,Assistant Professor,2007,Keyboard Studies,College of Music,https://facultyinfo.unt.edu/faculty-profile?profile=aa4453#current-teaching
Bradley Beckman,Assistant Professor,2008,Keyboard Studies,College of Music,https://facultyinfo.unt.edu/faculty-profile?profile=bb0032#current-teaching
Eva Polgar,Assistant Professor,2009,Keyboard Studies,College of Music,https://facultyinfo.unt.edu/faculty-profile?profile=ep0142#current-teaching
Liudmila Georgievskaya,Assistant Professor,2010,Keyboard Studies,College of Music,https://facultyinfo.unt.edu/faculty-profile?profile=lg0169#current-teaching
Malcolm Ross Matthews,Assistant Professor,2011,Keyboard Studies,College of Music,https://facultyinfo.unt.edu/faculty-profile?profile=mrm0709#current-teaching
Oscar Macchioni,Associate Professor,2012,Keyboard Studies,College of Music,https://facultyinfo.unt.edu/faculty-profile?profile=oem0022#current-teaching
Steven C. Harlos,Chair,2013,Keyboard Studies,College of Music,https://facultyinfo.unt.edu/faculty-profile?profile=harlos#current-teaching
Heejung Kang,Lecturer,2014,Keyboard Studies,College of Music,https://facultyinfo.unt.edu/faculty-profile?profile=hk0043#current-teaching
Adam J. Wodnicki,Professor,2015,Keyboard Studies,College of Music,https://facultyinfo.unt.edu/faculty-profile?profile=ajw0023#current-teaching
Jesse E. Eschbach,Professor,2016,Keyboard Studies,College of Music,https://facultyinfo.unt.edu/faculty-profile?profile=jee0009#current-teaching
Pamela M. Paul,Professor,2017,Keyboard Studies,College of Music,https://facultyinfo.unt.edu/faculty-profile?profile=pmp0013#current-teaching
Vladimir V. Viardo,Professor,2018,Keyboard Studies,College of Music,https://facultyinfo.unt.edu/faculty-profile?profile=vvv0002#current-teaching
Aleksei Vyzhanov,Teaching Fellow,2019,Keyboard Studies,College of Music,https://facultyinfo.unt.edu/faculty-profile?profile=av1089#current-teaching
Anna Bulkina,Teaching Fellow,2020,Keyboard Studies,College of Music,https://facultyinfo.unt.edu/faculty-profile?profile=ab1131#current-teaching
Boyoon Choi,Teaching Fellow,2021,Keyboard Studies,College of Music,https://facultyinfo.unt.edu/faculty-profile?profile=bc0530#current-teaching
Caleb Esmond,Teaching Fellow,2022,Keyboard Studies,College of Music,https://facultyinfo.unt.edu/faculty-profile?profile=ce0234#current-teaching
Daeun Han,Teaching Fellow,2023,Keyboard Studies,College of Music,https://facultyinfo.unt.edu/faculty-profile?profile=dh0470#current-teaching
Haeun Yim,Teaching Fellow,2024,Keyboard Studies,College of Music,https://facultyinfo.unt.edu/faculty-profile?profile=hy0313#current-teaching
Jungeun Oh,Teaching Fellow,2025,Keyboard Studies,College of Music,https://facultyinfo.unt.edu/faculty-profile?profile=jo0086#current-teaching
Junyoung Hwang,Teaching Fellow,2026,Keyboard Studies,College of Music,https://facultyinfo.unt.edu/faculty-profile?profile=jh0996#current-teaching
Mi Sun Cheong,Teaching Fellow,2027,Keyboard Studies,College of Music,https://facultyinfo.unt.edu/faculty-profile?profile=mc1392#current-teaching
Myeongjin Son,Teaching Fellow,2028,Keyboard Studies,College of Music,https://facultyinfo.unt.edu/faculty-profile?profile=ms3130#current-teaching
Pin-Hsuan Peng,Teaching Fellow,2029,Keyboard Studies,College of Music,https://facultyinfo.unt.edu/faculty-profile?profile=pp1214#current-teaching
Qifan Wu,Teaching Fellow,2030,Keyboard Studies,College of Music,https://facultyinfo.unt.edu/faculty-profile?profile=qw0065#current-teaching
Rudimar Bonamigo,Teaching Fellow,2031,Keyboard Studies,College of Music,https://facultyinfo.unt.edu/faculty-profile?profile=rb0434#current-teaching
Sohee Bae,Teaching Fellow,2032,Keyboard Studies,College of Music,https://facultyinfo.unt.edu/faculty-profile?profile=sb3568#current-teaching
Victor Hidalgo Trejo,Teaching Fellow,2033,Keyboard Studies,College of Music,https://facultyinfo.unt.edu/faculty-profile?profile=vmh0064#current-teaching
Wenwen Qu,Teaching Fellow,2034,Keyboard Studies,College of Music,https://facultyinfo.unt.edu/faculty-profile?profile=wq0011#current-teaching
Yi LIU,Teaching Fellow,2035,Keyboard Studies,College of Music,https://facultyinfo.unt.edu/faculty-profile?profile=yl0561#current-teaching
Yuqing He,Teaching Fellow,2036,Keyboard Studies,College of Music,https://facultyinfo.unt.edu/faculty-profile?profile=yh0362#current-teaching
Yuxuan Zhao,Teaching Fellow,2037,Keyboard Studies,College of Music,https://facultyinfo.unt.edu/faculty-profile?profile=yz0443#current-teaching
Zhaohan Wang,Teaching Fellow,2038,Keyboard Studies,College of Music,https://facultyinfo.unt.edu/faculty-profile?profile=zw0134#current-teaching
Asa Burk,Adjunct Faculty,2039,Music Education,College of Music,https://facultyinfo.unt.edu/faculty-profile?profile=alb0021#current-teaching
Michael R. Link,Adjunct Faculty,2040,Music Education,College of Music,https://facultyinfo.unt.edu/faculty-profile?profile=mrl0229#current-teaching
Crystal L. Gerrard-Ramirez,Assistant Professor,2041,Music Education,College of Music,https://facultyinfo.unt.edu/faculty-profile?profile=clg0334#current-teaching
Erika Knapp,Assistant Professor,2042,Music Education,College of Music,https://facultyinfo.unt.edu/faculty-profile?profile=ek0289#current-teaching
Ian T. Cicco,Assistant Professor,2043,Music Education,College of Music,https://facultyinfo.unt.edu/faculty-profile?profile=itc0010#current-teaching
Miguel Garcia-Bender,Assistant Professor,2044,Music Education,College of Music,https://facultyinfo.unt.edu/faculty-profile?profile=nmg0162#current-teaching
Jamey F. Kelley,Associate Professor,2045,Music Education,College of Music,https://facultyinfo.unt.edu/faculty-profile?profile=jfk0054#current-teaching
Debbie A. Rohwer,Chair,2046,Music Education,College of Music,https://facultyinfo.unt.edu/faculty-profile?profile=dar0036#current-teaching
Sean R. Powell,Chair,2047,Music Education,College of Music,https://facultyinfo.unt.edu/faculty-profile?profile=srp0176#current-teaching
Michael O. Crawford,Lecturer,2048,Music Education,College of Music,https://facultyinfo.unt.edu/faculty-profile?profile=moc0028#current-teaching
Don Taylor,Professor,2049,Music Education,College of Music,https://facultyinfo.unt.edu/faculty-profile?profile=dmt0068#current-teaching
Jessica Napoles,Professor,2050,Music Education,College of Music,https://facultyinfo.unt.edu/faculty-profile?profile=jn0293#current-teaching
Mark A. Montemayor,Professor,2051,Music Education,College of Music,https://facultyinfo.unt.edu/faculty-profile?profile=mam1210#current-teaching
Warren H. Henry,Senior Associate Dean,2052,Music Education,College of Music,https://facultyinfo.unt.edu/faculty-profile?profile=whh0004#current-teaching
Daniel Weatherholt,Teaching Fellow,2053,Music Education,College of Music,https://facultyinfo.unt.edu/faculty-profile?profile=dtw0039#current-teaching
Diana Riley,Teaching Fellow,2054,Music Education,College of Music,https://facultyinfo.unt.edu/faculty-profile?profile=dr1141#current-teaching
Evan Powers,Teaching Fellow,2055,Music Education,College of Music,https://facultyinfo.unt.edu/faculty-profile?profile=enp0053#current-teaching
Jennifer Archuleta,Teaching Fellow,2056,Music Education,College of Music,https://facultyinfo.unt.edu/faculty-profile?profile=jva0012#current-teaching
Jennifer Barnett,Teaching Fellow,2057,Music Education,College of Music,https://facultyinfo.unt.edu/faculty-profile?profile=jrb0767#current-teaching
Melissa Young,Teaching Fellow,2058,Music Education,College of Music,https://facultyinfo.unt.edu/faculty-profile?profile=mbd0003#current-teaching
Molly Wang,Teaching Fellow,2059,Music Education,College of Music,https://facultyinfo.unt.edu/faculty-profile?profile=mxw0006#current-teaching
Tatyana Louis-Jacques,Teaching Fellow,2060,Music Education,College of Music,https://facultyinfo.unt.edu/faculty-profile?profile=tl0482#current-teaching
Thomas J. Rinn,Teaching Fellow,2061,Music Education,College of Music,https://facultyinfo.unt.edu/faculty-profile?profile=tjr0174#current-teaching
Jamie Rives,Visiting Lecturer,2062,Music Education,College of Music,https://facultyinfo.unt.edu/faculty-profile?profile=jlr0659#current-teaching
Claire Daniels,Adjunct Faculty,2063,"Music History, Theory and Ethnomusicology",College of Music,https://facultyinfo.unt.edu/faculty-profile?profile=ced0257#current-teaching
Dawn A. De Rycke,Adjunct Faculty,2064,"Music History, Theory and Ethnomusicology",College of Music,https://facultyinfo.unt.edu/faculty-profile?profile=dad0153#current-teaching
Emily M. Hicks,Adjunct Faculty,2065,"Music History, Theory and Ethnomusicology",College of Music,https://facultyinfo.unt.edu/faculty-profile?profile=ems0228#current-teaching
Garrett Douglas,Adjunct Faculty,2066,"Music History, Theory and Ethnomusicology",College of Music,https://facultyinfo.unt.edu/faculty-profile?profile=gd0330#current-teaching
Jacob Wright,Adjunct Faculty,2067,"Music History, Theory and Ethnomusicology",College of Music,https://facultyinfo.unt.edu/faculty-profile?profile=jcw0438#current-teaching
Matthias Brzoska,Adjunct Faculty,2068,"Music History, Theory and Ethnomusicology",College of Music,https://facultyinfo.unt.edu/faculty-profile?profile=mb1501#current-teaching
Megan Looknauth,Adjunct Faculty,2069,"Music History, Theory and Ethnomusicology",College of Music,https://facultyinfo.unt.edu/faculty-profile?profile=mal0558#current-teaching
Otto Stuparitz,Adjunct Faculty,2070,"Music History, Theory and Ethnomusicology",College of Music,https://facultyinfo.unt.edu/faculty-profile?profile=os0194#current-teaching
William L. McGinney,Adjunct Faculty,2071,"Music History, Theory and Ethnomusicology",College of Music,https://facultyinfo.unt.edu/faculty-profile?profile=wlm0017#current-teaching
Yuxin Mei,Adjunct Faculty,2072,"Music History, Theory and Ethnomusicology",College of Music,https://facultyinfo.unt.edu/faculty-profile?profile=ym0130#current-teaching
Barbara Elisabeth Dietlinger,Assistant Professor,2073,"Music History, Theory and Ethnomusicology",College of Music,https://facultyinfo.unt.edu/faculty-profile?profile=bed0092#current-teaching
Beth Snyder,Assistant Professor,2074,"Music History, Theory and Ethnomusicology",College of Music,https://facultyinfo.unt.edu/faculty-profile?profile=bs0754#current-teaching
Justin C. Lavacek,Assistant Professor,2075,"Music History, Theory and Ethnomusicology",College of Music,https://facultyinfo.unt.edu/faculty-profile?profile=jcl0182#current-teaching
Tamar Sella,Assistant Professor,2076,"Music History, Theory and Ethnomusicology",College of Music,https://facultyinfo.unt.edu/faculty-profile?profile=ts1439#current-teaching
Andrew J. Chung,Associate Professor,2077,"Music History, Theory and Ethnomusicology",College of Music,https://facultyinfo.unt.edu/faculty-profile?profile=ajc0377#current-teaching
Brian F. Wright,Associate Professor,2078,"Music History, Theory and Ethnomusicology",College of Music,https://facultyinfo.unt.edu/faculty-profile?profile=bfw0027#current-teaching
Catherine A. Ragland,Associate Professor,2079,"Music History, Theory and Ethnomusicology",College of Music,https://facultyinfo.unt.edu/faculty-profile?profile=car0319#current-teaching
Diego E. Cubero,Associate Professor,2080,"Music History, Theory and Ethnomusicology",College of Music,https://facultyinfo.unt.edu/faculty-profile?profile=dec0129#current-teaching
Rebecca D. Geoffroy-Schwinden,Associate Professor,2081,"Music History, Theory and Ethnomusicology",College of Music,https://facultyinfo.unt.edu/faculty-profile?profile=rdg0130#current-teaching
Vivek Virani,Associate Professor,2082,"Music History, Theory and Ethnomusicology",College of Music,https://facultyinfo.unt.edu/faculty-profile?profile=vv0153#current-teaching
David J. Heetderks,Chair,2083,"Music History, Theory and Ethnomusicology",College of Music,https://facultyinfo.unt.edu/faculty-profile?profile=djh0278#current-teaching
April L. Prince,Principal Lecturer,2084,"Music History, Theory and Ethnomusicology",College of Music,https://facultyinfo.unt.edu/faculty-profile?profile=alp0304#current-teaching
Benjamin S. Graf,Principal Lecturer,2085,"Music History, Theory and Ethnomusicology",College of Music,https://facultyinfo.unt.edu/faculty-profile?profile=bsg0047#current-teaching
Gillian E. Robertson,Principal Lecturer,2086,"Music History, Theory and Ethnomusicology",College of Music,https://facultyinfo.unt.edu/faculty-profile?profile=ger0053#current-teaching
Bernardo E. Illari,Professor,2087,"Music History, Theory and Ethnomusicology",College of Music,https://facultyinfo.unt.edu/faculty-profile?profile=bi0006#current-teaching
David B. Schwarz,Professor,2088,"Music History, Theory and Ethnomusicology",College of Music,https://facultyinfo.unt.edu/faculty-profile?profile=dbs0013#current-teaching
Frank M. Heidlberger,Professor,2089,"Music History, Theory and Ethnomusicology",College of Music,https://facultyinfo.unt.edu/faculty-profile?profile=fmh0004#current-teaching
Stephen P. Slottow,Professor,2090,"Music History, Theory and Ethnomusicology",College of Music,https://facultyinfo.unt.edu/faculty-profile?profile=sps0013#current-teaching
Steven M. Friedson,Professor,2091,"Music History, Theory and Ethnomusicology",College of Music,https://facultyinfo.unt.edu/faculty-profile?profile=smf0008#current-teaching
Timothy L. Jackson,Professor,2092,"Music History, Theory and Ethnomusicology",College of Music,https://facultyinfo.unt.edu/faculty-profile?profile=tlj0019#current-teaching
Brian K. Anderson,Senior Lecturer,2093,"Music History, Theory and Ethnomusicology",College of Music,https://facultyinfo.unt.edu/faculty-profile?profile=bka0045#current-teaching
Alison Parker,Teaching Fellow,2094,"Music History, Theory and Ethnomusicology",College of Music,https://facultyinfo.unt.edu/faculty-profile?profile=adp0282#current-teaching
Avery Wright,Teaching Fellow,2095,"Music History, Theory and Ethnomusicology",College of Music,https://facultyinfo.unt.edu/faculty-profile?profile=asw0130#current-teaching
Brian Sanders,Teaching Fellow,2096,"Music History, Theory and Ethnomusicology",College of Music,https://facultyinfo.unt.edu/faculty-profile?profile=bts0084#current-teaching
Da Hyun Kim,Teaching Fellow,2097,"Music History, Theory and Ethnomusicology",College of Music,https://facultyinfo.unt.edu/faculty-profile?profile=dk0850#current-teaching
Elim Lau,Teaching Fellow,2098,"Music History, Theory and Ethnomusicology",College of Music,https://facultyinfo.unt.edu/faculty-profile?profile=el0147#current-teaching
Emma Wimberg,Teaching Fellow,2099,"Music History, Theory and Ethnomusicology",College of Music,https://facultyinfo.unt.edu/faculty-profile?profile=elw0157#current-teaching
Eric Swartz,Teaching Fellow,2100,"Music History, Theory and Ethnomusicology",College of Music,https://facultyinfo.unt.edu/faculty-profile?profile=egs0093#current-teaching
Erika J. Soveranes,Teaching Fellow,2101,"Music History, Theory and Ethnomusicology",College of Music,https://facultyinfo.unt.edu/faculty-profile?profile=ejs0219#current-teaching
Isis Cabrera,Teaching Fellow,2102,"Music History, Theory and Ethnomusicology",College of Music,https://facultyinfo.unt.edu/faculty-profile?profile=ivc0006#current-teaching
Jacob Collins,Teaching Fellow,2103,"Music History, Theory and Ethnomusicology",College of Music,https://facultyinfo.unt.edu/faculty-profile?profile=jec0304#current-teaching
Jiaqi Sun,Teaching Fellow,2104,"Music History, Theory and Ethnomusicology",College of Music,https://facultyinfo.unt.edu/faculty-profile?profile=js1967#current-teaching
Jiin Kim,Teaching Fellow,2105,"Music History, Theory and Ethnomusicology",College of Music,https://facultyinfo.unt.edu/faculty-profile?profile=jk1379#current-teaching
Johnathan Rhodes,Teaching Fellow,2106,"Music History, Theory and Ethnomusicology",College of Music,https://facultyinfo.unt.edu/faculty-profile?profile=jtr0168#current-teaching
Kevin Merkel,Teaching Fellow,2107,"Music History, Theory and Ethnomusicology",College of Music,https://facultyinfo.unt.edu/faculty-profile?profile=krm0140#current-teaching
Pak Hei Leung,Teaching Fellow,2108,"Music History, Theory and Ethnomusicology",College of Music,https://facultyinfo.unt.edu/faculty-profile?profile=pl0257#current-teaching
Peter Kohanski,Teaching Fellow,2109,"Music History, Theory and Ethnomusicology",College of Music,https://facultyinfo.unt.edu/faculty-profile?profile=pmk0045#current-teaching
Rachel Schuck,Teaching Fellow,2110,"Music History, Theory and Ethnomusicology",College of Music,https://facultyinfo.unt.edu/faculty-profile?profile=rs0712#current-teaching
Sanha Lee,Teaching Fellow,2111,"Music History, Theory and Ethnomusicology",College of Music,https://facultyinfo.unt.edu/faculty-profile?profile=sl1428#current-teaching
Sarah Talmage,Teaching Fellow,2112,"Music History, Theory and Ethnomusicology",College of Music,https://facultyinfo.unt.edu/faculty-profile?profile=smt0251#current-teaching
Tanja Knezevic,Teaching Fellow,2113,"Music History, Theory and Ethnomusicology",College of Music,https://facultyinfo.unt.edu/faculty-profile?profile=tk0304#current-teaching
Tao Qin,Teaching Fellow,2114,"Music History, Theory and Ethnomusicology",College of Music,https://facultyinfo.unt.edu/faculty-profile?profile=tq0031#current-teaching
Urszula P. Rucka,Teaching Fellow,2115,"Music History, Theory and Ethnomusicology",College of Music,https://facultyinfo.unt.edu/faculty-profile?profile=upr0002#current-teaching
Zijia Zhao,Teaching Fellow,2116,"Music History, Theory and Ethnomusicology",College of Music,https://facultyinfo.unt.edu/faculty-profile?profile=zz0104#current-teaching
Heidi Klein,Adjunct Faculty,2117,Vocal Studies,College of Music,https://facultyinfo.unt.edu/faculty-profile?profile=hmk0002#current-teaching
Jessica F. Glenn,Adjunct Faculty,2118,Vocal Studies,College of Music,https://facultyinfo.unt.edu/faculty-profile?profile=jaw0393#current-teaching
Jose Santelices,Adjunct Faculty,2119,Vocal Studies,College of Music,https://facultyinfo.unt.edu/faculty-profile?profile=jms1234#current-teaching
Nancy Bartke,Adjunct Faculty,2120,Vocal Studies,College of Music,https://facultyinfo.unt.edu/faculty-profile?profile=nec0011#current-teaching
Richard Novak,Adjunct Faculty,2121,Vocal Studies,College of Music,https://facultyinfo.unt.edu/faculty-profile?profile=ran0003#current-teaching
Mark Tempesta,Assistant Professor,2122,Vocal Studies,College of Music,https://facultyinfo.unt.edu/faculty-profile?profile=mft0044#current-teaching
Willem A. Van Schalkwyk,Assistant Professor,2123,Vocal Studies,College of Music,https://facultyinfo.unt.edu/faculty-profile?profile=wav0004#current-teaching
Jeffrey A. Snider,Associate Professor,2124,Vocal Studies,College of Music,https://facultyinfo.unt.edu/faculty-profile?profile=jas0080#current-teaching
Stephanie Rhodes Russell,Associate Professor,2125,Vocal Studies,College of Music,https://facultyinfo.unt.edu/faculty-profile?profile=sr1351#current-teaching
Stephen S. Dubberly,Associate Professor,2126,Vocal Studies,College of Music,https://facultyinfo.unt.edu/faculty-profile?profile=tsd0006#current-teaching
William H. Joyner,Associate Professor,2127,Vocal Studies,College of Music,https://facultyinfo.unt.edu/faculty-profile?profile=whj0013#current-teaching
Molly A. Fillmore,Chair,2128,Vocal Studies,College of Music,https://facultyinfo.unt.edu/faculty-profile?profile=maf0282#current-teaching
Mary Mills,Lecturer,2129,Vocal Studies,College of Music,https://facultyinfo.unt.edu/faculty-profile?profile=mem0754#current-teaching
Sharon Bjorndal Lavery,Lecturer,2130,Vocal Studies,College of Music,https://facultyinfo.unt.edu/faculty-profile?profile=srl0216#current-teaching
Carol S. Wilson,Professor,2131,Vocal Studies,College of Music,https://facultyinfo.unt.edu/faculty-profile?profile=csw0135#current-teaching
Elvia Puccinelli,Professor,2132,Vocal Studies,College of Music,https://facultyinfo.unt.edu/faculty-profile?profile=ep0078#current-teaching
Jennifer Lane,Professor,2133,Vocal Studies,College of Music,https://facultyinfo.unt.edu/faculty-profile?profile=jl0299#current-teaching
Jonathan R. Eaton,Professor,2134,Vocal Studies,College of Music,https://facultyinfo.unt.edu/faculty-profile?profile=jre0127#current-teaching
Stephen M. Morscheck,Professor,2135,Vocal Studies,College of Music,https://facultyinfo.unt.edu/faculty-profile?profile=smm0364#current-teaching
Daniel L. Bubeck,Senior Lecturer,2136,Vocal Studies,College of Music,https://facultyinfo.unt.edu/faculty-profile?profile=dlb0440#current-teaching
John Hudson,Senior Lecturer,2137,Vocal Studies,College of Music,https://facultyinfo.unt.edu/faculty-profile?profile=jhh0174#current-teaching
Andrea K. Pinder,Teaching Fellow,2138,Vocal Studies,College of Music,https://facultyinfo.unt.edu/faculty-profile?profile=akk0073#current-teaching
Andrés Silva,Teaching Fellow,2139,Vocal Studies,College of Music,https://facultyinfo.unt.edu/faculty-profile?profile=aas0495#current-teaching
Beatrice Kim,Teaching Fellow,2140,Vocal Studies,College of Music,https://facultyinfo.unt.edu/faculty-profile?profile=dbk0056#current-teaching
Chandlar Head,Teaching Fellow,2141,Vocal Studies,College of Music,https://facultyinfo.unt.edu/faculty-profile?profile=cnh0193#current-teaching
Christopher Rodriguez,Teaching Fellow,2142,Vocal Studies,College of Music,https://facultyinfo.unt.edu/faculty-profile?profile=crr0265#current-teaching
Daniele de Oliveira,Teaching Fellow,2143,Vocal Studies,College of Music,https://facultyinfo.unt.edu/faculty-profile?profile=dcd0156#current-teaching
Francisco Bedoy Solorzano,Teaching Fellow,2144,Vocal Studies,College of Music,https://facultyinfo.unt.edu/faculty-profile?profile=fib0007#current-teaching
Genevieve Cardos,Teaching Fellow,2145,Vocal Studies,College of Music,https://facultyinfo.unt.edu/faculty-profile?profile=gc0211#current-teaching
Hyojin Ahn,Teaching Fellow,2146,Vocal Studies,College of Music,https://facultyinfo.unt.edu/faculty-profile?profile=ha0821#current-teaching
Jennifer Watson,Teaching Fellow,2147,Vocal Studies,College of Music,https://facultyinfo.unt.edu/faculty-profile?profile=jlw0753#current-teaching
Kori Miller,Teaching Fellow,2148,Vocal Studies,College of Music,https://facultyinfo.unt.edu/faculty-profile?profile=jkm0287#current-teaching
Mackenzie Graves,Teaching Fellow,2149,Vocal Studies,College of Music,https://facultyinfo.unt.edu/faculty-profile?profile=mg2036#current-teaching
Pulip Han,Teaching Fellow,2150,Vocal Studies,College of Music,https://facultyinfo.unt.edu/faculty-profile?profile=ph0330#current-teaching
Shuyi Li,Teaching Fellow,2151,Vocal Studies,College of Music,https://facultyinfo.unt.edu/faculty-profile?profile=sl1300#current-teaching
Yejin Lee,Teaching Fellow,2152,Vocal Studies,College of Music,https://facultyinfo.unt.edu/faculty-profile?profile=yl0879#current-teaching
Yichun Liu,Teaching Fellow,2153,Vocal Studies,College of Music,https://facultyinfo.unt.edu/faculty-profile?profile=yl0877#current-teaching
Allison Liberio,Adjunct Faculty,2154,Audiology and Speech-Language Pathology,College of Public Affairs and Health Sciences,https://facultyinfo.unt.edu/faculty-profile?profile=ams0253#current-teaching
Alyssa Fahrenthold,Adjunct Faculty,2155,Audiology and Speech-Language Pathology,College of Public Affairs and Health Sciences,https://facultyinfo.unt.edu/faculty-profile?profile=anf0084#current-teaching
Amy Zahn,Adjunct Faculty,2156,Audiology and Speech-Language Pathology,College of Public Affairs and Health Sciences,https://facultyinfo.unt.edu/faculty-profile?profile=alz0040#current-teaching
Jacy Manning,Adjunct Faculty,2157,Audiology and Speech-Language Pathology,College of Public Affairs and Health Sciences,https://facultyinfo.unt.edu/faculty-profile?profile=jlm0864#current-teaching
"Kahnooj, Shahrokh",Adjunct Faculty,2158,Audiology and Speech-Language Pathology,College of Public Affairs and Health Sciences,https://facultyinfo.unt.edu/faculty-profile?profile=hs0628#current-teaching
Katherine C. Alsop,Adjunct Faculty,2159,Audiology and Speech-Language Pathology,College of Public Affairs and Health Sciences,https://facultyinfo.unt.edu/faculty-profile?profile=kca0036#current-teaching
Maria D. Romine,Adjunct Faculty,2160,Audiology and Speech-Language Pathology,College of Public Affairs and Health Sciences,https://facultyinfo.unt.edu/faculty-profile?profile=dr0165#current-teaching
Donguk Lee,Assistant Professor,2161,Audiology and Speech-Language Pathology,College of Public Affairs and Health Sciences,https://facultyinfo.unt.edu/faculty-profile?profile=dl1314#current-teaching
Elizabeth Krajewski,Assistant Professor,2162,Audiology and Speech-Language Pathology,College of Public Affairs and Health Sciences,https://facultyinfo.unt.edu/faculty-profile?profile=eak0164#current-teaching
Hedieh Hashemi Hosseinabad,Assistant Professor,2163,Audiology and Speech-Language Pathology,College of Public Affairs and Health Sciences,https://facultyinfo.unt.edu/faculty-profile?profile=hh0443#current-teaching
Olivia Zant,Assistant Professor,2164,Audiology and Speech-Language Pathology,College of Public Affairs and Health Sciences,https://facultyinfo.unt.edu/faculty-profile?profile=ocz0001#current-teaching
Gloria S. Olness,Associate Professor,2165,Audiology and Speech-Language Pathology,College of Public Affairs and Health Sciences,https://facultyinfo.unt.edu/faculty-profile?profile=gso0008#current-teaching
Pak Wing Jacky Lam,Associate Professor,2166,Audiology and Speech-Language Pathology,College of Public Affairs and Health Sciences,https://facultyinfo.unt.edu/faculty-profile?profile=pl0224#current-teaching
Sharon E. Miller,Associate Professor,2167,Audiology and Speech-Language Pathology,College of Public Affairs and Health Sciences,https://facultyinfo.unt.edu/faculty-profile?profile=sem0375#current-teaching
Erin C. Schafer,Chair,2168,Audiology and Speech-Language Pathology,College of Public Affairs and Health Sciences,https://facultyinfo.unt.edu/faculty-profile?profile=ecs0068#current-teaching
AnnMarie Weston,Clinical Assistant Professor,2169,Audiology and Speech-Language Pathology,College of Public Affairs and Health Sciences,https://facultyinfo.unt.edu/faculty-profile?profile=apa0011#current-teaching
Lauren H. Mathews,Clinical Professor,2170,Audiology and Speech-Language Pathology,College of Public Affairs and Health Sciences,https://facultyinfo.unt.edu/faculty-profile?profile=lhm0013#current-teaching
Kamakshi V. Gopal,Modified Service Retiree,2171,Audiology and Speech-Language Pathology,College of Public Affairs and Health Sciences,https://facultyinfo.unt.edu/faculty-profile?profile=kvg0001#current-teaching
Amanda M. Labue,Principal Lecturer,2172,Audiology and Speech-Language Pathology,College of Public Affairs and Health Sciences,https://facultyinfo.unt.edu/faculty-profile?profile=amm0078#current-teaching
Cassie L. Thomas,Principal Lecturer,2173,Audiology and Speech-Language Pathology,College of Public Affairs and Health Sciences,https://facultyinfo.unt.edu/faculty-profile?profile=clc0101#current-teaching
Shannon R. Presley,Principal Lecturer,2174,Audiology and Speech-Language Pathology,College of Public Affairs and Health Sciences,https://facultyinfo.unt.edu/faculty-profile?profile=srw0014#current-teaching
Stacy Nunnelee,Principal Lecturer,2175,Audiology and Speech-Language Pathology,College of Public Affairs and Health Sciences,https://facultyinfo.unt.edu/faculty-profile?profile=sn0160#current-teaching
Katsura Aoyama,Professor,2176,Audiology and Speech-Language Pathology,College of Public Affairs and Health Sciences,https://facultyinfo.unt.edu/faculty-profile?profile=ka0190#current-teaching
Raedeen A. Wingate,Senior Lecturer,2177,Audiology and Speech-Language Pathology,College of Public Affairs and Health Sciences,https://facultyinfo.unt.edu/faculty-profile?profile=raw0150#current-teaching
Aaron Sanchez,Adjunct Faculty,2178,Behavior Analysis,College of Public Affairs and Health Sciences,https://facultyinfo.unt.edu/faculty-profile?profile=ajs0406#current-teaching
Amanda Banister Rone,Adjunct Faculty,2179,Behavior Analysis,College of Public Affairs and Health Sciences,https://facultyinfo.unt.edu/faculty-profile?profile=abr0155#current-teaching
April D. Louise-Fowler,Adjunct Faculty,2180,Behavior Analysis,College of Public Affairs and Health Sciences,https://facultyinfo.unt.edu/faculty-profile?profile=adm0323#current-teaching
Ashley M. Lugo-King,Adjunct Faculty,2181,Behavior Analysis,College of Public Affairs and Health Sciences,https://facultyinfo.unt.edu/faculty-profile?profile=aml0507#current-teaching
Audrey H. Newkirk,Adjunct Faculty,2182,Behavior Analysis,College of Public Affairs and Health Sciences,https://facultyinfo.unt.edu/faculty-profile?profile=ahs0030#current-teaching
Brittany Mitchelson,Adjunct Faculty,2183,Behavior Analysis,College of Public Affairs and Health Sciences,https://facultyinfo.unt.edu/faculty-profile?profile=bmv0022#current-teaching
Bryan S. Lovelace,Adjunct Faculty,2184,Behavior Analysis,College of Public Affairs and Health Sciences,https://facultyinfo.unt.edu/faculty-profile?profile=bsl0009#current-teaching
Carlos Lopez,Adjunct Faculty,2185,Behavior Analysis,College of Public Affairs and Health Sciences,https://facultyinfo.unt.edu/faculty-profile?profile=crl0160#current-teaching
Crystal I. Fernandez,Adjunct Faculty,2186,Behavior Analysis,College of Public Affairs and Health Sciences,https://facultyinfo.unt.edu/faculty-profile?profile=cif0015#current-teaching
Eliza Goben,Adjunct Faculty,2187,Behavior Analysis,College of Public Affairs and Health Sciences,https://facultyinfo.unt.edu/faculty-profile?profile=ejg0202#current-teaching
Janie A. Funk,Adjunct Faculty,2188,Behavior Analysis,College of Public Affairs and Health Sciences,https://facultyinfo.unt.edu/faculty-profile?profile=jaf0476#current-teaching
Joseph Cihon,Adjunct Faculty,2189,Behavior Analysis,College of Public Affairs and Health Sciences,https://facultyinfo.unt.edu/faculty-profile?profile=jhc0088#current-teaching
Kelly Tait,Adjunct Faculty,2190,Behavior Analysis,College of Public Affairs and Health Sciences,https://facultyinfo.unt.edu/faculty-profile?profile=kmt0026#current-teaching
Kristen Villone,Adjunct Faculty,2191,Behavior Analysis,College of Public Affairs and Health Sciences,https://facultyinfo.unt.edu/faculty-profile?profile=kmv0130#current-teaching
Mari-Luci C. Cerda,Adjunct Faculty,2192,Behavior Analysis,College of Public Affairs and Health Sciences,https://facultyinfo.unt.edu/faculty-profile?profile=mc0262#current-teaching
Romeo Salazar,Adjunct Faculty,2193,Behavior Analysis,College of Public Affairs and Health Sciences,https://facultyinfo.unt.edu/faculty-profile?profile=ris0020#current-teaching
Sarah Owen,Adjunct Faculty,2194,Behavior Analysis,College of Public Affairs and Health Sciences,https://facultyinfo.unt.edu/faculty-profile?profile=so0306#current-teaching
Setareh Moslemi,Adjunct Faculty,2195,Behavior Analysis,College of Public Affairs and Health Sciences,https://facultyinfo.unt.edu/faculty-profile?profile=sm0557#current-teaching
Stacha Leslie,Adjunct Faculty,2196,Behavior Analysis,College of Public Affairs and Health Sciences,https://facultyinfo.unt.edu/faculty-profile?profile=scl0066#current-teaching
Tracie Brooke Mann,Adjunct Faculty,2197,Behavior Analysis,College of Public Affairs and Health Sciences,https://facultyinfo.unt.edu/faculty-profile?profile=tbm0103#current-teaching
Vanessa del Aguila Vargas,Adjunct Faculty,2198,Behavior Analysis,College of Public Affairs and Health Sciences,https://facultyinfo.unt.edu/faculty-profile?profile=vbd0013#current-teaching
Chris Varnon,Assistant Professor,2199,Behavior Analysis,College of Public Affairs and Health Sciences,https://facultyinfo.unt.edu/faculty-profile?profile=cav0052#current-teaching
Joe D. Dracobly,Assistant Professor,2200,Behavior Analysis,College of Public Affairs and Health Sciences,https://facultyinfo.unt.edu/faculty-profile?profile=jdd0164#current-teaching
Margaret Gifford,Assistant Professor,2201,Behavior Analysis,College of Public Affairs and Health Sciences,https://facultyinfo.unt.edu/faculty-profile?profile=mrg0389#current-teaching
Matthew Laske,Assistant Professor,2202,Behavior Analysis,College of Public Affairs and Health Sciences,https://facultyinfo.unt.edu/faculty-profile?profile=mml0271#current-teaching
Stephanie Gonzalez,Assistant Professor,2203,Behavior Analysis,College of Public Affairs and Health Sciences,https://facultyinfo.unt.edu/faculty-profile?profile=jsg0249#current-teaching
Aecio Borba,Associate Professor,2204,Behavior Analysis,College of Public Affairs and Health Sciences,https://facultyinfo.unt.edu/faculty-profile?profile=abv0015#current-teaching
April M. Becker,Associate Professor,2205,Behavior Analysis,College of Public Affairs and Health Sciences,https://facultyinfo.unt.edu/faculty-profile?profile=amb0345#current-teaching
Sam C. Bergmann,Associate Professor,2206,Behavior Analysis,College of Public Affairs and Health Sciences,https://facultyinfo.unt.edu/faculty-profile?profile=scm0164#current-teaching
Karen A. Rader,Chair,2207,Behavior Analysis,College of Public Affairs and Health Sciences,https://facultyinfo.unt.edu/faculty-profile?profile=kat0185#current-teaching
Kenda Morrison,Principal Lecturer,2208,Behavior Analysis,College of Public Affairs and Health Sciences,https://facultyinfo.unt.edu/faculty-profile?profile=km0355#current-teaching
Jesus Rosales-Ruiz,Professor,2209,Behavior Analysis,College of Public Affairs and Health Sciences,https://facultyinfo.unt.edu/faculty-profile?profile=jr0056#current-teaching
Shahla S. Ala'i-Rosales,Professor,2210,Behavior Analysis,College of Public Affairs and Health Sciences,https://facultyinfo.unt.edu/faculty-profile?profile=ssa0011#current-teaching
Daniele Ortu,Research Assistant Professor,2211,Behavior Analysis,College of Public Affairs and Health Sciences,https://facultyinfo.unt.edu/faculty-profile?profile=do0037#current-teaching
Kio Kazaoka,Teaching Fellow,2212,Behavior Analysis,College of Public Affairs and Health Sciences,https://facultyinfo.unt.edu/faculty-profile?profile=kk0580#current-teaching
Logan L. Gibson,Teaching Fellow,2213,Behavior Analysis,College of Public Affairs and Health Sciences,https://facultyinfo.unt.edu/faculty-profile?profile=jlg0569#current-teaching
Marcus D. Strum,Teaching Fellow,2214,Behavior Analysis,College of Public Affairs and Health Sciences,https://facultyinfo.unt.edu/faculty-profile?profile=mds0443#current-teaching
Arthur Vasquez,Adjunct Faculty,2215,Criminal Justice,College of Public Affairs and Health Sciences,https://facultyinfo.unt.edu/faculty-profile?profile=agv0014#current-teaching
Cherly Gary-Furdge,Adjunct Faculty,2216,Criminal Justice,College of Public Affairs and Health Sciences,https://facultyinfo.unt.edu/faculty-profile?profile=cdg0078#current-teaching
Corey L. Tinsman,Adjunct Faculty,2217,Criminal Justice,College of Public Affairs and Health Sciences,https://facultyinfo.unt.edu/faculty-profile?profile=clt0061#current-teaching
Damoine Williams,Adjunct Faculty,2218,Criminal Justice,College of Public Affairs and Health Sciences,https://facultyinfo.unt.edu/faculty-profile?profile=dtw0097#current-teaching
Daphine Brown-Jack,Adjunct Faculty,2219,Criminal Justice,College of Public Affairs and Health Sciences,https://facultyinfo.unt.edu/faculty-profile?profile=dbb0120#current-teaching
Emmitt Jackson,Adjunct Faculty,2220,Criminal Justice,College of Public Affairs and Health Sciences,https://facultyinfo.unt.edu/faculty-profile?profile=erj0003#current-teaching
Kubra Gultekin,Adjunct Faculty,2221,Criminal Justice,College of Public Affairs and Health Sciences,https://facultyinfo.unt.edu/faculty-profile?profile=kg0072#current-teaching
Madison McDowell,Adjunct Faculty,2222,Criminal Justice,College of Public Affairs and Health Sciences,https://facultyinfo.unt.edu/faculty-profile?profile=mlg0299#current-teaching
Marissa Hayes,Adjunct Faculty,2223,Criminal Justice,College of Public Affairs and Health Sciences,https://facultyinfo.unt.edu/faculty-profile?profile=mkd0080#current-teaching
Nikki Chamblee,Adjunct Faculty,2224,Criminal Justice,College of Public Affairs and Health Sciences,https://facultyinfo.unt.edu/faculty-profile?profile=nac0272#current-teaching
Ryan Getty,Adjunct Faculty,2225,Criminal Justice,College of Public Affairs and Health Sciences,https://facultyinfo.unt.edu/faculty-profile?profile=rmg0264#current-teaching
Solomon A. Oshowole,Adjunct Faculty,2226,Criminal Justice,College of Public Affairs and Health Sciences,https://facultyinfo.unt.edu/faculty-profile?profile=sao0027#current-teaching
Stephanie Whitehead,Adjunct Faculty,2227,Criminal Justice,College of Public Affairs and Health Sciences,https://facultyinfo.unt.edu/faculty-profile?profile=snw0175#current-teaching
Stephen Tillotson,Adjunct Faculty,2228,Criminal Justice,College of Public Affairs and Health Sciences,https://facultyinfo.unt.edu/faculty-profile?profile=set0209#current-teaching
Todd Gearman,Adjunct Faculty,2229,Criminal Justice,College of Public Affairs and Health Sciences,https://facultyinfo.unt.edu/faculty-profile?profile=tag0259#current-teaching
Alessa Juarez,Assistant Professor,2230,Criminal Justice,College of Public Affairs and Health Sciences,https://facultyinfo.unt.edu/faculty-profile?profile=asj0105#current-teaching
Jhon Pupo,Assistant Professor,2231,Criminal Justice,College of Public Affairs and Health Sciences,https://facultyinfo.unt.edu/faculty-profile?profile=jap0760#current-teaching
Rachael Rief,Assistant Professor,2232,Criminal Justice,College of Public Affairs and Health Sciences,https://facultyinfo.unt.edu/faculty-profile?profile=rmr0272#current-teaching
Jody L. Sundt,Associate Dean,2233,Criminal Justice,College of Public Affairs and Health Sciences,https://facultyinfo.unt.edu/faculty-profile?profile=jls0992#current-teaching
Alexander H. Updegrove,Associate Professor,2234,Criminal Justice,College of Public Affairs and Health Sciences,https://facultyinfo.unt.edu/faculty-profile?profile=ahu0006#current-teaching
Brooke E. Nodeland,Associate Professor,2235,Criminal Justice,College of Public Affairs and Health Sciences,https://facultyinfo.unt.edu/faculty-profile?profile=ben0007#current-teaching
Haley R. Zettler,Associate Professor,2236,Criminal Justice,College of Public Affairs and Health Sciences,https://facultyinfo.unt.edu/faculty-profile?profile=hrz0002#current-teaching
Jessica M. Craig,Associate Professor,2237,Criminal Justice,College of Public Affairs and Health Sciences,https://facultyinfo.unt.edu/faculty-profile?profile=jmc0680#current-teaching
Adam Trahan,Chair,2238,Criminal Justice,College of Public Affairs and Health Sciences,https://facultyinfo.unt.edu/faculty-profile?profile=at0214#current-teaching
Francheska Brinkley,Lecturer,2239,Criminal Justice,College of Public Affairs and Health Sciences,https://facultyinfo.unt.edu/faculty-profile?profile=flb0026#current-teaching
Jordan M. Russell,Lecturer,2240,Criminal Justice,College of Public Affairs and Health Sciences,https://facultyinfo.unt.edu/faculty-profile?profile=jmw0384#current-teaching
Mark C. Saber,Lecturer,2241,Criminal Justice,College of Public Affairs and Health Sciences,https://facultyinfo.unt.edu/faculty-profile?profile=mcs0273#current-teaching
Sam Simon,Lecturer,2242,Criminal Justice,College of Public Affairs and Health Sciences,https://facultyinfo.unt.edu/faculty-profile?profile=sas0866#current-teaching
Andrekus J. Dixon,Principal Lecturer,2243,Criminal Justice,College of Public Affairs and Health Sciences,https://facultyinfo.unt.edu/faculty-profile?profile=ajd0079#current-teaching
Chad R. Trulson,Professor,2244,Criminal Justice,College of Public Affairs and Health Sciences,https://facultyinfo.unt.edu/faculty-profile?profile=ct0054#current-teaching
Eric J. Fritsch,Professor,2245,Criminal Justice,College of Public Affairs and Health Sciences,https://facultyinfo.unt.edu/faculty-profile?profile=ejf0006#current-teaching
Jessica Roberts,Staff,2246,Criminal Justice,College of Public Affairs and Health Sciences,https://facultyinfo.unt.edu/faculty-profile?profile=jr1777#current-teaching
Ashley Hibbs,Teaching Fellow,2247,Criminal Justice,College of Public Affairs and Health Sciences,https://facultyinfo.unt.edu/faculty-profile?profile=anh0297#current-teaching
Beatriz Wronski,Visiting Assistant Professor,2248,Criminal Justice,College of Public Affairs and Health Sciences,https://facultyinfo.unt.edu/faculty-profile?profile=bw0357#current-teaching
Nicole Dash,Dean,2249,Dean's Office,College of Public Affairs and Health Sciences,https://facultyinfo.unt.edu/faculty-profile?profile=nd0020#current-teaching
Eric Hutmacher,Adjunct Faculty,2250,Emergency Management and Disaster Science,College of Public Affairs and Health Sciences,https://facultyinfo.unt.edu/faculty-profile?profile=egh0021#current-teaching
Karen McCormick,Adjunct Faculty,2251,Emergency Management and Disaster Science,College of Public Affairs and Health Sciences,https://facultyinfo.unt.edu/faculty-profile?profile=km0086#current-teaching
Luis A. Tapia,Adjunct Faculty,2252,Emergency Management and Disaster Science,College of Public Affairs and Health Sciences,https://facultyinfo.unt.edu/faculty-profile?profile=lat0012#current-teaching
Michael Penaluna,Adjunct Faculty,2253,Emergency Management and Disaster Science,College of Public Affairs and Health Sciences,https://facultyinfo.unt.edu/faculty-profile?profile=map0149#current-teaching
Elyse M. Zavar,Associate Professor,2254,Emergency Management and Disaster Science,College of Public Affairs and Health Sciences,https://facultyinfo.unt.edu/faculty-profile?profile=emz0016#current-teaching
Mary M. Nelan,Associate Professor,2255,Emergency Management and Disaster Science,College of Public Affairs and Health Sciences,https://facultyinfo.unt.edu/faculty-profile?profile=mmn0081#current-teaching
Ronald L. Schumann,Associate Professor,2256,Emergency Management and Disaster Science,College of Public Affairs and Health Sciences,https://facultyinfo.unt.edu/faculty-profile?profile=rls0372#current-teaching
Laura K. Siebeneck,Chair,2257,Emergency Management and Disaster Science,College of Public Affairs and Health Sciences,https://facultyinfo.unt.edu/faculty-profile?profile=lks0122#current-teaching
Julie R. Elliott,Lecturer,2258,Emergency Management and Disaster Science,College of Public Affairs and Health Sciences,https://facultyinfo.unt.edu/faculty-profile?profile=jrh0407#current-teaching
Ronald P. Timmons,Principal Lecturer,2259,Emergency Management and Disaster Science,College of Public Affairs and Health Sciences,https://facultyinfo.unt.edu/faculty-profile?profile=rpt0033#current-teaching
Gary R. Webb,Professor,2260,Emergency Management and Disaster Science,College of Public Affairs and Health Sciences,https://facultyinfo.unt.edu/faculty-profile?profile=grw0013#current-teaching
H. Tristan Wu,Professor,2261,Emergency Management and Disaster Science,College of Public Affairs and Health Sciences,https://facultyinfo.unt.edu/faculty-profile?profile=hw0233#current-teaching
Jakob L. Vingren,Academic Associate Dean,2262,"Kinesiology, Health Promotion and Recreation",College of Public Affairs and Health Sciences,https://facultyinfo.unt.edu/faculty-profile?profile=jlv0027#current-teaching
Barbara Polansky,Adjunct Faculty,2263,"Kinesiology, Health Promotion and Recreation",College of Public Affairs and Health Sciences,https://facultyinfo.unt.edu/faculty-profile?profile=bcp0004#current-teaching
Brandi Matous,Adjunct Faculty,2264,"Kinesiology, Health Promotion and Recreation",College of Public Affairs and Health Sciences,https://facultyinfo.unt.edu/faculty-profile?profile=bkm0183#current-teaching
Jackson Sawko,Adjunct Faculty,2265,"Kinesiology, Health Promotion and Recreation",College of Public Affairs and Health Sciences,https://facultyinfo.unt.edu/faculty-profile?profile=js3295#current-teaching
Jennifer S. Brown,Adjunct Faculty,2266,"Kinesiology, Health Promotion and Recreation",College of Public Affairs and Health Sciences,https://facultyinfo.unt.edu/faculty-profile?profile=jb0082#current-teaching
Jiwon Song,Adjunct Faculty,2267,"Kinesiology, Health Promotion and Recreation",College of Public Affairs and Health Sciences,https://facultyinfo.unt.edu/faculty-profile?profile=js2712#current-teaching
Kase Pennartz,Adjunct Faculty,2268,"Kinesiology, Health Promotion and Recreation",College of Public Affairs and Health Sciences,https://facultyinfo.unt.edu/faculty-profile?profile=kjp0229#current-teaching
Kayla Jones,Adjunct Faculty,2269,"Kinesiology, Health Promotion and Recreation",College of Public Affairs and Health Sciences,https://facultyinfo.unt.edu/faculty-profile?profile=krj0111#current-teaching
Leah S. Goudy,Adjunct Faculty,2270,"Kinesiology, Health Promotion and Recreation",College of Public Affairs and Health Sciences,https://facultyinfo.unt.edu/faculty-profile?profile=lsg0072#current-teaching
Megan B. McClellan,Adjunct Faculty,2271,"Kinesiology, Health Promotion and Recreation",College of Public Affairs and Health Sciences,https://facultyinfo.unt.edu/faculty-profile?profile=mbb0150#current-teaching
Richard N. Hadwick,Adjunct Faculty,2272,"Kinesiology, Health Promotion and Recreation",College of Public Affairs and Health Sciences,https://facultyinfo.unt.edu/faculty-profile?profile=rnh0079#current-teaching
Rodrigo Camargo de Almeida,Adjunct Faculty,2273,"Kinesiology, Health Promotion and Recreation",College of Public Affairs and Health Sciences,https://facultyinfo.unt.edu/faculty-profile?profile=rcd0086#current-teaching
Sabrina Queen,Adjunct Faculty,2274,"Kinesiology, Health Promotion and Recreation",College of Public Affairs and Health Sciences,https://facultyinfo.unt.edu/faculty-profile?profile=snq0012#current-teaching
Sarah B. Rozell,Adjunct Faculty,2275,"Kinesiology, Health Promotion and Recreation",College of Public Affairs and Health Sciences,https://facultyinfo.unt.edu/faculty-profile?profile=sbr0069#current-teaching
Stephanie K. Turkel,Adjunct Faculty,2276,"Kinesiology, Health Promotion and Recreation",College of Public Affairs and Health Sciences,https://facultyinfo.unt.edu/faculty-profile?profile=skt0066#current-teaching
Taryn D. Ziehm,Adjunct Faculty,2277,"Kinesiology, Health Promotion and Recreation",College of Public Affairs and Health Sciences,https://facultyinfo.unt.edu/faculty-profile?profile=tdw0032#current-teaching
Valerie F. Stevenson,Adjunct Faculty,2278,"Kinesiology, Health Promotion and Recreation",College of Public Affairs and Health Sciences,https://facultyinfo.unt.edu/faculty-profile?profile=vfs0010#current-teaching
Anthony Duplanty,Assistant Professor,2279,"Kinesiology, Health Promotion and Recreation",College of Public Affairs and Health Sciences,https://facultyinfo.unt.edu/faculty-profile?profile=aad0001#current-teaching
Jerraco L. Johnson,Assistant Professor,2280,"Kinesiology, Health Promotion and Recreation",College of Public Affairs and Health Sciences,https://facultyinfo.unt.edu/faculty-profile?profile=jlj0385#current-teaching
Joshua Keller,Assistant Professor,2281,"Kinesiology, Health Promotion and Recreation",College of Public Affairs and Health Sciences,https://facultyinfo.unt.edu/faculty-profile?profile=jlk0380#current-teaching
Justin Sprick,Assistant Professor,2282,"Kinesiology, Health Promotion and Recreation",College of Public Affairs and Health Sciences,https://facultyinfo.unt.edu/faculty-profile?profile=js1177#current-teaching
Megan  Ware,Assistant Professor,2283,"Kinesiology, Health Promotion and Recreation",College of Public Affairs and Health Sciences,https://facultyinfo.unt.edu/faculty-profile?profile=mew0333#current-teaching
Myungjin Jung,Assistant Professor,2284,"Kinesiology, Health Promotion and Recreation",College of Public Affairs and Health Sciences,https://facultyinfo.unt.edu/faculty-profile?profile=mj0726#current-teaching
Samantha Moss,Assistant Professor,2285,"Kinesiology, Health Promotion and Recreation",College of Public Affairs and Health Sciences,https://facultyinfo.unt.edu/faculty-profile?profile=sm4165#current-teaching
Sarah E. Deemer,Assistant Professor,2286,"Kinesiology, Health Promotion and Recreation",College of Public Affairs and Health Sciences,https://facultyinfo.unt.edu/faculty-profile?profile=sed0203#current-teaching
Andrew M. Colombo-Dougovito,Associate Professor,2287,"Kinesiology, Health Promotion and Recreation",College of Public Affairs and Health Sciences,https://facultyinfo.unt.edu/faculty-profile?profile=amc0670#current-teaching
Karen H. Weiller-Abels,Associate Professor,2288,"Kinesiology, Health Promotion and Recreation",College of Public Affairs and Health Sciences,https://facultyinfo.unt.edu/faculty-profile?profile=khw0002#current-teaching
Minhong Kim,Associate Professor,2289,"Kinesiology, Health Promotion and Recreation",College of Public Affairs and Health Sciences,https://facultyinfo.unt.edu/faculty-profile?profile=mk0691#current-teaching
Ryan L. Olson,Associate Professor,2290,"Kinesiology, Health Promotion and Recreation",College of Public Affairs and Health Sciences,https://facultyinfo.unt.edu/faculty-profile?profile=rlo0049#current-teaching
Tao Zhang,Chair,2291,"Kinesiology, Health Promotion and Recreation",College of Public Affairs and Health Sciences,https://facultyinfo.unt.edu/faculty-profile?profile=tz0024#current-teaching
Sam S. Dardaman,Clinical Assistant Professor,2292,"Kinesiology, Health Promotion and Recreation",College of Public Affairs and Health Sciences,https://facultyinfo.unt.edu/faculty-profile?profile=ssd0110#current-teaching
Gregg Mallett,Clinical Associate Professor,2293,"Kinesiology, Health Promotion and Recreation",College of Public Affairs and Health Sciences,https://facultyinfo.unt.edu/faculty-profile?profile=gsm0094#current-teaching
Alexander Fernandez,Lecturer,2294,"Kinesiology, Health Promotion and Recreation",College of Public Affairs and Health Sciences,https://facultyinfo.unt.edu/faculty-profile?profile=af0145#current-teaching
Kelly Perez,Lecturer,2295,"Kinesiology, Health Promotion and Recreation",College of Public Affairs and Health Sciences,https://facultyinfo.unt.edu/faculty-profile?profile=klp0302#current-teaching
Joseph Walker,Principal Lecturer,2296,"Kinesiology, Health Promotion and Recreation",College of Public Affairs and Health Sciences,https://facultyinfo.unt.edu/faculty-profile?profile=jw0215#current-teaching
Brian K. McFarlin,Professor,2297,"Kinesiology, Health Promotion and Recreation",College of Public Affairs and Health Sciences,https://facultyinfo.unt.edu/faculty-profile?profile=bkm0101#current-teaching
David W. Hill,Professor,2298,"Kinesiology, Health Promotion and Recreation",College of Public Affairs and Health Sciences,https://facultyinfo.unt.edu/faculty-profile?profile=dwh0002#current-teaching
Marian J. Keller,Professor,2299,"Kinesiology, Health Promotion and Recreation",College of Public Affairs and Health Sciences,https://facultyinfo.unt.edu/faculty-profile?profile=mjk0007#current-teaching
Scott B. Martin,Professor,2300,"Kinesiology, Health Promotion and Recreation",College of Public Affairs and Health Sciences,https://facultyinfo.unt.edu/faculty-profile?profile=sbm0006#current-teaching
John H. Curtis,Senior Lecturer,2301,"Kinesiology, Health Promotion and Recreation",College of Public Affairs and Health Sciences,https://facultyinfo.unt.edu/faculty-profile?profile=jhc0005#current-teaching
Austin B. Shaw,Teaching Fellow,2302,"Kinesiology, Health Promotion and Recreation",College of Public Affairs and Health Sciences,https://facultyinfo.unt.edu/faculty-profile?profile=abs0143#current-teaching
Christian Quintero,Teaching Fellow,2303,"Kinesiology, Health Promotion and Recreation",College of Public Affairs and Health Sciences,https://facultyinfo.unt.edu/faculty-profile?profile=coq0001#current-teaching
Ethan Hein,Teaching Fellow,2304,"Kinesiology, Health Promotion and Recreation",College of Public Affairs and Health Sciences,https://facultyinfo.unt.edu/faculty-profile?profile=ejh0164#current-teaching
Jeremiah Blough,Teaching Fellow,2305,"Kinesiology, Health Promotion and Recreation",College of Public Affairs and Health Sciences,https://facultyinfo.unt.edu/faculty-profile?profile=jcb0616#current-teaching
Jessica Pegg,Teaching Fellow,2306,"Kinesiology, Health Promotion and Recreation",College of Public Affairs and Health Sciences,https://facultyinfo.unt.edu/faculty-profile?profile=jp1722#current-teaching
Macilynn Coles,Teaching Fellow,2307,"Kinesiology, Health Promotion and Recreation",College of Public Affairs and Health Sciences,https://facultyinfo.unt.edu/faculty-profile?profile=mec0478#current-teaching
Rosa Vasquez,Teaching Fellow,2308,"Kinesiology, Health Promotion and Recreation",College of Public Affairs and Health Sciences,https://facultyinfo.unt.edu/faculty-profile?profile=rav0101#current-teaching
Shahaf Bareni,Teaching Fellow,2309,"Kinesiology, Health Promotion and Recreation",College of Public Affairs and Health Sciences,https://facultyinfo.unt.edu/faculty-profile?profile=syb0018#current-teaching
Yihua Yin,Teaching Fellow,2310,"Kinesiology, Health Promotion and Recreation",College of Public Affairs and Health Sciences,https://facultyinfo.unt.edu/faculty-profile?profile=yy0345#current-teaching
Adam Parker,Visiting Assistant Professor,2311,"Kinesiology, Health Promotion and Recreation",College of Public Affairs and Health Sciences,https://facultyinfo.unt.edu/faculty-profile?profile=ap2794#current-teaching
Arlene J. Rivero Carr,Adjunct Faculty,2312,Psychology,College of Public Affairs and Health Sciences,https://facultyinfo.unt.edu/faculty-profile?profile=ajr0030#current-teaching
Crystal Lockett,Adjunct Faculty,2313,Psychology,College of Public Affairs and Health Sciences,https://facultyinfo.unt.edu/faculty-profile?profile=cjl0286#current-teaching
Alisa Garner,Assistant Professor,2314,Psychology,College of Public Affairs and Health Sciences,https://facultyinfo.unt.edu/faculty-profile?profile=arg0206#current-teaching
Brett Messman,Assistant Professor,2315,Psychology,College of Public Affairs and Health Sciences,https://facultyinfo.unt.edu/faculty-profile?profile=bam0287#current-teaching
Holly Levin-Aspenson,Assistant Professor,2316,Psychology,College of Public Affairs and Health Sciences,https://facultyinfo.unt.edu/faculty-profile?profile=hl0562#current-teaching
Ingrid Hogge,Assistant Professor,2317,Psychology,College of Public Affairs and Health Sciences,https://facultyinfo.unt.edu/faculty-profile?profile=ih0143#current-teaching
NaYeon Yang,Assistant Professor,2318,Psychology,College of Public Affairs and Health Sciences,https://facultyinfo.unt.edu/faculty-profile?profile=ny0187#current-teaching
Samuel  Spencer,Assistant Professor,2319,Psychology,College of Public Affairs and Health Sciences,https://facultyinfo.unt.edu/faculty-profile?profile=sds0464#current-teaching
Anthony J. Ryals,Associate Professor,2320,Psychology,College of Public Affairs and Health Sciences,https://facultyinfo.unt.edu/faculty-profile?profile=ajr0259#current-teaching
Casey R. Guillot,Associate Professor,2321,Psychology,College of Public Affairs and Health Sciences,https://facultyinfo.unt.edu/faculty-profile?profile=crg0072#current-teaching
Danica C. Slavish,Associate Professor,2322,Psychology,College of Public Affairs and Health Sciences,https://facultyinfo.unt.edu/faculty-profile?profile=dcs0181#current-teaching
Kimberly S. Kelly,Associate Professor,2323,Psychology,College of Public Affairs and Health Sciences,https://facultyinfo.unt.edu/faculty-profile?profile=ksk0002#current-teaching
Martinque K. Jones,Associate Professor,2324,Psychology,College of Public Affairs and Health Sciences,https://facultyinfo.unt.edu/faculty-profile?profile=mkj0039#current-teaching
Michael Barnett,Associate Professor,2325,Psychology,College of Public Affairs and Health Sciences,https://facultyinfo.unt.edu/faculty-profile?profile=mdb0020#current-teaching
Patricia L. Kaminski,Associate Professor,2326,Psychology,College of Public Affairs and Health Sciences,https://facultyinfo.unt.edu/faculty-profile?profile=plk0007#current-teaching
Donald M. Dougherty,Chair,2327,Psychology,College of Public Affairs and Health Sciences,https://facultyinfo.unt.edu/faculty-profile?profile=dmd0282#current-teaching
Irais Anderton,Clinical Assistant Professor,2328,Psychology,College of Public Affairs and Health Sciences,https://facultyinfo.unt.edu/faculty-profile?profile=ida0009#current-teaching
Kayla Carrigan,Clinical Assistant Professor,2329,Psychology,College of Public Affairs and Health Sciences,https://facultyinfo.unt.edu/faculty-profile?profile=kwc0057#current-teaching
Magdalena Grohman,Clinical Associate Professor,2330,Psychology,College of Public Affairs and Health Sciences,https://facultyinfo.unt.edu/faculty-profile?profile=mgg0157#current-teaching
Jennifer Schwartz,Clinical Professor,2331,Psychology,College of Public Affairs and Health Sciences,https://facultyinfo.unt.edu/faculty-profile?profile=jls1061#current-teaching
Krisstal D. Clayton,Clinical Professor,2332,Psychology,College of Public Affairs and Health Sciences,https://facultyinfo.unt.edu/faculty-profile?profile=kdc0301#current-teaching
Caitlyn N. Hord,Lecturer,2333,Psychology,College of Public Affairs and Health Sciences,https://facultyinfo.unt.edu/faculty-profile?profile=cnc0176#current-teaching
Grace Wang,Lecturer,2334,Psychology,College of Public Affairs and Health Sciences,https://facultyinfo.unt.edu/faculty-profile?profile=qw0075#current-teaching
Kaitlin Brunett,Lecturer,2335,Psychology,College of Public Affairs and Health Sciences,https://facultyinfo.unt.edu/faculty-profile?profile=kmb0734#current-teaching
Matt F. Baysden,Lecturer,2336,Psychology,College of Public Affairs and Health Sciences,https://facultyinfo.unt.edu/faculty-profile?profile=mfb0079#current-teaching
Adriel Boals,Professor,2337,Psychology,College of Public Affairs and Health Sciences,https://facultyinfo.unt.edu/faculty-profile?profile=ab0268#current-teaching
Ateka A. Contractor,Professor,2338,Psychology,College of Public Affairs and Health Sciences,https://facultyinfo.unt.edu/faculty-profile?profile=aac0218#current-teaching
Chiachih Wang,Professor,2339,Psychology,College of Public Affairs and Health Sciences,https://facultyinfo.unt.edu/faculty-profile?profile=cw0354#current-teaching
David C. Cicero,Professor,2340,Psychology,College of Public Affairs and Health Sciences,https://facultyinfo.unt.edu/faculty-profile?profile=dcc0168#current-teaching
Heidemarie Blumenthal,Professor,2341,Psychology,College of Public Affairs and Health Sciences,https://facultyinfo.unt.edu/faculty-profile?profile=hb0106#current-teaching
Joshua N. Hook,Professor,2342,Psychology,College of Public Affairs and Health Sciences,https://facultyinfo.unt.edu/faculty-profile?profile=jnh0104#current-teaching
Richard Rogers,Professor,2343,Psychology,College of Public Affairs and Health Sciences,https://facultyinfo.unt.edu/faculty-profile?profile=rr0040#current-teaching
Sharon R. Jenkins,Professor,2344,Psychology,College of Public Affairs and Health Sciences,https://facultyinfo.unt.edu/faculty-profile?profile=veritas#current-teaching
Trent A. Petrie,Professor,2345,Psychology,College of Public Affairs and Health Sciences,https://facultyinfo.unt.edu/faculty-profile?profile=tap0019#current-teaching
Clifton E. Watkins,Professor Emeritus,2346,Psychology,College of Public Affairs and Health Sciences,https://facultyinfo.unt.edu/faculty-profile?profile=cew0013#current-teaching
Craig S. Neumann,Professor Emeritus,2347,Psychology,College of Public Affairs and Health Sciences,https://facultyinfo.unt.edu/faculty-profile?profile=csn0001#current-teaching
Calvin M. Sims,Senior Lecturer,2348,Psychology,College of Public Affairs and Health Sciences,https://facultyinfo.unt.edu/faculty-profile?profile=cms0670#current-teaching
Lisa Manriquez,Senior Lecturer,2349,Psychology,College of Public Affairs and Health Sciences,https://facultyinfo.unt.edu/faculty-profile?profile=lm0871#current-teaching
Alexandria Aleman,Teaching Fellow,2350,Psychology,College of Public Affairs and Health Sciences,https://facultyinfo.unt.edu/faculty-profile?profile=ama0885#current-teaching
Anjy Dunlap,Teaching Fellow,2351,Psychology,College of Public Affairs and Health Sciences,https://facultyinfo.unt.edu/faculty-profile?profile=aad0229#current-teaching
Daniel Kalanyos,Teaching Fellow,2352,Psychology,College of Public Affairs and Health Sciences,https://facultyinfo.unt.edu/faculty-profile?profile=odk0009#current-teaching
Efrain Ramirez,Teaching Fellow,2353,Psychology,College of Public Affairs and Health Sciences,https://facultyinfo.unt.edu/faculty-profile?profile=epr0041#current-teaching
Kara Stuart,Teaching Fellow,2354,Psychology,College of Public Affairs and Health Sciences,https://facultyinfo.unt.edu/faculty-profile?profile=kes0285#current-teaching
Priya Johal,Teaching Fellow,2355,Psychology,College of Public Affairs and Health Sciences,https://facultyinfo.unt.edu/faculty-profile?profile=pkj0023#current-teaching
Riley Petherbridge,Teaching Fellow,2356,Psychology,College of Public Affairs and Health Sciences,https://facultyinfo.unt.edu/faculty-profile?profile=rkp0096#current-teaching
Jane Whittington,Visiting Lecturer,2357,Psychology,College of Public Affairs and Health Sciences,https://facultyinfo.unt.edu/faculty-profile?profile=jew0336#current-teaching
Ahmed Eraky,Adjunct Faculty,2358,Public Administration,College of Public Affairs and Health Sciences,https://facultyinfo.unt.edu/faculty-profile?profile=aee0113#current-teaching
Daniel Johnson,Adjunct Faculty,2359,Public Administration,College of Public Affairs and Health Sciences,https://facultyinfo.unt.edu/faculty-profile?profile=daj0182#current-teaching
Janay Tieken,Adjunct Faculty,2360,Public Administration,College of Public Affairs and Health Sciences,https://facultyinfo.unt.edu/faculty-profile?profile=jep0042#current-teaching
Jessica Woods,Adjunct Faculty,2361,Public Administration,College of Public Affairs and Health Sciences,https://facultyinfo.unt.edu/faculty-profile?profile=jaw0678#current-teaching
Jintak Kim,Adjunct Faculty,2362,Public Administration,College of Public Affairs and Health Sciences,https://facultyinfo.unt.edu/faculty-profile?profile=jk0676#current-teaching
Jungin Choe,Adjunct Faculty,2363,Public Administration,College of Public Affairs and Health Sciences,https://facultyinfo.unt.edu/faculty-profile?profile=jc2192#current-teaching
Norman A. Dolch,Adjunct Faculty,2364,Public Administration,College of Public Affairs and Health Sciences,https://facultyinfo.unt.edu/faculty-profile?profile=nad0062#current-teaching
Annie Lee,Assistant Professor,2365,Public Administration,College of Public Affairs and Health Sciences,https://facultyinfo.unt.edu/faculty-profile?profile=asl0175#current-teaching
Laiyang Ke,Assistant Professor,2366,Public Administration,College of Public Affairs and Health Sciences,https://facultyinfo.unt.edu/faculty-profile?profile=lk0604#current-teaching
Lauren A. Fischer,Assistant Professor,2367,Public Administration,College of Public Affairs and Health Sciences,https://facultyinfo.unt.edu/faculty-profile?profile=laf0204#current-teaching
Linlang He,Assistant Professor,2368,Public Administration,College of Public Affairs and Health Sciences,https://facultyinfo.unt.edu/faculty-profile?profile=lh0601#current-teaching
Mashrur Rahman,Assistant Professor,2369,Public Administration,College of Public Affairs and Health Sciences,https://facultyinfo.unt.edu/faculty-profile?profile=mr2520#current-teaching
Brian K. Collins,Associate Professor,2370,Public Administration,College of Public Affairs and Health Sciences,https://facultyinfo.unt.edu/faculty-profile?profile=bkc0052#current-teaching
Yu Shi,Associate Professor,2371,Public Administration,College of Public Affairs and Health Sciences,https://facultyinfo.unt.edu/faculty-profile?profile=ys0274#current-teaching
Simon Andrew,Chair,2372,Public Administration,College of Public Affairs and Health Sciences,https://facultyinfo.unt.edu/faculty-profile?profile=sa0209#current-teaching
Laura M. Keyes,Clinical Assistant Professor,2373,Public Administration,College of Public Affairs and Health Sciences,https://facultyinfo.unt.edu/faculty-profile?profile=lmk0099#current-teaching
Ja Young Kim,Lecturer,2374,Public Administration,College of Public Affairs and Health Sciences,https://facultyinfo.unt.edu/faculty-profile?profile=jk1228#current-teaching
Harrison Keller,President,2375,Public Administration,College of Public Affairs and Health Sciences,https://facultyinfo.unt.edu/faculty-profile?profile=hk1002#current-teaching
Leslie R. Roberts,Principal Lecturer,2376,Public Administration,College of Public Affairs and Health Sciences,https://facultyinfo.unt.edu/faculty-profile?profile=lrr0064#current-teaching
Hee Soun Jang,Professor,2377,Public Administration,College of Public Affairs and Health Sciences,https://facultyinfo.unt.edu/faculty-profile?profile=hj0080#current-teaching
Lisa Dicke,Professor,2378,Public Administration,College of Public Affairs and Health Sciences,https://facultyinfo.unt.edu/faculty-profile?profile=ld0076#current-teaching
Mark McDaniel,Professor of Practice,2379,Public Administration,College of Public Affairs and Health Sciences,https://facultyinfo.unt.edu/faculty-profile?profile=mlm0273#current-teaching
Aparajitia Sengupta,Teaching Fellow,2380,Public Administration,College of Public Affairs and Health Sciences,https://facultyinfo.unt.edu/faculty-profile?profile=as3860#current-teaching
Elizabeth Timothy,Teaching Fellow,2381,Public Administration,College of Public Affairs and Health Sciences,https://facultyinfo.unt.edu/faculty-profile?profile=ekt0031#current-teaching
Emmanuel Bigodza,Teaching Fellow,2382,Public Administration,College of Public Affairs and Health Sciences,https://facultyinfo.unt.edu/faculty-profile?profile=ekb0124#current-teaching
Hyojun Kim,Teaching Fellow,2383,Public Administration,College of Public Affairs and Health Sciences,https://facultyinfo.unt.edu/faculty-profile?profile=hk0824#current-teaching
John L. Pipes,Teaching Fellow,2384,Public Administration,College of Public Affairs and Health Sciences,https://facultyinfo.unt.edu/faculty-profile?profile=jlp0007#current-teaching
Kingsley Ukwandi,Teaching Fellow,2385,Public Administration,College of Public Affairs and Health Sciences,https://facultyinfo.unt.edu/faculty-profile?profile=ku0056#current-teaching
Mai Elbahrawy,Teaching Fellow,2386,Public Administration,College of Public Affairs and Health Sciences,https://facultyinfo.unt.edu/faculty-profile?profile=mme0136#current-teaching
Ojonugwa Emmanuel,Teaching Fellow,2387,Public Administration,College of Public Affairs and Health Sciences,https://facultyinfo.unt.edu/faculty-profile?profile=oce0007#current-teaching
Osama Ahmed Sr,Teaching Fellow,2388,Public Administration,College of Public Affairs and Health Sciences,https://facultyinfo.unt.edu/faculty-profile?profile=osa0052#current-teaching
Brinta Thomas,Adjunct Faculty,2389,Rehabilitation and Health Services,College of Public Affairs and Health Sciences,https://facultyinfo.unt.edu/faculty-profile?profile=bt0349#current-teaching
Dana MacDonald,Adjunct Faculty,2390,Rehabilitation and Health Services,College of Public Affairs and Health Sciences,https://facultyinfo.unt.edu/faculty-profile?profile=dcm0158#current-teaching
Idorenyin Udoh,Adjunct Faculty,2391,Rehabilitation and Health Services,College of Public Affairs and Health Sciences,https://facultyinfo.unt.edu/faculty-profile?profile=iiu0003#current-teaching
James Mcneil,Adjunct Faculty,2392,Rehabilitation and Health Services,College of Public Affairs and Health Sciences,https://facultyinfo.unt.edu/faculty-profile?profile=jfm0153#current-teaching
Jesseca Lightbourne,Adjunct Faculty,2393,Rehabilitation and Health Services,College of Public Affairs and Health Sciences,https://facultyinfo.unt.edu/faculty-profile?profile=jes0369#current-teaching
Jessica N. Stone,Adjunct Faculty,2394,Rehabilitation and Health Services,College of Public Affairs and Health Sciences,https://facultyinfo.unt.edu/faculty-profile?profile=jnn0033#current-teaching
Juliana Abude-Aribo,Adjunct Faculty,2395,Rehabilitation and Health Services,College of Public Affairs and Health Sciences,https://facultyinfo.unt.edu/faculty-profile?profile=joa0074#current-teaching
Kathleen Wiggins,Adjunct Faculty,2396,Rehabilitation and Health Services,College of Public Affairs and Health Sciences,https://facultyinfo.unt.edu/faculty-profile?profile=kw1213#current-teaching
Kellie Nix,Adjunct Faculty,2397,Rehabilitation and Health Services,College of Public Affairs and Health Sciences,https://facultyinfo.unt.edu/faculty-profile?profile=kan0089#current-teaching
Kelly C. Wilson,Adjunct Faculty,2398,Rehabilitation and Health Services,College of Public Affairs and Health Sciences,https://facultyinfo.unt.edu/faculty-profile?profile=kcs0183#current-teaching
Kori Gorman,Adjunct Faculty,2399,Rehabilitation and Health Services,College of Public Affairs and Health Sciences,https://facultyinfo.unt.edu/faculty-profile?profile=ksf0083#current-teaching
Maryellen Dennis,Adjunct Faculty,2400,Rehabilitation and Health Services,College of Public Affairs and Health Sciences,https://facultyinfo.unt.edu/faculty-profile?profile=md0920#current-teaching
Miguel Lozano Garcia,Adjunct Faculty,2401,Rehabilitation and Health Services,College of Public Affairs and Health Sciences,https://facultyinfo.unt.edu/faculty-profile?profile=ml1361#current-teaching
Rebecca L. Partridge,Adjunct Faculty,2402,Rehabilitation and Health Services,College of Public Affairs and Health Sciences,https://facultyinfo.unt.edu/faculty-profile?profile=rlp0192#current-teaching
Rekha Pudur,Adjunct Faculty,2403,Rehabilitation and Health Services,College of Public Affairs and Health Sciences,https://facultyinfo.unt.edu/faculty-profile?profile=rp0235#current-teaching
Ryan R. Cole,Adjunct Faculty,2404,Rehabilitation and Health Services,College of Public Affairs and Health Sciences,https://facultyinfo.unt.edu/faculty-profile?profile=rrc0064#current-teaching
Sharon Cager,Adjunct Faculty,2405,Rehabilitation and Health Services,College of Public Affairs and Health Sciences,https://facultyinfo.unt.edu/faculty-profile?profile=skc0228#current-teaching
Sze Sze Tong,Adjunct Faculty,2406,Rehabilitation and Health Services,College of Public Affairs and Health Sciences,https://facultyinfo.unt.edu/faculty-profile?profile=sst0008#current-teaching
Constance Richard,Assistant Professor,2407,Rehabilitation and Health Services,College of Public Affairs and Health Sciences,https://facultyinfo.unt.edu/faculty-profile?profile=car0593#current-teaching
Kaiqi Zhou,Assistant Professor,2408,Rehabilitation and Health Services,College of Public Affairs and Health Sciences,https://facultyinfo.unt.edu/faculty-profile?profile=kz0070#current-teaching
Sara Park,Assistant Professor,2409,Rehabilitation and Health Services,College of Public Affairs and Health Sciences,https://facultyinfo.unt.edu/faculty-profile?profile=sp3725#current-teaching
Shyamkumar Sriram,Assistant Professor,2410,Rehabilitation and Health Services,College of Public Affairs and Health Sciences,https://facultyinfo.unt.edu/faculty-profile?profile=ss1307#current-teaching
Xiaolei Tang,Assistant Professor,2411,Rehabilitation and Health Services,College of Public Affairs and Health Sciences,https://facultyinfo.unt.edu/faculty-profile?profile=xt0063#current-teaching
Bradley W. McDaniels,Associate Professor,2412,Rehabilitation and Health Services,College of Public Affairs and Health Sciences,https://facultyinfo.unt.edu/faculty-profile?profile=bwm0080#current-teaching
Chisom N. Iwundu,Associate Professor,2413,Rehabilitation and Health Services,College of Public Affairs and Health Sciences,https://facultyinfo.unt.edu/faculty-profile?profile=cno0053#current-teaching
Dalia Chowdhury,Associate Professor,2414,Rehabilitation and Health Services,College of Public Affairs and Health Sciences,https://facultyinfo.unt.edu/faculty-profile?profile=dc1134#current-teaching
Denise E. Catalano,Associate Professor,2415,Rehabilitation and Health Services,College of Public Affairs and Health Sciences,https://facultyinfo.unt.edu/faculty-profile?profile=dec0085#current-teaching
Liam O'Neill,Associate Professor,2416,Rehabilitation and Health Services,College of Public Affairs and Health Sciences,https://facultyinfo.unt.edu/faculty-profile?profile=lo0031#current-teaching
Rachita Sharma,Chair,2417,Rehabilitation and Health Services,College of Public Affairs and Health Sciences,https://facultyinfo.unt.edu/faculty-profile?profile=rs0314#current-teaching
Benedict K. Jikong,Clinical Assistant Professor,2418,Rehabilitation and Health Services,College of Public Affairs and Health Sciences,https://facultyinfo.unt.edu/faculty-profile?profile=bkj0074#current-teaching
Katelyn Matkin,Clinical Assistant Professor,2419,Rehabilitation and Health Services,College of Public Affairs and Health Sciences,https://facultyinfo.unt.edu/faculty-profile?profile=kjm0406#current-teaching
Melissa Gaa,Clinical Assistant Professor,2420,Rehabilitation and Health Services,College of Public Affairs and Health Sciences,https://facultyinfo.unt.edu/faculty-profile?profile=mmg0007#current-teaching
Naomi Meier,Clinical Assistant Professor,2421,Rehabilitation and Health Services,College of Public Affairs and Health Sciences,https://facultyinfo.unt.edu/faculty-profile?profile=nmm0007#current-teaching
Andrea Traylor,Lecturer,2422,Rehabilitation and Health Services,College of Public Affairs and Health Sciences,https://facultyinfo.unt.edu/faculty-profile?profile=art0255#current-teaching
Paula H. Garland,Principal Lecturer,2423,Rehabilitation and Health Services,College of Public Affairs and Health Sciences,https://facultyinfo.unt.edu/faculty-profile?profile=pjh0057#current-teaching
Ami R. Moore,Professor,2424,Rehabilitation and Health Services,College of Public Affairs and Health Sciences,https://facultyinfo.unt.edu/faculty-profile?profile=am0099#current-teaching
Elias Mpofu,Professor,2425,Rehabilitation and Health Services,College of Public Affairs and Health Sciences,https://facultyinfo.unt.edu/faculty-profile?profile=em0528#current-teaching
Julia E. Heck,Professor,2426,Rehabilitation and Health Services,College of Public Affairs and Health Sciences,https://facultyinfo.unt.edu/faculty-profile?profile=jeh0427#current-teaching
Bailey Wynne,Teaching Fellow,2427,Rehabilitation and Health Services,College of Public Affairs and Health Sciences,https://facultyinfo.unt.edu/faculty-profile?profile=dt0208#current-teaching
Monica Sinha,Teaching Fellow,2428,Rehabilitation and Health Services,College of Public Affairs and Health Sciences,https://facultyinfo.unt.edu/faculty-profile?profile=ms3166#current-teaching
Mumtahina Obaid,Teaching Fellow,2429,Rehabilitation and Health Services,College of Public Affairs and Health Sciences,https://facultyinfo.unt.edu/faculty-profile?profile=mo0336#current-teaching
Renata Komalasari,Teaching Fellow,2430,Rehabilitation and Health Services,College of Public Affairs and Health Sciences,https://facultyinfo.unt.edu/faculty-profile?profile=rk0424#current-teaching
Wendy Mincer,Teaching Fellow,2431,Rehabilitation and Health Services,College of Public Affairs and Health Sciences,https://facultyinfo.unt.edu/faculty-profile?profile=wfm0021#current-teaching
Tamara Suzanne Knapp-Grosz,Visiting Lecturer,2432,Rehabilitation and Health Services,College of Public Affairs and Health Sciences,https://facultyinfo.unt.edu/faculty-profile?profile=tsk0045#current-teaching
Amy M. Mayes,Adjunct Faculty,2433,Social Work,College of Public Affairs and Health Sciences,https://facultyinfo.unt.edu/faculty-profile?profile=am1840#current-teaching
Bernadette Josephs,Adjunct Faculty,2434,Social Work,College of Public Affairs and Health Sciences,https://facultyinfo.unt.edu/faculty-profile?profile=bmj0131#current-teaching
Cristina Parsons,Adjunct Faculty,2435,Social Work,College of Public Affairs and Health Sciences,https://facultyinfo.unt.edu/faculty-profile?profile=csp0177#current-teaching
Jennifer D. Middleton,Adjunct Faculty,2436,Social Work,College of Public Affairs and Health Sciences,https://facultyinfo.unt.edu/faculty-profile?profile=jm0731#current-teaching
Jennifer Nichols,Adjunct Faculty,2437,Social Work,College of Public Affairs and Health Sciences,https://facultyinfo.unt.edu/faculty-profile?profile=jn0426#current-teaching
Jeremeka Mcbride,Adjunct Faculty,2438,Social Work,College of Public Affairs and Health Sciences,https://facultyinfo.unt.edu/faculty-profile?profile=jhm0172#current-teaching
Leon Theodore,Adjunct Faculty,2439,Social Work,College of Public Affairs and Health Sciences,https://facultyinfo.unt.edu/faculty-profile?profile=lgt0037#current-teaching
Mallory Williams,Adjunct Faculty,2440,Social Work,College of Public Affairs and Health Sciences,https://facultyinfo.unt.edu/faculty-profile?profile=mcw0251#current-teaching
Mansi Patel,Adjunct Faculty,2441,Social Work,College of Public Affairs and Health Sciences,https://facultyinfo.unt.edu/faculty-profile?profile=mp1834#current-teaching
Mia Kirby,Adjunct Faculty,2442,Social Work,College of Public Affairs and Health Sciences,https://facultyinfo.unt.edu/faculty-profile?profile=mk0634#current-teaching
Michelle Larson,Adjunct Faculty,2443,Social Work,College of Public Affairs and Health Sciences,https://facultyinfo.unt.edu/faculty-profile?profile=mnl0018#current-teaching
Regina Fruge,Adjunct Faculty,2444,Social Work,College of Public Affairs and Health Sciences,https://facultyinfo.unt.edu/faculty-profile?profile=rmf0126#current-teaching
Jessica Grace,Assistant Professor,2445,Social Work,College of Public Affairs and Health Sciences,https://facultyinfo.unt.edu/faculty-profile?profile=jcg0275#current-teaching
Joseph J. Frey,Assistant Professor,2446,Social Work,College of Public Affairs and Health Sciences,https://facultyinfo.unt.edu/faculty-profile?profile=jjf0134#current-teaching
Sukyung Yoon,Assistant Professor,2447,Social Work,College of Public Affairs and Health Sciences,https://facultyinfo.unt.edu/faculty-profile?profile=sy0845#current-teaching
Dhrubodhi Mukherjee,Associate Professor,2448,Social Work,College of Public Affairs and Health Sciences,https://facultyinfo.unt.edu/faculty-profile?profile=dm0608#current-teaching
Huei-wern Shen,Associate Professor,2449,Social Work,College of Public Affairs and Health Sciences,https://facultyinfo.unt.edu/faculty-profile?profile=hs0505#current-teaching
Sarah E. Moore,Associate Professor,2450,Social Work,College of Public Affairs and Health Sciences,https://facultyinfo.unt.edu/faculty-profile?profile=smo0085#current-teaching
Amanda Manchack,Clinical Assistant Professor,2451,Social Work,College of Public Affairs and Health Sciences,https://facultyinfo.unt.edu/faculty-profile?profile=acb0130#current-teaching
Rosalind Evans,Clinical Assistant Professor,2452,Social Work,College of Public Affairs and Health Sciences,https://facultyinfo.unt.edu/faculty-profile?profile=re0222#current-teaching
Sarah  Herrera,Clinical Assistant Professor,2453,Social Work,College of Public Affairs and Health Sciences,https://facultyinfo.unt.edu/faculty-profile?profile=seh0196#current-teaching
Sherece Shavel,Clinical Assistant Professor,2454,Social Work,College of Public Affairs and Health Sciences,https://facultyinfo.unt.edu/faculty-profile?profile=ss5699#current-teaching
Cassidy A. Baker,Clinical Associate Professor,2455,Social Work,College of Public Affairs and Health Sciences,https://facultyinfo.unt.edu/faculty-profile?profile=cab0527#current-teaching
Brenda L. Sweeten,Clinical Professor,2456,Social Work,College of Public Affairs and Health Sciences,https://facultyinfo.unt.edu/faculty-profile?profile=bls0019#current-teaching
Alexandrea Rich,Lecturer,2457,Social Work,College of Public Affairs and Health Sciences,https://facultyinfo.unt.edu/faculty-profile?profile=anr0409#current-teaching
Kayla R. Whitworth,Lecturer,2458,Social Work,College of Public Affairs and Health Sciences,https://facultyinfo.unt.edu/faculty-profile?profile=krw0285#current-teaching
Madalyn Worley,Lecturer,2459,Social Work,College of Public Affairs and Health Sciences,https://facultyinfo.unt.edu/faculty-profile?profile=mlw0501#current-teaching
Staci Mulcahy,Lecturer,2460,Social Work,College of Public Affairs and Health Sciences,https://facultyinfo.unt.edu/faculty-profile?profile=skm0352#current-teaching
Lee E. Hughes,Academic Associate Dean,2461,Biological Sciences,College of Science,https://facultyinfo.unt.edu/faculty-profile?profile=lhughes#current-teaching
Alexis Khursigara,Adjunct Faculty,2462,Biological Sciences,College of Science,https://facultyinfo.unt.edu/faculty-profile?profile=ajk0195#current-teaching
Anthony A. Curran,Adjunct Faculty,2463,Biological Sciences,College of Science,https://facultyinfo.unt.edu/faculty-profile?profile=aac0023#current-teaching
Arland D. Alberts,Adjunct Faculty,2464,Biological Sciences,College of Science,https://facultyinfo.unt.edu/faculty-profile?profile=ada0024#current-teaching
Ashley Cannon,Adjunct Faculty,2465,Biological Sciences,College of Science,https://facultyinfo.unt.edu/faculty-profile?profile=aec0230#current-teaching
Brianne K. Soulen,Adjunct Faculty,2466,Biological Sciences,College of Science,https://facultyinfo.unt.edu/faculty-profile?profile=bks0106#current-teaching
Carroll W. Bottoms,Adjunct Faculty,2467,Biological Sciences,College of Science,https://facultyinfo.unt.edu/faculty-profile?profile=cwb0169#current-teaching
Donna Hamilton,Adjunct Faculty,2468,Biological Sciences,College of Science,https://facultyinfo.unt.edu/faculty-profile?profile=deh0034#current-teaching
Geoffrey L. Brooks,Adjunct Faculty,2469,Biological Sciences,College of Science,https://facultyinfo.unt.edu/faculty-profile?profile=glb0020#current-teaching
Ipsita Lahiri,Adjunct Faculty,2470,Biological Sciences,College of Science,https://facultyinfo.unt.edu/faculty-profile?profile=il0042#current-teaching
Janet L. Ray,Adjunct Faculty,2471,Biological Sciences,College of Science,https://facultyinfo.unt.edu/faculty-profile?profile=jlr0059#current-teaching
Jennifer S. Painter,Adjunct Faculty,2472,Biological Sciences,College of Science,https://facultyinfo.unt.edu/faculty-profile?profile=jp1054#current-teaching
Jenny Gnau,Adjunct Faculty,2473,Biological Sciences,College of Science,https://facultyinfo.unt.edu/faculty-profile?profile=jlg0401#current-teaching
Jessica Rippamonti,Adjunct Faculty,2474,Biological Sciences,College of Science,https://facultyinfo.unt.edu/faculty-profile?profile=jdr0350#current-teaching
Karrie Meadows,Adjunct Faculty,2475,Biological Sciences,College of Science,https://facultyinfo.unt.edu/faculty-profile?profile=kak0422#current-teaching
Madhuri Inupakutika,Adjunct Faculty,2476,Biological Sciences,College of Science,https://facultyinfo.unt.edu/faculty-profile?profile=mai0038#current-teaching
Michelle Ravitch,Adjunct Faculty,2477,Biological Sciences,College of Science,https://facultyinfo.unt.edu/faculty-profile?profile=mrr0209#current-teaching
Misty Mikuls,Adjunct Faculty,2478,Biological Sciences,College of Science,https://facultyinfo.unt.edu/faculty-profile?profile=mlm0479#current-teaching
Nathaniel Peterson,Adjunct Faculty,2479,Biological Sciences,College of Science,https://facultyinfo.unt.edu/faculty-profile?profile=ncp0022#current-teaching
Richard N. Ernest,Adjunct Faculty,2480,Biological Sciences,College of Science,https://facultyinfo.unt.edu/faculty-profile?profile=rne0006#current-teaching
Rida Nadeem,Adjunct Faculty,2481,Biological Sciences,College of Science,https://facultyinfo.unt.edu/faculty-profile?profile=rn0095#current-teaching
Samuel J. Ogden,Adjunct Faculty,2482,Biological Sciences,College of Science,https://facultyinfo.unt.edu/faculty-profile?profile=sjo0010#current-teaching
Syeda T. Alam,Adjunct Faculty,2483,Biological Sciences,College of Science,https://facultyinfo.unt.edu/faculty-profile?profile=sta0026#current-teaching
Anastasia Sacharidou,Assistant Professor,2484,Biological Sciences,College of Science,https://facultyinfo.unt.edu/faculty-profile?profile=as3916#current-teaching
Andrew J. Gregory,Assistant Professor,2485,Biological Sciences,College of Science,https://facultyinfo.unt.edu/faculty-profile?profile=ajg0288#current-teaching
Bojun Chen,Assistant Professor,2486,Biological Sciences,College of Science,https://facultyinfo.unt.edu/faculty-profile?profile=bc0689#current-teaching
Calvin A. Henard,Assistant Professor,2487,Biological Sciences,College of Science,https://facultyinfo.unt.edu/faculty-profile?profile=cah0252#current-teaching
Elinor M. Lichtenberg,Assistant Professor,2488,Biological Sciences,College of Science,https://facultyinfo.unt.edu/faculty-profile?profile=eml0166#current-teaching
Fanju Meng,Assistant Professor,2489,Biological Sciences,College of Science,https://facultyinfo.unt.edu/faculty-profile?profile=fm0448#current-teaching
Feng Gu,Assistant Professor,2490,Biological Sciences,College of Science,https://facultyinfo.unt.edu/faculty-profile?profile=fg0204#current-teaching
Ikjot Singh Sohal,Assistant Professor,2491,Biological Sciences,College of Science,https://facultyinfo.unt.edu/faculty-profile?profile=iss0047#current-teaching
Patrick Horn,Assistant Professor,2492,Biological Sciences,College of Science,https://facultyinfo.unt.edu/faculty-profile?profile=pjh0086#current-teaching
Rohan Balakrishnan,Assistant Professor,2493,Biological Sciences,College of Science,https://facultyinfo.unt.edu/faculty-profile?profile=rb1205#current-teaching
Roisin C. McGarry,Assistant Professor,2494,Biological Sciences,College of Science,https://facultyinfo.unt.edu/faculty-profile?profile=rcm0042#current-teaching
Vanessa M. Macias,Assistant Professor,2495,Biological Sciences,College of Science,https://facultyinfo.unt.edu/faculty-profile?profile=vmm0121#current-teaching
Yanxiao Han,Assistant Professor,2496,Biological Sciences,College of Science,https://facultyinfo.unt.edu/faculty-profile?profile=yh0478#current-teaching
Zacchaeus G. Compson,Assistant Professor,2497,Biological Sciences,College of Science,https://facultyinfo.unt.edu/faculty-profile?profile=zgc0009#current-teaching
Douglas D. Root,Associate Professor,2498,Biological Sciences,College of Science,https://facultyinfo.unt.edu/faculty-profile?profile=ddr0003#current-teaching
Edward M. Mager,Associate Professor,2499,Biological Sciences,College of Science,https://facultyinfo.unt.edu/faculty-profile?profile=emm0232#current-teaching
Ione V. Hunt Von Herbing,Associate Professor,2500,Biological Sciences,College of Science,https://facultyinfo.unt.edu/faculty-profile?profile=ihv0001#current-teaching
Juliana D'Andrilli,Associate Professor,2501,Biological Sciences,College of Science,https://facultyinfo.unt.edu/faculty-profile?profile=jd0972#current-teaching
Mauricio S. Antunes,Associate Professor,2502,Biological Sciences,College of Science,https://facultyinfo.unt.edu/faculty-profile?profile=msa0292#current-teaching
Nicoladie D. Tam,Associate Professor,2503,Biological Sciences,College of Science,https://facultyinfo.unt.edu/faculty-profile?profile=dtam#current-teaching
Jyoti Shah,Chair,2504,Biological Sciences,College of Science,https://facultyinfo.unt.edu/faculty-profile?profile=js0863#current-teaching
Angela Tanzillo-Swarts,Clinical Assistant Professor,2505,Biological Sciences,College of Science,https://facultyinfo.unt.edu/faculty-profile?profile=at1108#current-teaching
Jaime L. Baxter-Slye,Clinical Assistant Professor,2506,Biological Sciences,College of Science,https://facultyinfo.unt.edu/faculty-profile?profile=jlm0044#current-teaching
Jason Bohenek,Clinical Assistant Professor,2507,Biological Sciences,College of Science,https://facultyinfo.unt.edu/faculty-profile?profile=jb1230#current-teaching
James C. Bednarz,Clinical Associate Professor,2508,Biological Sciences,College of Science,https://facultyinfo.unt.edu/faculty-profile?profile=jcb0384#current-teaching
Rudi Thompson,Distinguished Professor,2509,Biological Sciences,College of Science,https://facultyinfo.unt.edu/faculty-profile?profile=rt0003#current-teaching
Edward M. Dzialowski,Interim Dean,2510,Biological Sciences,College of Science,https://facultyinfo.unt.edu/faculty-profile?profile=emd0002#current-teaching
Ann Price,Lecturer,2511,Biological Sciences,College of Science,https://facultyinfo.unt.edu/faculty-profile?profile=amp0277#current-teaching
Joy Ogbechi,Lecturer,2512,Biological Sciences,College of Science,https://facultyinfo.unt.edu/faculty-profile?profile=jno0077#current-teaching
Lauren Bohenek,Lecturer,2513,Biological Sciences,College of Science,https://facultyinfo.unt.edu/faculty-profile?profile=lnf0054#current-teaching
Nuzhat Farooqui,Lecturer,2514,Biological Sciences,College of Science,https://facultyinfo.unt.edu/faculty-profile?profile=nnf0020#current-teaching
Amie K. Lund,Professor,2515,Biological Sciences,College of Science,https://facultyinfo.unt.edu/faculty-profile?profile=akl0103#current-teaching
Ana Paula Alonso,Professor,2516,Biological Sciences,College of Science,https://facultyinfo.unt.edu/faculty-profile?profile=aa1352#current-teaching
Arthur J. Goven,Professor,2517,Biological Sciences,College of Science,https://facultyinfo.unt.edu/faculty-profile?profile=ajg0014#current-teaching
Brian G. Ayre,Professor,2518,Biological Sciences,College of Science,https://facultyinfo.unt.edu/faculty-profile?profile=ba0035#current-teaching
Dane A. Crossley,Professor,2519,Biological Sciences,College of Science,https://facultyinfo.unt.edu/faculty-profile?profile=dc0015#current-teaching
David J. Hoeinghaus,Professor,2520,Biological Sciences,College of Science,https://facultyinfo.unt.edu/faculty-profile?profile=djh0172#current-teaching
Guenter W. Gross,Professor,2521,Biological Sciences,College of Science,https://facultyinfo.unt.edu/faculty-profile?profile=gwgross#current-teaching
Jaime E. Jimenez,Professor,2522,Biological Sciences,College of Science,https://facultyinfo.unt.edu/faculty-profile?profile=jej0119#current-teaching
James H. Kennedy,Professor,2523,Biological Sciences,College of Science,https://facultyinfo.unt.edu/faculty-profile?profile=jhk0004#current-teaching
Jannon L. Fuchs,Professor,2524,Biological Sciences,College of Science,https://facultyinfo.unt.edu/faculty-profile?profile=jlf0016#current-teaching
Pudur Jagadeeswaran,Professor,2525,Biological Sciences,College of Science,https://facultyinfo.unt.edu/faculty-profile?profile=pj0037#current-teaching
Rajeev K. Azad,Professor,2526,Biological Sciences,College of Science,https://facultyinfo.unt.edu/faculty-profile?profile=rka0036#current-teaching
Vladimir Shulaev,Professor,2527,Biological Sciences,College of Science,https://facultyinfo.unt.edu/faculty-profile?profile=vs0868#current-teaching
Warren W. Burggren,Professor,2528,Biological Sciences,College of Science,https://facultyinfo.unt.edu/faculty-profile?profile=wb0002#current-teaching
Jim Junker,Research Assistant Professor,2529,Biological Sciences,College of Science,https://facultyinfo.unt.edu/faculty-profile?profile=jj0895#current-teaching
Xiaoqiang Wang,Research Associate Professor,2530,Biological Sciences,College of Science,https://facultyinfo.unt.edu/faculty-profile?profile=xw0096#current-teaching
Ana Paula F. Hoeinghaus,Senior Lecturer,2531,Biological Sciences,College of Science,https://facultyinfo.unt.edu/faculty-profile?profile=afh0031#current-teaching
Jessica L. Moore,Senior Lecturer,2532,Biological Sciences,College of Science,https://facultyinfo.unt.edu/faculty-profile?profile=jlm0918#current-teaching
Lisa R. Welch,Senior Lecturer,2533,Biological Sciences,College of Science,https://facultyinfo.unt.edu/faculty-profile?profile=lrw0156#current-teaching
Mark Burleson,Senior Lecturer,2534,Biological Sciences,College of Science,https://facultyinfo.unt.edu/faculty-profile?profile=mb0230#current-teaching
Regina Oyesanya,Senior Lecturer,2535,Biological Sciences,College of Science,https://facultyinfo.unt.edu/faculty-profile?profile=rao0107#current-teaching
Timothy C. Flewelen,Senior Lecturer,2536,Biological Sciences,College of Science,https://facultyinfo.unt.edu/faculty-profile?profile=tf0010#current-teaching
Claudia Gonzalez Villarreal,Staff,2537,Biological Sciences,College of Science,https://facultyinfo.unt.edu/faculty-profile?profile=cg0276#current-teaching
Marty J. O'Neill,Teaching Fellow,2538,Biological Sciences,College of Science,https://facultyinfo.unt.edu/faculty-profile?profile=martyo#current-teaching
Wendy Pace,Teaching Fellow,2539,Biological Sciences,College of Science,https://facultyinfo.unt.edu/faculty-profile?profile=wlo0004#current-teaching
Aaron P. Roberts,Vice President,2540,Biological Sciences,College of Science,https://facultyinfo.unt.edu/faculty-profile?profile=apr0028#current-teaching
Pamela A. Padilla,Vice President,2541,Biological Sciences,College of Science,https://facultyinfo.unt.edu/faculty-profile?profile=pap0016#current-teaching
Charlie Browning,Adjunct Faculty,2542,Chemistry,College of Science,https://facultyinfo.unt.edu/faculty-profile?profile=clb0008#current-teaching
John Nimmo,Adjunct Faculty,2543,Chemistry,College of Science,https://facultyinfo.unt.edu/faculty-profile?profile=jpn0068#current-teaching
Peter VanNatta,Adjunct Faculty,2544,Chemistry,College of Science,https://facultyinfo.unt.edu/faculty-profile?profile=pev0022#current-teaching
Sicheng Wang,Adjunct Faculty,2545,Chemistry,College of Science,https://facultyinfo.unt.edu/faculty-profile?profile=sw0513#current-teaching
Thomas Kiselak,Adjunct Faculty,2546,Chemistry,College of Science,https://facultyinfo.unt.edu/faculty-profile?profile=tdk0061#current-teaching
Timothy Stephens,Adjunct Faculty,2547,Chemistry,College of Science,https://facultyinfo.unt.edu/faculty-profile?profile=ts0864#current-teaching
Daniel Afosah,Assistant Professor,2548,Chemistry,College of Science,https://facultyinfo.unt.edu/faculty-profile?profile=da0858#current-teaching
Elizabeth J. Skellam,Assistant Professor,2549,Chemistry,College of Science,https://facultyinfo.unt.edu/faculty-profile?profile=ejs0208#current-teaching
Hao Yan,Assistant Professor,2550,Chemistry,College of Science,https://facultyinfo.unt.edu/faculty-profile?profile=hy0201#current-teaching
Hsin-Yu Ko,Assistant Professor,2551,Chemistry,College of Science,https://facultyinfo.unt.edu/faculty-profile?profile=hk0903#current-teaching
Karthikraj Rajendiran,Assistant Professor,2552,Chemistry,College of Science,https://facultyinfo.unt.edu/faculty-profile?profile=kr1824#current-teaching
Linxiao Chen,Assistant Professor,2553,Chemistry,College of Science,https://facultyinfo.unt.edu/faculty-profile?profile=lc0991#current-teaching
Molly B. Atkinson,Assistant Professor,2554,Chemistry,College of Science,https://facultyinfo.unt.edu/faculty-profile?profile=mba0107#current-teaching
Omar Valsson,Assistant Professor,2555,Chemistry,College of Science,https://facultyinfo.unt.edu/faculty-profile?profile=ov0060#current-teaching
Alena Moon,Associate Professor,2556,Chemistry,College of Science,https://facultyinfo.unt.edu/faculty-profile?profile=acm0537#current-teaching
Xin Cui,Associate Professor,2557,Chemistry,College of Science,https://facultyinfo.unt.edu/faculty-profile?profile=xc0146#current-teaching
LeGrande M. Slaughter,Chair,2558,Chemistry,College of Science,https://facultyinfo.unt.edu/faculty-profile?profile=lms0353#current-teaching
Rebecca J. Weber,Clinical Assistant Professor,2559,Chemistry,College of Science,https://facultyinfo.unt.edu/faculty-profile?profile=rjw0111#current-teaching
Austen E. Moss,Lecturer,2560,Chemistry,College of Science,https://facultyinfo.unt.edu/faculty-profile?profile=aem0323#current-teaching
Melissa A. Collini,Lecturer,2561,Chemistry,College of Science,https://facultyinfo.unt.edu/faculty-profile?profile=mc0712#current-teaching
Amy K. Petros,Principal Lecturer,2562,Chemistry,College of Science,https://facultyinfo.unt.edu/faculty-profile?profile=akr0009#current-teaching
Bill E. Acree,Professor,2563,Chemistry,College of Science,https://facultyinfo.unt.edu/faculty-profile?profile=wea0007#current-teaching
Francis D'Souza,Professor,2564,Chemistry,College of Science,https://facultyinfo.unt.edu/faculty-profile?profile=fd0037#current-teaching
Hong Wang,Professor,2565,Chemistry,College of Science,https://facultyinfo.unt.edu/faculty-profile?profile=hw0200#current-teaching
Jeffry A. Kelber,Professor,2566,Chemistry,College of Science,https://facultyinfo.unt.edu/faculty-profile?profile=jak0032#current-teaching
Mike G. Richmond,Professor,2567,Chemistry,College of Science,https://facultyinfo.unt.edu/faculty-profile?profile=richmond#current-teaching
Mohammad A. Omary,Professor,2568,Chemistry,College of Science,https://facultyinfo.unt.edu/faculty-profile?profile=mo0029#current-teaching
Oliver M R. Chyan,Professor,2569,Chemistry,College of Science,https://facultyinfo.unt.edu/faculty-profile?profile=omc0001#current-teaching
Paul Marshall,Professor,2570,Chemistry,College of Science,https://facultyinfo.unt.edu/faculty-profile?profile=marshall#current-teaching
Shengqian Ma,Professor,2571,Chemistry,College of Science,https://facultyinfo.unt.edu/faculty-profile?profile=sm1679#current-teaching
Teresa D. Golden,Professor,2572,Chemistry,College of Science,https://facultyinfo.unt.edu/faculty-profile?profile=tdg0010#current-teaching
Thomas R. Cundari,Professor,2573,Chemistry,College of Science,https://facultyinfo.unt.edu/faculty-profile?profile=trc0020#current-teaching
Kui Tan,Research Associate Professor,2574,Chemistry,College of Science,https://facultyinfo.unt.edu/faculty-profile?profile=kt0642#current-teaching
Charlie C. Williams,Senior Lecturer,2575,Chemistry,College of Science,https://facultyinfo.unt.edu/faculty-profile?profile=kw0891#current-teaching
Rong Zhang,Senior Lecturer,2576,Chemistry,College of Science,https://facultyinfo.unt.edu/faculty-profile?profile=rz0113#current-teaching
Seare A. Berhe,Senior Lecturer,2577,Chemistry,College of Science,https://facultyinfo.unt.edu/faculty-profile?profile=sab0298#current-teaching
Sophia N. Harris,Senior Lecturer,2578,Chemistry,College of Science,https://facultyinfo.unt.edu/faculty-profile?profile=snk0035#current-teaching
Stephanie Y. Liu,Senior Lecturer,2579,Chemistry,College of Science,https://facultyinfo.unt.edu/faculty-profile?profile=yl0625#current-teaching
Aida Yahagh,Teaching Fellow,2580,Chemistry,College of Science,https://facultyinfo.unt.edu/faculty-profile?profile=ay0151#current-teaching
Jaya Pathak,Teaching Fellow,2581,Chemistry,College of Science,https://facultyinfo.unt.edu/faculty-profile?profile=jp1181#current-teaching
MK Altafi,Teaching Fellow,2582,Chemistry,College of Science,https://facultyinfo.unt.edu/faculty-profile?profile=ma1191#current-teaching
Olajumoke Ayeni,Teaching Fellow,2583,Chemistry,College of Science,https://facultyinfo.unt.edu/faculty-profile?profile=oma0069#current-teaching
Adriana Corrales,Visiting Assistant Professor,2584,Chemistry,College of Science,https://facultyinfo.unt.edu/faculty-profile?profile=ac1530#current-teaching
Allyn D. Moeller,Adjunct Faculty,2585,Data Analytics and Statistics,College of Science,https://facultyinfo.unt.edu/faculty-profile?profile=adm0423#current-teaching
Alberto Garcia Mora,Adjunct Faculty,2586,Dean's Office,College of Science,https://facultyinfo.unt.edu/faculty-profile?profile=ag2645#current-teaching
Alexandria Anderson,Adjunct Faculty,2587,Dean's Office,College of Science,https://facultyinfo.unt.edu/faculty-profile?profile=ana0068#current-teaching
Lizette Ozog,Adjunct Faculty,2588,Dean's Office,College of Science,https://facultyinfo.unt.edu/faculty-profile?profile=lo0111#current-teaching
Rodolfo Gomez,Adjunct Faculty,2589,Dean's Office,College of Science,https://facultyinfo.unt.edu/faculty-profile?profile=rg0544#current-teaching
Tanya Sanchez,Adjunct Faculty,2590,Dean's Office,College of Science,https://facultyinfo.unt.edu/faculty-profile?profile=tq0001#current-teaching
Chelsea Heidbrink,Senior Assistant Dean,2591,Dean's Office,College of Science,https://facultyinfo.unt.edu/faculty-profile?profile=ceh0281#current-teaching
Angela Walker,Adjunct Faculty,2592,Mathematics,College of Science,https://facultyinfo.unt.edu/faculty-profile?profile=anw0336#current-teaching
Antonio Lopez,Adjunct Faculty,2593,Mathematics,College of Science,https://facultyinfo.unt.edu/faculty-profile?profile=al1147#current-teaching
Bashar Aladwan,Adjunct Faculty,2594,Mathematics,College of Science,https://facultyinfo.unt.edu/faculty-profile?profile=bna0092#current-teaching
Benjamin Hough,Adjunct Faculty,2595,Mathematics,College of Science,https://facultyinfo.unt.edu/faculty-profile?profile=bjh0339#current-teaching
Billy C. Roessler,Adjunct Faculty,2596,Mathematics,College of Science,https://facultyinfo.unt.edu/faculty-profile?profile=bcr0012#current-teaching
Celeste Hernandez,Adjunct Faculty,2597,Mathematics,College of Science,https://facultyinfo.unt.edu/faculty-profile?profile=cph0010#current-teaching
Chad T. Marlow,Adjunct Faculty,2598,Mathematics,College of Science,https://facultyinfo.unt.edu/faculty-profile?profile=ctm0166#current-teaching
Emma Richardson,Adjunct Faculty,2599,Mathematics,College of Science,https://facultyinfo.unt.edu/faculty-profile?profile=er0943#current-teaching
Jacob Williams,Adjunct Faculty,2600,Mathematics,College of Science,https://facultyinfo.unt.edu/faculty-profile?profile=jaw0563#current-teaching
Jonathan S. Cohen,Adjunct Faculty,2601,Mathematics,College of Science,https://facultyinfo.unt.edu/faculty-profile?profile=jsc0341#current-teaching
Lukas Wiersema,Adjunct Faculty,2602,Mathematics,College of Science,https://facultyinfo.unt.edu/faculty-profile?profile=ldw0143#current-teaching
Marsha Gossett,Adjunct Faculty,2603,Mathematics,College of Science,https://facultyinfo.unt.edu/faculty-profile?profile=mkg0058#current-teaching
Neda Moinian,Adjunct Faculty,2604,Mathematics,College of Science,https://facultyinfo.unt.edu/faculty-profile?profile=nm1569#current-teaching
Neeru Arora,Adjunct Faculty,2605,Mathematics,College of Science,https://facultyinfo.unt.edu/faculty-profile?profile=na1060#current-teaching
Neha Tyagi,Adjunct Faculty,2606,Mathematics,College of Science,https://facultyinfo.unt.edu/faculty-profile?profile=nt0606#current-teaching
Nithya Venugopal,Adjunct Faculty,2607,Mathematics,College of Science,https://facultyinfo.unt.edu/faculty-profile?profile=nv0580#current-teaching
Paulette Evans,Adjunct Faculty,2608,Mathematics,College of Science,https://facultyinfo.unt.edu/faculty-profile?profile=pke0007#current-teaching
Phyllis Clark,Adjunct Faculty,2609,Mathematics,College of Science,https://facultyinfo.unt.edu/faculty-profile?profile=pc0084#current-teaching
Ping Yu,Adjunct Faculty,2610,Mathematics,College of Science,https://facultyinfo.unt.edu/faculty-profile?profile=py0063#current-teaching
Rumana Akther,Adjunct Faculty,2611,Mathematics,College of Science,https://facultyinfo.unt.edu/faculty-profile?profile=ra1343#current-teaching
Santiago I. Betelu,Adjunct Faculty,2612,Mathematics,College of Science,https://facultyinfo.unt.edu/faculty-profile?profile=sb0098#current-teaching
Tierra Thomas,Adjunct Faculty,2613,Mathematics,College of Science,https://facultyinfo.unt.edu/faculty-profile?profile=tct0098#current-teaching
Ugochukwu O. Adiele,Adjunct Faculty,2614,Mathematics,College of Science,https://facultyinfo.unt.edu/faculty-profile?profile=uoa0007#current-teaching
Vedant Tripathi,Adjunct Faculty,2615,Mathematics,College of Science,https://facultyinfo.unt.edu/faculty-profile?profile=vt0111#current-teaching
Jackson Morrow,Assistant Professor,2616,Mathematics,College of Science,https://facultyinfo.unt.edu/faculty-profile?profile=jsm0427#current-teaching
Jing Zhang,Assistant Professor,2617,Mathematics,College of Science,https://facultyinfo.unt.edu/faculty-profile?profile=jz0351#current-teaching
Lea Beneish,Assistant Professor,2618,Mathematics,College of Science,https://facultyinfo.unt.edu/faculty-profile?profile=leb0274#current-teaching
Sean Griffin,Assistant Professor,2619,Mathematics,College of Science,https://facultyinfo.unt.edu/faculty-profile?profile=stg0082#current-teaching
Shuang Liu,Assistant Professor,2620,Mathematics,College of Science,https://facultyinfo.unt.edu/faculty-profile?profile=sl1357#current-teaching
Walter Bridges,Assistant Professor,2621,Mathematics,College of Science,https://facultyinfo.unt.edu/faculty-profile?profile=wb0133#current-teaching
Bunyamin Sari,Associate Professor,2622,Mathematics,College of Science,https://facultyinfo.unt.edu/faculty-profile?profile=bs0127#current-teaching
Douglas P. Brozovic,Associate Professor,2623,Mathematics,College of Science,https://facultyinfo.unt.edu/faculty-profile?profile=dpb0011#current-teaching
Giordano Tierra Chica,Associate Professor,2624,Mathematics,College of Science,https://facultyinfo.unt.edu/faculty-profile?profile=gt0141#current-teaching
Jianguo Liu,Associate Professor,2625,Mathematics,College of Science,https://facultyinfo.unt.edu/faculty-profile?profile=jgliu#current-teaching
Joseph A. Iaia,Associate Professor,2626,Mathematics,College of Science,https://facultyinfo.unt.edu/faculty-profile?profile=jaiaia#current-teaching
Lior Fishman,Associate Professor,2627,Mathematics,College of Science,https://facultyinfo.unt.edu/faculty-profile?profile=lf0092#current-teaching
Nam D. Trang,Associate Professor,2628,Mathematics,College of Science,https://facultyinfo.unt.edu/faculty-profile?profile=ndt0045#current-teaching
Nirmala Naresh,Associate Professor,2629,Mathematics,College of Science,https://facultyinfo.unt.edu/faculty-profile?profile=nn0156#current-teaching
Yanyan He,Associate Professor,2630,Mathematics,College of Science,https://facultyinfo.unt.edu/faculty-profile?profile=yh0320#current-teaching
Ralf Schmidt,Chair,2631,Mathematics,College of Science,https://facultyinfo.unt.edu/faculty-profile?profile=rs0865#current-teaching
Kiko Kawamura,Clinical Associate Professor,2632,Mathematics,College of Science,https://facultyinfo.unt.edu/faculty-profile?profile=kk0014#current-teaching
John A. Quintanilla,Dean,2633,Mathematics,College of Science,https://facultyinfo.unt.edu/faculty-profile?profile=johnq#current-teaching
Ben A. Schwaighofer,Lecturer,2634,Mathematics,College of Science,https://facultyinfo.unt.edu/faculty-profile?profile=bas0236#current-teaching
Jayshree G. Medtia,Lecturer,2635,Mathematics,College of Science,https://facultyinfo.unt.edu/faculty-profile?profile=jgm0224#current-teaching
Jingxi (Jeffery) Liao,Lecturer,2636,Mathematics,College of Science,https://facultyinfo.unt.edu/faculty-profile?profile=jl1818#current-teaching
Julie C. Thompson,Lecturer,2637,Mathematics,College of Science,https://facultyinfo.unt.edu/faculty-profile?profile=jct0192#current-teaching
Kyranna Kioulafa,Lecturer,2638,Mathematics,College of Science,https://facultyinfo.unt.edu/faculty-profile?profile=kk0834#current-teaching
Lauren E. De La Rosa,Lecturer,2639,Mathematics,College of Science,https://facultyinfo.unt.edu/faculty-profile?profile=ld0956#current-teaching
Lidia V. Dattalo,Lecturer,2640,Mathematics,College of Science,https://facultyinfo.unt.edu/faculty-profile?profile=lvd0014#current-teaching
McKenzie Fontenot,Lecturer,2641,Mathematics,College of Science,https://facultyinfo.unt.edu/faculty-profile?profile=mef0170#current-teaching
Michelle Thompson,Lecturer,2642,Mathematics,College of Science,https://facultyinfo.unt.edu/faculty-profile?profile=mat0513#current-teaching
Poonam Chanana,Lecturer,2643,Mathematics,College of Science,https://facultyinfo.unt.edu/faculty-profile?profile=pc0498#current-teaching
Shafeena Khan,Lecturer,2644,Mathematics,College of Science,https://facultyinfo.unt.edu/faculty-profile?profile=stk0042#current-teaching
Allen L. Mann,Principal Lecturer,2645,Mathematics,College of Science,https://facultyinfo.unt.edu/faculty-profile?profile=alm0548#current-teaching
Huong T. Tran,Principal Lecturer,2646,Mathematics,College of Science,https://facultyinfo.unt.edu/faculty-profile?profile=htt0018#current-teaching
Jodi D. Acker,Principal Lecturer,2647,Mathematics,College of Science,https://facultyinfo.unt.edu/faculty-profile?profile=jda0269#current-teaching
Krista M. Hines,Principal Lecturer,2648,Mathematics,College of Science,https://facultyinfo.unt.edu/faculty-profile?profile=kmh0297#current-teaching
Marc W. Grether,Principal Lecturer,2649,Mathematics,College of Science,https://facultyinfo.unt.edu/faculty-profile?profile=mwg0009#current-teaching
Mary A. Barber,Principal Lecturer,2650,Mathematics,College of Science,https://facultyinfo.unt.edu/faculty-profile?profile=mat0036#current-teaching
Matthew D. Dulock,Principal Lecturer,2651,Mathematics,College of Science,https://facultyinfo.unt.edu/faculty-profile?profile=md0230#current-teaching
Steven B. Widmer,Principal Lecturer,2652,Mathematics,College of Science,https://facultyinfo.unt.edu/faculty-profile?profile=sbw0061#current-teaching
Xiaoxing L. Liu,Principal Lecturer,2653,Mathematics,College of Science,https://facultyinfo.unt.edu/faculty-profile?profile=xll0001#current-teaching
Anne V. Shepler,Professor,2654,Mathematics,College of Science,https://facultyinfo.unt.edu/faculty-profile?profile=as0127#current-teaching
Charles H. Conley,Professor,2655,Mathematics,College of Science,https://facultyinfo.unt.edu/faculty-profile?profile=chc0007#current-teaching
John E. Krueger,Professor,2656,Mathematics,College of Science,https://facultyinfo.unt.edu/faculty-profile?profile=jek0098#current-teaching
Mariusz Urbanski,Professor,2657,Mathematics,College of Science,https://facultyinfo.unt.edu/faculty-profile?profile=urbanski#current-teaching
Olav K. Richter,Professor,2658,Mathematics,College of Science,https://facultyinfo.unt.edu/faculty-profile?profile=or0004#current-teaching
Pieter Allaart,Professor,2659,Mathematics,College of Science,https://facultyinfo.unt.edu/faculty-profile?profile=pca0001#current-teaching
Stephen C. Jackson,Professor,2660,Mathematics,College of Science,https://facultyinfo.unt.edu/faculty-profile?profile=jackson#current-teaching
Helen J. Elwood,Senior Lecturer,2661,Mathematics,College of Science,https://facultyinfo.unt.edu/faculty-profile?profile=hje0015#current-teaching
Aaron Jackson,Teaching Fellow,2662,Mathematics,College of Science,https://facultyinfo.unt.edu/faculty-profile?profile=agj0055#current-teaching
August J. Sangalli,Teaching Fellow,2663,Mathematics,College of Science,https://facultyinfo.unt.edu/faculty-profile?profile=ajs0387#current-teaching
Brandon Duebel,Teaching Fellow,2664,Mathematics,College of Science,https://facultyinfo.unt.edu/faculty-profile?profile=bad0223#current-teaching
Brandon Mather,Teaching Fellow,2665,Mathematics,College of Science,https://facultyinfo.unt.edu/faculty-profile?profile=bam0430#current-teaching
Brandon Walker,Teaching Fellow,2666,Mathematics,College of Science,https://facultyinfo.unt.edu/faculty-profile?profile=bw0294#current-teaching
Callum Doyle,Teaching Fellow,2667,Mathematics,College of Science,https://facultyinfo.unt.edu/faculty-profile?profile=cjd0201#current-teaching
Eduardo S. Martinez Mendoza,Teaching Fellow,2668,Mathematics,College of Science,https://facultyinfo.unt.edu/faculty-profile?profile=esm0108#current-teaching
Erin A. Pierce,Teaching Fellow,2669,Mathematics,College of Science,https://facultyinfo.unt.edu/faculty-profile?profile=eap0198#current-teaching
Erin Raign,Teaching Fellow,2670,Mathematics,College of Science,https://facultyinfo.unt.edu/faculty-profile?profile=er0266#current-teaching
Ethan Jensen,Teaching Fellow,2671,Mathematics,College of Science,https://facultyinfo.unt.edu/faculty-profile?profile=esj0053#current-teaching
Hyung Mook Kang,Teaching Fellow,2672,Mathematics,College of Science,https://facultyinfo.unt.edu/faculty-profile?profile=hk0538#current-teaching
Janis Geller,Teaching Fellow,2673,Mathematics,College of Science,https://facultyinfo.unt.edu/faculty-profile?profile=jlg0689#current-teaching
Joel Saroni,Teaching Fellow,2674,Mathematics,College of Science,https://facultyinfo.unt.edu/faculty-profile?profile=jbs0303#current-teaching
Joshua Goodson,Teaching Fellow,2675,Mathematics,College of Science,https://facultyinfo.unt.edu/faculty-profile?profile=jeg0262#current-teaching
Josiah Locke,Teaching Fellow,2676,Mathematics,College of Science,https://facultyinfo.unt.edu/faculty-profile?profile=jl1624#current-teaching
Julius Ngugi,Teaching Fellow,2677,Mathematics,College of Science,https://facultyinfo.unt.edu/faculty-profile?profile=jmn0218#current-teaching
Justin Browning,Teaching Fellow,2678,Mathematics,College of Science,https://facultyinfo.unt.edu/faculty-profile?profile=jtb0312#current-teaching
Lhexa D'Avignon,Teaching Fellow,2679,Mathematics,College of Science,https://facultyinfo.unt.edu/faculty-profile?profile=ecd0029#current-teaching
Mahfuz Alom,Teaching Fellow,2680,Mathematics,College of Science,https://facultyinfo.unt.edu/faculty-profile?profile=ma1828#current-teaching
Mani Dhakal,Teaching Fellow,2681,Mathematics,College of Science,https://facultyinfo.unt.edu/faculty-profile?profile=md0561#current-teaching
Matthew Phillips,Teaching Fellow,2682,Mathematics,College of Science,https://facultyinfo.unt.edu/faculty-profile?profile=mcp0139#current-teaching
Md Suzan Ahamed,Teaching Fellow,2683,Mathematics,College of Science,https://facultyinfo.unt.edu/faculty-profile?profile=ma1074#current-teaching
Minyi Chen,Teaching Fellow,2684,Mathematics,College of Science,https://facultyinfo.unt.edu/faculty-profile?profile=mc1152#current-teaching
Narayan Aryal,Teaching Fellow,2685,Mathematics,College of Science,https://facultyinfo.unt.edu/faculty-profile?profile=na0402#current-teaching
Panagiota Xepapadakou,Teaching Fellow,2686,Mathematics,College of Science,https://facultyinfo.unt.edu/faculty-profile?profile=px0014#current-teaching
Rilee Burden,Teaching Fellow,2687,Mathematics,College of Science,https://facultyinfo.unt.edu/faculty-profile?profile=rnb0097#current-teaching
Robert Lattimer,Teaching Fellow,2688,Mathematics,College of Science,https://facultyinfo.unt.edu/faculty-profile?profile=rjl0165#current-teaching
Samuel Johnson,Teaching Fellow,2689,Mathematics,College of Science,https://facultyinfo.unt.edu/faculty-profile?profile=sbj0040#current-teaching
Sanduni S. Leelaratne,Teaching Fellow,2690,Mathematics,College of Science,https://facultyinfo.unt.edu/faculty-profile?profile=ssl0099#current-teaching
Siyu Gao,Teaching Fellow,2691,Mathematics,College of Science,https://facultyinfo.unt.edu/faculty-profile?profile=sg0921#current-teaching
Stewart Brown,Teaching Fellow,2692,Mathematics,College of Science,https://facultyinfo.unt.edu/faculty-profile?profile=sb1725#current-teaching
Taylor Day,Teaching Fellow,2693,Mathematics,College of Science,https://facultyinfo.unt.edu/faculty-profile?profile=tmd0202#current-teaching
Taylor T. Jones,Teaching Fellow,2694,Mathematics,College of Science,https://facultyinfo.unt.edu/faculty-profile?profile=rtj0024#current-teaching
Tekendra P. Bhatt,Teaching Fellow,2695,Mathematics,College of Science,https://facultyinfo.unt.edu/faculty-profile?profile=tpb0058#current-teaching
Thomas Matheos,Teaching Fellow,2696,Mathematics,College of Science,https://facultyinfo.unt.edu/faculty-profile?profile=tpm0075#current-teaching
Tommie Settlemyre,Teaching Fellow,2697,Mathematics,College of Science,https://facultyinfo.unt.edu/faculty-profile?profile=tes0178#current-teaching
Vidya Chandrasekaran,Teaching Fellow,2698,Mathematics,College of Science,https://facultyinfo.unt.edu/faculty-profile?profile=vc0206#current-teaching
Walter Kinder,Teaching Fellow,2699,Mathematics,College of Science,https://facultyinfo.unt.edu/faculty-profile?profile=wk0122#current-teaching
Derek Levinson,Visiting Assistant Professor,2700,Mathematics,College of Science,https://facultyinfo.unt.edu/faculty-profile?profile=djl0228#current-teaching
Hannes Jakob,Visiting Assistant Professor,2701,Mathematics,College of Science,https://facultyinfo.unt.edu/faculty-profile?profile=hvj0004#current-teaching
Jiajie Zheng,Visiting Assistant Professor,2702,Mathematics,College of Science,https://facultyinfo.unt.edu/faculty-profile?profile=jz0330#current-teaching
Mike Hanson,Visiting Assistant Professor,2703,Mathematics,College of Science,https://facultyinfo.unt.edu/faculty-profile?profile=mah0484#current-teaching
Rudolf Prokaj,Visiting Assistant Professor,2704,Mathematics,College of Science,https://facultyinfo.unt.edu/faculty-profile?profile=rdp0174#current-teaching
Shilpi Mandal,Visiting Assistant Professor,2705,Mathematics,College of Science,https://facultyinfo.unt.edu/faculty-profile?profile=sm4504#current-teaching
Colin Burke,,2706,Physics,College of Science,https://facultyinfo.unt.edu/faculty-profile?profile=cjb0584#current-teaching
Jaskeerat Singh,Adjunct Faculty,2707,Physics,College of Science,https://facultyinfo.unt.edu/faculty-profile?profile=js2170#current-teaching
Reiko Lukic-Zrnic,Adjunct Faculty,2708,Physics,College of Science,https://facultyinfo.unt.edu/faculty-profile?profile=rl0003#current-teaching
Guru Khalsa,Assistant Professor,2709,Physics,College of Science,https://facultyinfo.unt.edu/faculty-profile?profile=gbk0024#current-teaching
Jens Neu,Assistant Professor,2710,Physics,College of Science,https://facultyinfo.unt.edu/faculty-profile?profile=jen0119#current-teaching
Satya Kushwaha,Assistant Professor,2711,Physics,College of Science,https://facultyinfo.unt.edu/faculty-profile?profile=skk0162#current-teaching
Yuanxi Wang,Assistant Professor,2712,Physics,College of Science,https://facultyinfo.unt.edu/faculty-profile?profile=yw0317#current-teaching
Yuzhe Xiao,Assistant Professor,2713,Physics,College of Science,https://facultyinfo.unt.edu/faculty-profile?profile=yx0106#current-teaching
Duncan L. Weathers,Associate Professor,2714,Physics,College of Science,https://facultyinfo.unt.edu/faculty-profile?profile=weathers#current-teaching
Jingbiao Cui,Chair,2715,Physics,College of Science,https://facultyinfo.unt.edu/faculty-profile?profile=jc1328#current-teaching
Andrea Citati,Lecturer,2716,Physics,College of Science,https://facultyinfo.unt.edu/faculty-profile?profile=ac2512#current-teaching
Megan Nieberding,Lecturer,2717,Physics,College of Science,https://facultyinfo.unt.edu/faculty-profile?profile=mnn0073#current-teaching
Rebekah M. Purvis,Lecturer,2718,Physics,College of Science,https://facultyinfo.unt.edu/faculty-profile?profile=rmp0218#current-teaching
Arkadii Krokhin,Professor,2719,Physics,College of Science,https://facultyinfo.unt.edu/faculty-profile?profile=ak0069#current-teaching
Bibhudutta Rout,Professor,2720,Physics,College of Science,https://facultyinfo.unt.edu/faculty-profile?profile=br0082#current-teaching
Carlos A. Ordonez,Professor,2721,Physics,College of Science,https://facultyinfo.unt.edu/faculty-profile?profile=cordonez#current-teaching
Christopher L. Littler,Professor,2722,Physics,College of Science,https://facultyinfo.unt.edu/faculty-profile?profile=cll0001#current-teaching
David C. Shiner,Professor,2723,Physics,College of Science,https://facultyinfo.unt.edu/faculty-profile?profile=shiner#current-teaching
Gary A. Glass,Professor,2724,Physics,College of Science,https://facultyinfo.unt.edu/faculty-profile?profile=gag0078#current-teaching
Jose Perez,Professor,2725,Physics,College of Science,https://facultyinfo.unt.edu/faculty-profile?profile=jp0052#current-teaching
Marco Buongiorno Nardelli,Professor,2726,Physics,College of Science,https://facultyinfo.unt.edu/faculty-profile?profile=mbn0025#current-teaching
Ohad Shemmer,Professor,2727,Physics,College of Science,https://facultyinfo.unt.edu/faculty-profile?profile=os0044#current-teaching
Paolo Grigolini,Professor,2728,Physics,College of Science,https://facultyinfo.unt.edu/faculty-profile?profile=grigo#current-teaching
Sandra J. Quintanilla,Professor,2729,Physics,College of Science,https://facultyinfo.unt.edu/faculty-profile?profile=sward#current-teaching
Usha Philipose,Professor,2730,Physics,College of Science,https://facultyinfo.unt.edu/faculty-profile?profile=up0011#current-teaching
Yuankun Lin,Professor,2731,Physics,College of Science,https://facultyinfo.unt.edu/faculty-profile?profile=yl0330#current-teaching
Yuri Rostovtsev,Professor,2732,Physics,College of Science,https://facultyinfo.unt.edu/faculty-profile?profile=yr0034#current-teaching
Alexander M. Barr,Senior Lecturer,2733,Physics,College of Science,https://facultyinfo.unt.edu/faculty-profile?profile=ab1580#current-teaching
Aaron M. Richardson,Teaching Fellow,2734,Physics,College of Science,https://facultyinfo.unt.edu/faculty-profile?profile=amr0365#current-teaching
Brandon Matthews,Teaching Fellow,2735,Physics,College of Science,https://facultyinfo.unt.edu/faculty-profile?profile=bmm0280#current-teaching
Cody Demars,Teaching Fellow,2736,Physics,College of Science,https://facultyinfo.unt.edu/faculty-profile?profile=cmd0253#current-teaching
Daniel Brown,Teaching Fellow,2737,Physics,College of Science,https://facultyinfo.unt.edu/faculty-profile?profile=dkb0158#current-teaching
Gabriel Rodriguez-Guijarro,Teaching Fellow,2738,Physics,College of Science,https://facultyinfo.unt.edu/faculty-profile?profile=gr0549#current-teaching
Jacob Emerick,Teaching Fellow,2739,Physics,College of Science,https://facultyinfo.unt.edu/faculty-profile?profile=jbe0063#current-teaching
Jacob Owens,Teaching Fellow,2740,Physics,College of Science,https://facultyinfo.unt.edu/faculty-profile?profile=jlo0068#current-teaching
Joe Watson,Teaching Fellow,2741,Physics,College of Science,https://facultyinfo.unt.edu/faculty-profile?profile=jaw0449#current-teaching
Kailee Turner,Teaching Fellow,2742,Physics,College of Science,https://facultyinfo.unt.edu/faculty-profile?profile=kat0266#current-teaching
Leigh Parrott,Teaching Fellow,2743,Physics,College of Science,https://facultyinfo.unt.edu/faculty-profile?profile=lap0318#current-teaching
Luke Phillip Claycomb,Teaching Fellow,2744,Physics,College of Science,https://facultyinfo.unt.edu/faculty-profile?profile=lpc0039#current-teaching
Matthew Abbott,Teaching Fellow,2745,Physics,College of Science,https://facultyinfo.unt.edu/faculty-profile?profile=mra0137#current-teaching
William Mitchell,Teaching Fellow,2746,Physics,College of Science,https://facultyinfo.unt.edu/faculty-profile?profile=wm0121#current-teaching
Anthony Hufford,Lecturer,2747,Teach North Texas,College of Science,https://facultyinfo.unt.edu/faculty-profile?profile=ach0113#current-teaching
Ashley High,Lecturer,2748,Teach North Texas,College of Science,https://facultyinfo.unt.edu/faculty-profile?profile=alh0239#current-teaching
Caitlin Kirk,Lecturer,2749,Teach North Texas,College of Science,https://facultyinfo.unt.edu/faculty-profile?profile=cet0095#current-teaching
Daniel Herfeldt,Lecturer,2750,Teach North Texas,College of Science,https://facultyinfo.unt.edu/faculty-profile?profile=dah0233#current-teaching
Janel E. Madeley,Lecturer,2751,Teach North Texas,College of Science,https://facultyinfo.unt.edu/faculty-profile?profile=jem0444#current-teaching
La Keisha S. Leonard,Lecturer,2752,Teach North Texas,College of Science,https://facultyinfo.unt.edu/faculty-profile?profile=lsl0037#current-teaching
Michael Garcia,Lecturer,2753,Teach North Texas,College of Science,https://facultyinfo.unt.edu/faculty-profile?profile=mag0478#current-teaching
Nancy Joykutty,Lecturer,2754,Teach North Texas,College of Science,https://facultyinfo.unt.edu/faculty-profile?profile=nmj0025#current-teaching
Cindy G. Watson,Principal Lecturer,2755,Teach North Texas,College of Science,https://facultyinfo.unt.edu/faculty-profile?profile=cdw0138#current-teaching
Marcia C. Jacobs,Principal Lecturer,2756,Teach North Texas,College of Science,https://facultyinfo.unt.edu/faculty-profile?profile=mcj0075#current-teaching
Brian S. Fortney,Senior Lecturer,2757,Teach North Texas,College of Science,https://facultyinfo.unt.edu/faculty-profile?profile=bsf0042#current-teaching
"Andres Briones,",Adjunct Faculty,2758,Art Education,College of Visual Arts and Design,https://facultyinfo.unt.edu/faculty-profile?profile=ajb0456#current-teaching
Beth Link,Assistant Professor,2759,Art Education,College of Visual Arts and Design,https://facultyinfo.unt.edu/faculty-profile?profile=bl0436#current-teaching
Kathy J. Brown,Assistant Professor,2760,Art Education,College of Visual Arts and Design,https://facultyinfo.unt.edu/faculty-profile?profile=kjb0260#current-teaching
Laura E. Evans,Associate Professor,2761,Art Education,College of Visual Arts and Design,https://facultyinfo.unt.edu/faculty-profile?profile=lee0045#current-teaching
Karen E. Hutzel,Dean,2762,Art Education,College of Visual Arts and Design,https://facultyinfo.unt.edu/faculty-profile?profile=keh0298#current-teaching
Mikaela Bachmann,Lecturer,2763,Art Education,College of Visual Arts and Design,https://facultyinfo.unt.edu/faculty-profile?profile=mjj0120#current-teaching
Trina Harlow,Lecturer,2764,Art Education,College of Visual Arts and Design,https://facultyinfo.unt.edu/faculty-profile?profile=tdh0274#current-teaching
Manisha Sharma,Professor,2765,Art Education,College of Visual Arts and Design,https://facultyinfo.unt.edu/faculty-profile?profile=ms1651#current-teaching
Nadine Kalin,Professor,2766,Art Education,College of Visual Arts and Design,https://facultyinfo.unt.edu/faculty-profile?profile=nk0095#current-teaching
Tyson E. Lewis,Professor,2767,Art Education,College of Visual Arts and Design,https://facultyinfo.unt.edu/faculty-profile?profile=tel0053#current-teaching
Marta Torres,Teaching Fellow,2768,Art Education,College of Visual Arts and Design,https://facultyinfo.unt.edu/faculty-profile?profile=mmt0262#current-teaching
Nasrin Tork,Teaching Fellow,2769,Art Education,College of Visual Arts and Design,https://facultyinfo.unt.edu/faculty-profile?profile=nt0275#current-teaching
Shanelle Ashouri,Teaching Fellow,2770,Art Education,College of Visual Arts and Design,https://facultyinfo.unt.edu/faculty-profile?profile=sa3153#current-teaching
Scott Peck,Adjunct Faculty,2771,Art Education and Art History,College of Visual Arts and Design,https://facultyinfo.unt.edu/faculty-profile?profile=sjp0132#current-teaching
Adrianna Touch,Adjunct Faculty,2772,Art Foundations,College of Visual Arts and Design,https://facultyinfo.unt.edu/faculty-profile?profile=at0386#current-teaching
Alexandra Barnett,Adjunct Faculty,2773,Art Foundations,College of Visual Arts and Design,https://facultyinfo.unt.edu/faculty-profile?profile=ab1319#current-teaching
Anna Galluzzi,Adjunct Faculty,2774,Art Foundations,College of Visual Arts and Design,https://facultyinfo.unt.edu/faculty-profile?profile=acg0238#current-teaching
Genevieve Armstrong,Adjunct Faculty,2775,Art Foundations,College of Visual Arts and Design,https://facultyinfo.unt.edu/faculty-profile?profile=gaa0046#current-teaching
Katherine Lam,Adjunct Faculty,2776,Art Foundations,College of Visual Arts and Design,https://facultyinfo.unt.edu/faculty-profile?profile=ktl0024#current-teaching
Kimberlea Bass,Adjunct Faculty,2777,Art Foundations,College of Visual Arts and Design,https://facultyinfo.unt.edu/faculty-profile?profile=kkb0178#current-teaching
Leah Flook,Adjunct Faculty,2778,Art Foundations,College of Visual Arts and Design,https://facultyinfo.unt.edu/faculty-profile?profile=lrf0049#current-teaching
Marcela Reyes,Adjunct Faculty,2779,Art Foundations,College of Visual Arts and Design,https://facultyinfo.unt.edu/faculty-profile?profile=mr0947#current-teaching
Megan Marshall,Adjunct Faculty,2780,Art Foundations,College of Visual Arts and Design,https://facultyinfo.unt.edu/faculty-profile?profile=mmm0453#current-teaching
Michael Hernandez,Adjunct Faculty,2781,Art Foundations,College of Visual Arts and Design,https://facultyinfo.unt.edu/faculty-profile?profile=mph0138#current-teaching
Nakisa Beigi,Adjunct Faculty,2782,Art Foundations,College of Visual Arts and Design,https://facultyinfo.unt.edu/faculty-profile?profile=nb0918#current-teaching
Simeen Ishaque,Adjunct Faculty,2783,Art Foundations,College of Visual Arts and Design,https://facultyinfo.unt.edu/faculty-profile?profile=smi0031#current-teaching
Steven Gonzalez,Adjunct Faculty,2784,Art Foundations,College of Visual Arts and Design,https://facultyinfo.unt.edu/faculty-profile?profile=shg0040#current-teaching
Yun Jung Lee,Adjunct Faculty,2785,Art Foundations,College of Visual Arts and Design,https://facultyinfo.unt.edu/faculty-profile?profile=yl0179#current-teaching
Su Yang,Assistant Professor,2786,Art Foundations,College of Visual Arts and Design,https://facultyinfo.unt.edu/faculty-profile?profile=sy0586#current-teaching
Ian S. Etter,Lecturer,2787,Art Foundations,College of Visual Arts and Design,https://facultyinfo.unt.edu/faculty-profile?profile=ise0017#current-teaching
Meredith L. Cawley,Lecturer,2788,Art Foundations,College of Visual Arts and Design,https://facultyinfo.unt.edu/faculty-profile?profile=mlc0286#current-teaching
Terry K. Spyker,Lecturer,2789,Art Foundations,College of Visual Arts and Design,https://facultyinfo.unt.edu/faculty-profile?profile=tkd0044#current-teaching
Rachel D. Black,Principal Lecturer,2790,Art Foundations,College of Visual Arts and Design,https://facultyinfo.unt.edu/faculty-profile?profile=rdb0035#current-teaching
Binod K. Shrestha,Professor,2791,Art Foundations,College of Visual Arts and Design,https://facultyinfo.unt.edu/faculty-profile?profile=bks0129#current-teaching
Jacob T. Gibson,Teaching Fellow,2792,Art Foundations,College of Visual Arts and Design,https://facultyinfo.unt.edu/faculty-profile?profile=jtg0164#current-teaching
Olumuyiwa A. Oyedare,Teaching Fellow,2793,Art Foundations,College of Visual Arts and Design,https://facultyinfo.unt.edu/faculty-profile?profile=oao0069#current-teaching
Heidi A. Strobel,Academic Associate Dean,2794,Art History,College of Visual Arts and Design,https://facultyinfo.unt.edu/faculty-profile?profile=has0157#current-teaching
Anne Glaros,Adjunct Faculty,2795,Art History,College of Visual Arts and Design,https://facultyinfo.unt.edu/faculty-profile?profile=ag3049#current-teaching
Annette Becker,Adjunct Faculty,2796,Art History,College of Visual Arts and Design,https://facultyinfo.unt.edu/faculty-profile?profile=amb0540#current-teaching
Cassidy Hanna,Adjunct Faculty,2797,Art History,College of Visual Arts and Design,https://facultyinfo.unt.edu/faculty-profile?profile=ch0652#current-teaching
Elizabeth Cyron,Adjunct Faculty,2798,Art History,College of Visual Arts and Design,https://facultyinfo.unt.edu/faculty-profile?profile=eac0385#current-teaching
Emma K. Fletcher,Adjunct Faculty,2799,Art History,College of Visual Arts and Design,https://facultyinfo.unt.edu/faculty-profile?profile=ekf0038#current-teaching
Jacquelyn D. McDonald,Adjunct Faculty,2800,Art History,College of Visual Arts and Design,https://facultyinfo.unt.edu/faculty-profile?profile=jmd0414#current-teaching
Lauren Barker,Adjunct Faculty,2801,Art History,College of Visual Arts and Design,https://facultyinfo.unt.edu/faculty-profile?profile=lkb0211#current-teaching
Lauren Francis,Adjunct Faculty,2802,Art History,College of Visual Arts and Design,https://facultyinfo.unt.edu/faculty-profile?profile=lcf0081#current-teaching
Li Xu,Adjunct Faculty,2803,Art History,College of Visual Arts and Design,https://facultyinfo.unt.edu/faculty-profile?profile=lx0037#current-teaching
Parme K. Giuntini,Adjunct Faculty,2804,Art History,College of Visual Arts and Design,https://facultyinfo.unt.edu/faculty-profile?profile=pkg0035#current-teaching
Teresa Mayo,Adjunct Faculty,2805,Art History,College of Visual Arts and Design,https://facultyinfo.unt.edu/faculty-profile?profile=tm0505#current-teaching
Carey C. Gibbons,Assistant Professor,2806,Art History,College of Visual Arts and Design,https://facultyinfo.unt.edu/faculty-profile?profile=rg0985#current-teaching
Neville G. McFerrin,Assistant Professor,2807,Art History,College of Visual Arts and Design,https://facultyinfo.unt.edu/faculty-profile?profile=ngm0049#current-teaching
Paula R. Lupkin,Associate Professor,2808,Art History,College of Visual Arts and Design,https://facultyinfo.unt.edu/faculty-profile?profile=prl0039#current-teaching
Lisa N. Owen,Chair,2809,Art History,College of Visual Arts and Design,https://facultyinfo.unt.edu/faculty-profile?profile=lno0007#current-teaching
Lindsay Dunn,Lecturer,2810,Art History,College of Visual Arts and Design,https://facultyinfo.unt.edu/faculty-profile?profile=lmd0309#current-teaching
Tiffany R. Floyd,Lecturer,2811,Art History,College of Visual Arts and Design,https://facultyinfo.unt.edu/faculty-profile?profile=trf0037#current-teaching
Kurt E. Rahmlow,Principal Lecturer,2812,Art History,College of Visual Arts and Design,https://facultyinfo.unt.edu/faculty-profile?profile=ker0131#current-teaching
Denise A. Baxter,Professor,2813,Art History,College of Visual Arts and Design,https://facultyinfo.unt.edu/faculty-profile?profile=dab0198#current-teaching
Jennifer E. Way,Professor,2814,Art History,College of Visual Arts and Design,https://facultyinfo.unt.edu/faculty-profile?profile=jw0029#current-teaching
Kelly T. Donahue-Wallace,Professor,2815,Art History,College of Visual Arts and Design,https://facultyinfo.unt.edu/faculty-profile?profile=ktd0004#current-teaching
Monica R. Salazar,Senior Lecturer,2816,Art History,College of Visual Arts and Design,https://facultyinfo.unt.edu/faculty-profile?profile=mrs0385#current-teaching
Xenia X. Gazi,Teaching Fellow,2817,Art History,College of Visual Arts and Design,https://facultyinfo.unt.edu/faculty-profile?profile=axg0008#current-teaching
Layla Seale,Visiting Assistant Professor,2818,Art History,College of Visual Arts and Design,https://facultyinfo.unt.edu/faculty-profile?profile=ls0780#current-teaching
Jeremy Bernardoni,,2819,Design,College of Visual Arts and Design,https://facultyinfo.unt.edu/faculty-profile?profile=jmb1046#current-teaching
Brian K. Sullivan,Adjunct Faculty,2820,Design,College of Visual Arts and Design,https://facultyinfo.unt.edu/faculty-profile?profile=bks0056#current-teaching
Cheryl Lynn Smith,Adjunct Faculty,2821,Design,College of Visual Arts and Design,https://facultyinfo.unt.edu/faculty-profile?profile=cls0048#current-teaching
Cory L. Rhodes,Adjunct Faculty,2822,Design,College of Visual Arts and Design,https://facultyinfo.unt.edu/faculty-profile?profile=clc0608#current-teaching
Donovan Lord,Adjunct Faculty,2823,Design,College of Visual Arts and Design,https://facultyinfo.unt.edu/faculty-profile?profile=del0108#current-teaching
Gee Yun Hwang,Adjunct Faculty,2824,Design,College of Visual Arts and Design,https://facultyinfo.unt.edu/faculty-profile?profile=gh0414#current-teaching
Kyleene Finley,Adjunct Faculty,2825,Design,College of Visual Arts and Design,https://facultyinfo.unt.edu/faculty-profile?profile=krp0084#current-teaching
Lillia Whittington,Adjunct Faculty,2826,Design,College of Visual Arts and Design,https://facultyinfo.unt.edu/faculty-profile?profile=ldd0106#current-teaching
Lisa E. Mercer,Adjunct Faculty,2827,Design,College of Visual Arts and Design,https://facultyinfo.unt.edu/faculty-profile?profile=lem0201#current-teaching
Marcy Bishop,Adjunct Faculty,2828,Design,College of Visual Arts and Design,https://facultyinfo.unt.edu/faculty-profile?profile=mlb0449#current-teaching
Neely Shirey,Adjunct Faculty,2829,Design,College of Visual Arts and Design,https://facultyinfo.unt.edu/faculty-profile?profile=nep0020#current-teaching
Sencan Rika,Adjunct Faculty,2830,Design,College of Visual Arts and Design,https://facultyinfo.unt.edu/faculty-profile?profile=sr0473#current-teaching
Shen Xu Mock,Adjunct Faculty,2831,Design,College of Visual Arts and Design,https://facultyinfo.unt.edu/faculty-profile?profile=sx0013#current-teaching
Shi-Jen Feng,Adjunct Faculty,2832,Design,College of Visual Arts and Design,https://facultyinfo.unt.edu/faculty-profile?profile=sf0036#current-teaching
Soojin Risen,Adjunct Faculty,2833,Design,College of Visual Arts and Design,https://facultyinfo.unt.edu/faculty-profile?profile=sr0846#current-teaching
Cassini Nazir,Assistant Professor,2834,Design,College of Visual Arts and Design,https://facultyinfo.unt.edu/faculty-profile?profile=cn0305#current-teaching
Erica L. Holeman,Assistant Professor,2835,Design,College of Visual Arts and Design,https://facultyinfo.unt.edu/faculty-profile?profile=elh0180#current-teaching
Jeannine S. Vail,Assistant Professor,2836,Design,College of Visual Arts and Design,https://facultyinfo.unt.edu/faculty-profile?profile=jsv0047#current-teaching
Natalie D. Ellis,Assistant Professor,2837,Design,College of Visual Arts and Design,https://facultyinfo.unt.edu/faculty-profile?profile=nde0017#current-teaching
Omari Souza,Assistant Professor,2838,Design,College of Visual Arts and Design,https://facultyinfo.unt.edu/faculty-profile?profile=os0190#current-teaching
Barbara C. Trippeer,Associate Professor,2839,Design,College of Visual Arts and Design,https://facultyinfo.unt.edu/faculty-profile?profile=bct0055#current-teaching
Chanjuan Chen,Associate Professor,2840,Design,College of Visual Arts and Design,https://facultyinfo.unt.edu/faculty-profile?profile=cc0596#current-teaching
David M. Wolske,Associate Professor,2841,Design,College of Visual Arts and Design,https://facultyinfo.unt.edu/faculty-profile?profile=dmw0260#current-teaching
Douglas D. May,Associate Professor,2842,Design,College of Visual Arts and Design,https://facultyinfo.unt.edu/faculty-profile?profile=ddm0212#current-teaching
Jin G. Park,Associate Professor,2843,Design,College of Visual Arts and Design,https://facultyinfo.unt.edu/faculty-profile?profile=jgp0059#current-teaching
Johnnie K. Stark,Associate Professor,2844,Design,College of Visual Arts and Design,https://facultyinfo.unt.edu/faculty-profile?profile=jks0027#current-teaching
Stephen Zhang,Associate Professor,2845,Design,College of Visual Arts and Design,https://facultyinfo.unt.edu/faculty-profile?profile=cz0008#current-teaching
Hepi G. Wachter,Chair,2846,Design,College of Visual Arts and Design,https://facultyinfo.unt.edu/faculty-profile?profile=hgw0024#current-teaching
Cynthia Gentzel,Lecturer,2847,Design,College of Visual Arts and Design,https://facultyinfo.unt.edu/faculty-profile?profile=crf0007#current-teaching
Tracey M. Filbeck,Lecturer,2848,Design,College of Visual Arts and Design,https://facultyinfo.unt.edu/faculty-profile?profile=tmf0133#current-teaching
Hae Jin Gam,Professor,2849,Design,College of Visual Arts and Design,https://facultyinfo.unt.edu/faculty-profile?profile=hg0204#current-teaching
Keith M. Owens,Professor,2850,Design,College of Visual Arts and Design,https://facultyinfo.unt.edu/faculty-profile?profile=kmo0014#current-teaching
Michael R. Gibson,Professor,2851,Design,College of Visual Arts and Design,https://facultyinfo.unt.edu/faculty-profile?profile=mrg0004#current-teaching
Ruth West,Professor,2852,Design,College of Visual Arts and Design,https://facultyinfo.unt.edu/faculty-profile?profile=rw0189#current-teaching
Whitney L. Holden,Senior Lecturer,2853,Design,College of Visual Arts and Design,https://facultyinfo.unt.edu/faculty-profile?profile=wlh0093#current-teaching
Ambreen Khan,Teaching Fellow,2854,Design,College of Visual Arts and Design,https://facultyinfo.unt.edu/faculty-profile?profile=ak2284#current-teaching
Manikya Sai Tejaswini Vallabhajosyula,Teaching Fellow,2855,Design,College of Visual Arts and Design,https://facultyinfo.unt.edu/faculty-profile?profile=mtv0048#current-teaching
Wei Sun,Teaching Fellow,2856,Design,College of Visual Arts and Design,https://facultyinfo.unt.edu/faculty-profile?profile=ws0177#current-teaching
Claire E. Kennedy,Adjunct Faculty,2857,IADS - Interdisciplinary Art and Design Studies,College of Visual Arts and Design,https://facultyinfo.unt.edu/faculty-profile?profile=cek0128#current-teaching
Diamond Beverly-Porter,Adjunct Faculty,2858,IADS - Interdisciplinary Art and Design Studies,College of Visual Arts and Design,https://facultyinfo.unt.edu/faculty-profile?profile=deb0206#current-teaching
Hudson Ingram,Adjunct Faculty,2859,IADS - Interdisciplinary Art and Design Studies,College of Visual Arts and Design,https://facultyinfo.unt.edu/faculty-profile?profile=hi0041#current-teaching
Kyla Crawford,Adjunct Faculty,2860,IADS - Interdisciplinary Art and Design Studies,College of Visual Arts and Design,https://facultyinfo.unt.edu/faculty-profile?profile=kmc0633#current-teaching
Leticia Ferreira de Souza,Adjunct Faculty,2861,IADS - Interdisciplinary Art and Design Studies,College of Visual Arts and Design,https://facultyinfo.unt.edu/faculty-profile?profile=lf0258#current-teaching
Stefanie K. Dlugosz-Acton,Adjunct Faculty,2862,IADS - Interdisciplinary Art and Design Studies,College of Visual Arts and Design,https://facultyinfo.unt.edu/faculty-profile?profile=skd0122#current-teaching
Christina Donaldson,Assistant Professor,2863,IADS - Interdisciplinary Art and Design Studies,College of Visual Arts and Design,https://facultyinfo.unt.edu/faculty-profile?profile=cd0894#current-teaching
Siriporn Peters,Lecturer,2864,IADS - Interdisciplinary Art and Design Studies,College of Visual Arts and Design,https://facultyinfo.unt.edu/faculty-profile?profile=sp1506#current-teaching
Tesa Morin,Lecturer,2865,IADS - Interdisciplinary Art and Design Studies,College of Visual Arts and Design,https://facultyinfo.unt.edu/faculty-profile?profile=tbo0004#current-teaching
Anastasiya Chybireva Fender,Teaching Fellow,2866,IADS - Interdisciplinary Art and Design Studies,College of Visual Arts and Design,https://facultyinfo.unt.edu/faculty-profile?profile=ac1969#current-teaching
Minso Kim,Visiting Assistant Professor,2867,IADS - Interdisciplinary Art and Design Studies,College of Visual Arts and Design,https://facultyinfo.unt.edu/faculty-profile?profile=mk1861#current-teaching
Amy L. Henson,Adjunct Faculty,2868,Studio Art,College of Visual Arts and Design,https://facultyinfo.unt.edu/faculty-profile?profile=alm0133#current-teaching
Anna Marie Smith,Adjunct Faculty,2869,Studio Art,College of Visual Arts and Design,https://facultyinfo.unt.edu/faculty-profile?profile=ams1099#current-teaching
Boxin Peng,Adjunct Faculty,2870,Studio Art,College of Visual Arts and Design,https://facultyinfo.unt.edu/faculty-profile?profile=bp0843#current-teaching
Clarissa Gonzalez,Adjunct Faculty,2871,Studio Art,College of Visual Arts and Design,https://facultyinfo.unt.edu/faculty-profile?profile=cag0212#current-teaching
Deedra Baker,Adjunct Faculty,2872,Studio Art,College of Visual Arts and Design,https://facultyinfo.unt.edu/faculty-profile?profile=db0290#current-teaching
Emily Albritton,Adjunct Faculty,2873,Studio Art,College of Visual Arts and Design,https://facultyinfo.unt.edu/faculty-profile?profile=ea0740#current-teaching
Gerald L. Leavell,Adjunct Faculty,2874,Studio Art,College of Visual Arts and Design,https://facultyinfo.unt.edu/faculty-profile?profile=gll0059#current-teaching
Jacob Phillips,Adjunct Faculty,2875,Studio Art,College of Visual Arts and Design,https://facultyinfo.unt.edu/faculty-profile?profile=jmp0490#current-teaching
Jamison L. Leblanc,Adjunct Faculty,2876,Studio Art,College of Visual Arts and Design,https://facultyinfo.unt.edu/faculty-profile?profile=jll0265#current-teaching
Jay Bailey,Adjunct Faculty,2877,Studio Art,College of Visual Arts and Design,https://facultyinfo.unt.edu/faculty-profile?profile=jb0809#current-teaching
Jennifer Smart,Adjunct Faculty,2878,Studio Art,College of Visual Arts and Design,https://facultyinfo.unt.edu/faculty-profile?profile=jls1141#current-teaching
Jeremy Bunda,Adjunct Faculty,2879,Studio Art,College of Visual Arts and Design,https://facultyinfo.unt.edu/faculty-profile?profile=jcb0527#current-teaching
Jordan N. Black,Adjunct Faculty,2880,Studio Art,College of Visual Arts and Design,https://facultyinfo.unt.edu/faculty-profile?profile=jnb0126#current-teaching
Joshua S. Bryant,Adjunct Faculty,2881,Studio Art,College of Visual Arts and Design,https://facultyinfo.unt.edu/faculty-profile?profile=jsb0200#current-teaching
Julia Cartwright,Adjunct Faculty,2882,Studio Art,College of Visual Arts and Design,https://facultyinfo.unt.edu/faculty-profile?profile=jlc0862#current-teaching
Julia Freund,Adjunct Faculty,2883,Studio Art,College of Visual Arts and Design,https://facultyinfo.unt.edu/faculty-profile?profile=jcf0231#current-teaching
Kasey L. Short,Adjunct Faculty,2884,Studio Art,College of Visual Arts and Design,https://facultyinfo.unt.edu/faculty-profile?profile=ks0809#current-teaching
Katrina Enoire,Adjunct Faculty,2885,Studio Art,College of Visual Arts and Design,https://facultyinfo.unt.edu/faculty-profile?profile=ke0147#current-teaching
Kristin Boyer,Adjunct Faculty,2886,Studio Art,College of Visual Arts and Design,https://facultyinfo.unt.edu/faculty-profile?profile=knb0227#current-teaching
Lauren Allen,Adjunct Faculty,2887,Studio Art,College of Visual Arts and Design,https://facultyinfo.unt.edu/faculty-profile?profile=lea0073#current-teaching
Lisa Hamilton,Adjunct Faculty,2888,Studio Art,College of Visual Arts and Design,https://facultyinfo.unt.edu/faculty-profile?profile=lah0482#current-teaching
Magaly Cantú,Adjunct Faculty,2889,Studio Art,College of Visual Arts and Design,https://facultyinfo.unt.edu/faculty-profile?profile=mc1259#current-teaching
Mary Catherine Davis,Adjunct Faculty,2890,Studio Art,College of Visual Arts and Design,https://facultyinfo.unt.edu/faculty-profile?profile=md0699#current-teaching
Michael C. Mulvey,Adjunct Faculty,2891,Studio Art,College of Visual Arts and Design,https://facultyinfo.unt.edu/faculty-profile?profile=mm1728#current-teaching
Nadin Nassar,Adjunct Faculty,2892,Studio Art,College of Visual Arts and Design,https://facultyinfo.unt.edu/faculty-profile?profile=nn0477#current-teaching
Narong Tintamusik,Adjunct Faculty,2893,Studio Art,College of Visual Arts and Design,https://facultyinfo.unt.edu/faculty-profile?profile=nt0108#current-teaching
Nida Bangash,Adjunct Faculty,2894,Studio Art,College of Visual Arts and Design,https://facultyinfo.unt.edu/faculty-profile?profile=nb0556#current-teaching
Panpan Yang,Adjunct Faculty,2895,Studio Art,College of Visual Arts and Design,https://facultyinfo.unt.edu/faculty-profile?profile=py0055#current-teaching
Prashast Kachru,Adjunct Faculty,2896,Studio Art,College of Visual Arts and Design,https://facultyinfo.unt.edu/faculty-profile?profile=pgk0030#current-teaching
Randal S. Robins,Adjunct Faculty,2897,Studio Art,College of Visual Arts and Design,https://facultyinfo.unt.edu/faculty-profile?profile=rsr0121#current-teaching
Sarah K. Loch-Test,Adjunct Faculty,2898,Studio Art,College of Visual Arts and Design,https://facultyinfo.unt.edu/faculty-profile?profile=skl0081#current-teaching
Sarah M. Pickett,Adjunct Faculty,2899,Studio Art,College of Visual Arts and Design,https://facultyinfo.unt.edu/faculty-profile?profile=smp0404#current-teaching
Suzanne Jackson,Adjunct Faculty,2900,Studio Art,College of Visual Arts and Design,https://facultyinfo.unt.edu/faculty-profile?profile=sj1092#current-teaching
Tamara Rafkin,Adjunct Faculty,2901,Studio Art,College of Visual Arts and Design,https://facultyinfo.unt.edu/faculty-profile?profile=tr0400#current-teaching
Umut Demirguc Thurman,Adjunct Faculty,2902,Studio Art,College of Visual Arts and Design,https://facultyinfo.unt.edu/faculty-profile?profile=ud0002#current-teaching
Usama Khalid,Adjunct Faculty,2903,Studio Art,College of Visual Arts and Design,https://facultyinfo.unt.edu/faculty-profile?profile=uik0001#current-teaching
Valerie C. Hancock,Adjunct Faculty,2904,Studio Art,College of Visual Arts and Design,https://facultyinfo.unt.edu/faculty-profile?profile=vcb0017#current-teaching
Veronica Ibarguengoitia Tena,Adjunct Faculty,2905,Studio Art,College of Visual Arts and Design,https://facultyinfo.unt.edu/faculty-profile?profile=vi0048#current-teaching
Brooks B. Oliver,Assistant Professor,2906,Studio Art,College of Visual Arts and Design,https://facultyinfo.unt.edu/faculty-profile?profile=bbo0006#current-teaching
Christopher J. Meerdo,Assistant Professor,2907,Studio Art,College of Visual Arts and Design,https://facultyinfo.unt.edu/faculty-profile?profile=cjm0432#current-teaching
Eliza H. Au,Assistant Professor,2908,Studio Art,College of Visual Arts and Design,https://facultyinfo.unt.edu/faculty-profile?profile=eha0021#current-teaching
Letitia Huckaby,Assistant Professor,2909,Studio Art,College of Visual Arts and Design,https://facultyinfo.unt.edu/faculty-profile?profile=clj0111#current-teaching
Ranran Fan,Assistant Professor,2910,Studio Art,College of Visual Arts and Design,https://facultyinfo.unt.edu/faculty-profile?profile=rf0293#current-teaching
Alicia C. Eggert,Associate Professor,2911,Studio Art,College of Visual Arts and Design,https://facultyinfo.unt.edu/faculty-profile?profile=ace0096#current-teaching
Andrew J. DeCaen,Associate Professor,2912,Studio Art,College of Visual Arts and Design,https://facultyinfo.unt.edu/faculty-profile?profile=ajd0095#current-teaching
Brian S. Campbell,Associate Professor,2913,Studio Art,College of Visual Arts and Design,https://facultyinfo.unt.edu/faculty-profile?profile=bsc0115#current-teaching
Elaine M. Pawlowicz,Associate Professor,2914,Studio Art,College of Visual Arts and Design,https://facultyinfo.unt.edu/faculty-profile?profile=emp0060#current-teaching
Liss LaFleur,Associate Professor,2915,Studio Art,College of Visual Arts and Design,https://facultyinfo.unt.edu/faculty-profile?profile=els0104#current-teaching
Nicole P. Foran,Chair,2916,Studio Art,College of Visual Arts and Design,https://facultyinfo.unt.edu/faculty-profile?profile=npf0013#current-teaching
Zak N. Loyd,Lecturer,2917,Studio Art,College of Visual Arts and Design,https://facultyinfo.unt.edu/faculty-profile?profile=znl0001#current-teaching
Christian P. Fagerlund,Principal Lecturer,2918,Studio Art,College of Visual Arts and Design,https://facultyinfo.unt.edu/faculty-profile?profile=cpf0032#current-teaching
Amie J. Adelman,Professor,2919,Studio Art,College of Visual Arts and Design,https://facultyinfo.unt.edu/faculty-profile?profile=aja0023#current-teaching
Ana Lopez,Professor,2920,Studio Art,College of Visual Arts and Design,https://facultyinfo.unt.edu/faculty-profile?profile=al0142#current-teaching
Dornith Doherty,Professor,2921,Studio Art,College of Visual Arts and Design,https://facultyinfo.unt.edu/faculty-profile?profile=doherty#current-teaching
James A. Thurman,Professor,2922,Studio Art,College of Visual Arts and Design,https://facultyinfo.unt.edu/faculty-profile?profile=jat0229#current-teaching
Lari R. Gibbons,Professor,2923,Studio Art,College of Visual Arts and Design,https://facultyinfo.unt.edu/faculty-profile?profile=lg0037#current-teaching
Matthew L. Bourbon,Professor,2924,Studio Art,College of Visual Arts and Design,https://facultyinfo.unt.edu/faculty-profile?profile=mlb0027#current-teaching
Paho Mann,Professor,2925,Studio Art,College of Visual Arts and Design,https://facultyinfo.unt.edu/faculty-profile?profile=pm0141#current-teaching
James D. Burton,Senior Lecturer,2926,Studio Art,College of Visual Arts and Design,https://facultyinfo.unt.edu/faculty-profile?profile=jdb0049#current-teaching
Aaron McNair,Teaching Fellow,2927,Studio Art,College of Visual Arts and Design,https://facultyinfo.unt.edu/faculty-profile?profile=am4638#current-teaching
Abbigail Spillane,Teaching Fellow,2928,Studio Art,College of Visual Arts and Design,https://facultyinfo.unt.edu/faculty-profile?profile=als0800#current-teaching
Allison N. Mudd,Teaching Fellow,2929,Studio Art,College of Visual Arts and Design,https://facultyinfo.unt.edu/faculty-profile?profile=anm0173#current-teaching
Calvin Yuan,Teaching Fellow,2930,Studio Art,College of Visual Arts and Design,https://facultyinfo.unt.edu/faculty-profile?profile=cky0009#current-teaching
Carla Hughes,Teaching Fellow,2931,Studio Art,College of Visual Arts and Design,https://facultyinfo.unt.edu/faculty-profile?profile=ch0943#current-teaching
Courtney A. Dimare,Teaching Fellow,2932,Studio Art,College of Visual Arts and Design,https://facultyinfo.unt.edu/faculty-profile?profile=cak0230#current-teaching
Diana S. Rojas-Ponce,Teaching Fellow,2933,Studio Art,College of Visual Arts and Design,https://facultyinfo.unt.edu/faculty-profile?profile=dsr0081#current-teaching
Halle Jenkins,Teaching Fellow,2934,Studio Art,College of Visual Arts and Design,https://facultyinfo.unt.edu/faculty-profile?profile=hpj0009#current-teaching
Jacob Erwin,Teaching Fellow,2935,Studio Art,College of Visual Arts and Design,https://facultyinfo.unt.edu/faculty-profile?profile=je0518#current-teaching
Jae-Eun J. Suh,Teaching Fellow,2936,Studio Art,College of Visual Arts and Design,https://facultyinfo.unt.edu/faculty-profile?profile=jjs0319#current-teaching
Kirupa Sargunaraja,Teaching Fellow,2937,Studio Art,College of Visual Arts and Design,https://facultyinfo.unt.edu/faculty-profile?profile=kss0234#current-teaching
Mallory Stroud,Teaching Fellow,2938,Studio Art,College of Visual Arts and Design,https://facultyinfo.unt.edu/faculty-profile?profile=ms2864#current-teaching
Mina Forouzandeh,Teaching Fellow,2939,Studio Art,College of Visual Arts and Design,https://facultyinfo.unt.edu/faculty-profile?profile=mf0665#current-teaching
Ngoc Yen Nhu Ha,Teaching Fellow,2940,Studio Art,College of Visual Arts and Design,https://facultyinfo.unt.edu/faculty-profile?profile=nh0343#current-teaching
Noah Broomfield,Teaching Fellow,2941,Studio Art,College of Visual Arts and Design,https://facultyinfo.unt.edu/faculty-profile?profile=ncb0110#current-teaching
Paul Armstrong,Teaching Fellow,2942,Studio Art,College of Visual Arts and Design,https://facultyinfo.unt.edu/faculty-profile?profile=pa0183#current-teaching
Robyn Rozelle,Teaching Fellow,2943,Studio Art,College of Visual Arts and Design,https://facultyinfo.unt.edu/faculty-profile?profile=rlr0292#current-teaching
Samuel Cusack,Teaching Fellow,2944,Studio Art,College of Visual Arts and Design,https://facultyinfo.unt.edu/faculty-profile?profile=stc0111#current-teaching
Sara Amirkhani,Teaching Fellow,2945,Studio Art,College of Visual Arts and Design,https://facultyinfo.unt.edu/faculty-profile?profile=sa3405#current-teaching
Saxon Martinez,Teaching Fellow,2946,Studio Art,College of Visual Arts and Design,https://facultyinfo.unt.edu/faculty-profile?profile=sfm0065#current-teaching
Sierra Anne Greenslade,Teaching Fellow,2947,Studio Art,College of Visual Arts and Design,https://facultyinfo.unt.edu/faculty-profile?profile=sat0152#current-teaching
Tara Laughery,Teaching Fellow,2948,Studio Art,College of Visual Arts and Design,https://facultyinfo.unt.edu/faculty-profile?profile=tl0563#current-teaching
Troy Day,Teaching Fellow,2949,Studio Art,College of Visual Arts and Design,https://facultyinfo.unt.edu/faculty-profile?profile=twd0052#current-teaching
Tamara Johnson,Visiting Assistant Professor,2950,Studio Art,College of Visual Arts and Design,https://facultyinfo.unt.edu/faculty-profile?profile=tsj0009#current-teaching
Nicky Shrestha,,2951,Academic Administration,University of North Texas,https://facultyinfo.unt.edu/faculty-profile?profile=ns0687#current-teaching
test user2,Adjunct Faculty,2952,Academic Administration,University of North Texas,https://facultyinfo.unt.edu/faculty-profile?profile=testuser#current-teaching
Rebecca L. How,Staff,2953,Academic Administration,University of North Texas,https://facultyinfo.unt.edu/faculty-profile?profile=rlh0071#current-teaching
Tsubasa Tajima,Staff,2954,Academic Administration,University of North Texas,https://facultyinfo.unt.edu/faculty-profile?profile=tt0303#current-teaching
Brandi L. Everett,Vice Provost,2955,Academic Administration,University of North Texas,https://facultyinfo.unt.edu/faculty-profile?profile=blf0004#current-teaching
Joanna A. Hussey,,2956,Academic Affairs,University of North Texas,https://facultyinfo.unt.edu/faculty-profile?profile=jah0480#current-teaching
Michael A. McPherson,Provost,2957,Academic Affairs,University of North Texas,https://facultyinfo.unt.edu/faculty-profile?profile=mam0027#current-teaching
Holly M. Hutchins,Vice Provost,2958,Academic Affairs,University of North Texas,https://facultyinfo.unt.edu/faculty-profile?profile=hmh0012#current-teaching
Lisa R. McIntyre,Vice Provost,2959,Academic Affairs,University of North Texas,https://facultyinfo.unt.edu/faculty-profile?profile=lmr0347#current-teaching
Hope F. Garcia,Adjunct Faculty,2960,Administrative Area,University of North Texas,https://facultyinfo.unt.edu/faculty-profile?profile=hfg0008#current-teaching
Michael Forst,Adjunct Faculty,2961,Honors College,University of North Texas,https://facultyinfo.unt.edu/faculty-profile?profile=mlf0258#current-teaching
Odalis Cardenas,Adjunct Faculty,2962,Honors College,University of North Texas,https://facultyinfo.unt.edu/faculty-profile?profile=osc0008#current-teaching
William Mcafee,Adjunct Faculty,2963,Honors College,University of North Texas,https://facultyinfo.unt.edu/faculty-profile?profile=wkm0034#current-teaching
Eric L. Gruver,Associate Dean,2964,Honors College,University of North Texas,https://facultyinfo.unt.edu/faculty-profile?profile=elg0097#current-teaching
James Duban,Associate Dean,2965,Honors College,University of North Texas,https://facultyinfo.unt.edu/faculty-profile?profile=jd0024#current-teaching
Sean A. Ryan,Associate Dean,2966,Honors College,University of North Texas,https://facultyinfo.unt.edu/faculty-profile?profile=sar0234#current-teaching
Glenisson F. de Oliveira,Dean,2967,Honors College,University of North Texas,https://facultyinfo.unt.edu/faculty-profile?profile=gfd0009#current-teaching
Julie E. Leventhal,Principal Lecturer,2968,Honors College,University of North Texas,https://facultyinfo.unt.edu/faculty-profile?profile=jel0054#current-teaching
Rafael M. Major,Principal Lecturer,2969,Honors College,University of North Texas,https://facultyinfo.unt.edu/faculty-profile?profile=rmm0001#current-teaching
Maryann Phillips,ESL Instructor,2970,Intensive English Language Institute,University of North Texas,https://facultyinfo.unt.edu/faculty-profile?profile=mep0332#current-teaching
Rachel E. McMullen,,2971,Libraries,University of North Texas,https://facultyinfo.unt.edu/faculty-profile?profile=rea0006#current-teaching
Dreanna L. Belden,Assistant Dean,2972,Libraries,University of North Texas,https://facultyinfo.unt.edu/faculty-profile?profile=dlb0078#current-teaching
Douglas Burns,Assistant Librarian,2973,Libraries,University of North Texas,https://facultyinfo.unt.edu/faculty-profile?profile=dcb0118#current-teaching
Sian D. Brannon,Vice Provost,2974,Libraries,University of North Texas,https://facultyinfo.unt.edu/faculty-profile?profile=sdm0015#current-teaching
Josh Bergmann,Assistant Librarian,2975,Library - CM - Cataloging & Metadata Services,University of North Texas,https://facultyinfo.unt.edu/faculty-profile?profile=jrb0610#current-teaching
Kelly Evans,Assistant Librarian,2976,Library - CM - Cataloging & Metadata Services,University of North Texas,https://facultyinfo.unt.edu/faculty-profile?profile=kae0063#current-teaching
Kelsey Geller,Assistant Librarian,2977,Library - CM - Cataloging & Metadata Services,University of North Texas,https://facultyinfo.unt.edu/faculty-profile?profile=keg0267#current-teaching
Lora Ericson,Assistant Librarian,2978,Library - CM - Cataloging & Metadata Services,University of North Texas,https://facultyinfo.unt.edu/faculty-profile?profile=lte0016#current-teaching
Stacey D. Wolf,Associate Librarian,2979,Library - CM - Cataloging & Metadata Services,University of North Texas,https://facultyinfo.unt.edu/faculty-profile?profile=sdk0046#current-teaching
Ari Romero,Assistant Librarian,2980,Library - CM - Collection Development,University of North Texas,https://facultyinfo.unt.edu/faculty-profile?profile=amr0219#current-teaching
Evan Peebles,Assistant Librarian,2981,Library - CM - Collection Development,University of North Texas,https://facultyinfo.unt.edu/faculty-profile?profile=emp0085#current-teaching
Jennifer Sterling,Associate Librarian,2982,Library - CM - Collection Development,University of North Texas,https://facultyinfo.unt.edu/faculty-profile?profile=js2269#current-teaching
Jill J. Dawson,Associate Librarian,2983,Library - CM - Collection Development,University of North Texas,https://facultyinfo.unt.edu/faculty-profile?profile=hjw0017#current-teaching
Lisa Cuevas,Associate Librarian,2984,Library - CM - Collection Development,University of North Texas,https://facultyinfo.unt.edu/faculty-profile?profile=lac0028#current-teaching
Todd C. Enoch,Associate Librarian,2985,Library - CM - Collection Development,University of North Texas,https://facultyinfo.unt.edu/faculty-profile?profile=tce0007#current-teaching
Kevin J. Yanowski,Associate Librarian,2986,Library - Collection Management,University of North Texas,https://facultyinfo.unt.edu/faculty-profile?profile=kjy0011#current-teaching
Karen R. Harker,Librarian,2987,Library - Collection Management,University of North Texas,https://facultyinfo.unt.edu/faculty-profile?profile=krh0186#current-teaching
Sarah Lynn Fisher,Assistant Librarian,2988,Library - Digital Libraries & External Relations,University of North Texas,https://facultyinfo.unt.edu/faculty-profile?profile=slf0116#current-teaching
Mark E. Phillips,Associate Dean,2989,Library - Digital Libraries & External Relations,University of North Texas,https://facultyinfo.unt.edu/faculty-profile?profile=mep0037#current-teaching
M. J. Mangum,Associate Librarian,2990,Library - Digital Libraries & External Relations,University of North Texas,https://facultyinfo.unt.edu/faculty-profile?profile=mjm0369#current-teaching
Daniel G. Alemneh,Adjunct Faculty,2991,Library - DL - Digital Curation Unit,University of North Texas,https://facultyinfo.unt.edu/faculty-profile?profile=dga0005#current-teaching
Whitney R. Johnson-Freeman,Associate Librarian,2992,Library - DL - Digital Curation Unit,University of North Texas,https://facultyinfo.unt.edu/faculty-profile?profile=wrf0022#current-teaching
Ana J. Krahmer,Librarian,2993,Library - DL - Digital Newspaper Program,University of North Texas,https://facultyinfo.unt.edu/faculty-profile?profile=ajk0104#current-teaching
Christina Kellum,Assistant Librarian,2994,Library - DL - Digital Projects,University of North Texas,https://facultyinfo.unt.edu/faculty-profile?profile=clk0149#current-teaching
Marcia C. McIntosh,Associate Librarian,2995,Library - DL - Digital Projects,University of North Texas,https://facultyinfo.unt.edu/faculty-profile?profile=mcm0350#current-teaching
Hannah M. Tarver,Librarian,2996,Library - DL - Digital Projects,University of North Texas,https://facultyinfo.unt.edu/faculty-profile?profile=ht0079#current-teaching
Carol Shaffer,Associate Librarian,2997,Library - DL - User Interfaces,University of North Texas,https://facultyinfo.unt.edu/faculty-profile?profile=cms0769#current-teaching
Jason J. Thomale,Associate Librarian,2998,Library - DL - User Interfaces,University of North Texas,https://facultyinfo.unt.edu/faculty-profile?profile=jjt0005#current-teaching
William L. Hicks,Associate Librarian,2999,Library - DL - User Interfaces,University of North Texas,https://facultyinfo.unt.edu/faculty-profile?profile=wlh0002#current-teaching
Janelle Foster,Assistant Librarian,3000,Library - PS - Access Services,University of North Texas,https://facultyinfo.unt.edu/faculty-profile?profile=jdf0231#current-teaching
Madison Brents,Assistant Librarian,3001,Library - PS - Access Services,University of North Texas,https://facultyinfo.unt.edu/faculty-profile?profile=mca0101#current-teaching
Deborah Caldwell,Assistant Librarian,3002,Library - PS - Library Research Support Services,University of North Texas,https://facultyinfo.unt.edu/faculty-profile?profile=dec0144#current-teaching
Pilar Baskett,Assistant Librarian,3003,Library - PS - Library Research Support Services,University of North Texas,https://facultyinfo.unt.edu/faculty-profile?profile=rpb0067#current-teaching
Coby Condrey,Associate Librarian,3004,Library - PS - Library Research Support Services,University of North Texas,https://facultyinfo.unt.edu/faculty-profile?profile=cnc0137#current-teaching
John E. Martin,Associate Librarian,3005,Library - PS - Library Research Support Services,University of North Texas,https://facultyinfo.unt.edu/faculty-profile?profile=jem0397#current-teaching
Meranda M. Roy,Associate Librarian,3006,Library - PS - Library Research Support Services,University of North Texas,https://facultyinfo.unt.edu/faculty-profile?profile=mmo0040#current-teaching
Rebecca Barham,Associate Librarian,3007,Library - PS - Library Research Support Services,University of North Texas,https://facultyinfo.unt.edu/faculty-profile?profile=rb0033#current-teaching
Jo A. Monahan,Librarian,3008,Library - PS - Library Research Support Services,University of North Texas,https://facultyinfo.unt.edu/faculty-profile?profile=jal0003#current-teaching
Briana J. Knox,Assistant Librarian,3009,Library - PS - Sycamore Library,University of North Texas,https://facultyinfo.unt.edu/faculty-profile?profile=bjk0034#current-teaching
Chassidy A. Miles,Assistant Librarian,3010,Library - PS - Sycamore Library,University of North Texas,https://facultyinfo.unt.edu/faculty-profile?profile=cam0465#current-teaching
Emily Murley,Assistant Librarian,3011,Library - PS - Sycamore Library,University of North Texas,https://facultyinfo.unt.edu/faculty-profile?profile=eba0037#current-teaching
Jennifer L. Rowe,Librarian,3012,Library - PS - Sycamore Library,University of North Texas,https://facultyinfo.unt.edu/faculty-profile?profile=jlc0086#current-teaching
Brea E. Henson,Associate Librarian,3013,Library - PS - Undergraduate Engagement and Research,University of North Texas,https://facultyinfo.unt.edu/faculty-profile?profile=beh0115#current-teaching
Carol N. Hargis,Associate Librarian,3014,Library - PS - Undergraduate Engagement and Research,University of North Texas,https://facultyinfo.unt.edu/faculty-profile?profile=cnh0003#current-teaching
Douglas M. Campbell,Associate Librarian,3015,Library - PS - Undergraduate Engagement and Research,University of North Texas,https://facultyinfo.unt.edu/faculty-profile?profile=dmc0036#current-teaching
Greg G. Hardin,Associate Librarian,3016,Library - PS - Undergraduate Engagement and Research,University of North Texas,https://facultyinfo.unt.edu/faculty-profile?profile=ggh0009#current-teaching
Julie A. Leuzinger,Librarian,3017,Library - PS - Undergraduate Engagement and Research,University of North Texas,https://facultyinfo.unt.edu/faculty-profile?profile=jam0112#current-teaching
Lilly L. Ramin,Librarian,3018,Library - PS - Undergraduate Engagement and Research,University of North Texas,https://facultyinfo.unt.edu/faculty-profile?profile=llr0078#current-teaching
Kierra Holst,Assistant Librarian,3019,Library - Public Services,University of North Texas,https://facultyinfo.unt.edu/faculty-profile?profile=klh0549#current-teaching
Tasha McClain,Assistant Librarian,3020,Library - Public Services,University of North Texas,https://facultyinfo.unt.edu/faculty-profile?profile=tlm0308#current-teaching
Amanda Zerangue,Associate Librarian,3021,Library - Public Services,University of North Texas,https://facultyinfo.unt.edu/faculty-profile?profile=arz0014#current-teaching
Steven Guerrero,Associate Librarian,3022,Library - SL - Media Library,University of North Texas,https://facultyinfo.unt.edu/faculty-profile?profile=sg0177#current-teaching
Diane S. Robson,Librarian,3023,Library - SL - Media Library,University of North Texas,https://facultyinfo.unt.edu/faculty-profile?profile=dsd0013#current-teaching
Janelle L. West,Adjunct Faculty,3024,Library - SL - Music Library,University of North Texas,https://facultyinfo.unt.edu/faculty-profile?profile=jla0007#current-teaching
Kristin A. Wolski,Assistant Librarian,3025,Library - SL - Music Library,University of North Texas,https://facultyinfo.unt.edu/faculty-profile?profile=kaw0261#current-teaching
Steven Sellers,Assistant Librarian,3026,Library - SL - Music Library,University of North Texas,https://facultyinfo.unt.edu/faculty-profile?profile=sss0197#current-teaching
Donna M. Arnold,Associate Librarian,3027,Library - SL - Music Library,University of North Texas,https://facultyinfo.unt.edu/faculty-profile?profile=dma0002#current-teaching
Maristella J. Feustle,Librarian,3028,Library - SL - Music Library,University of North Texas,https://facultyinfo.unt.edu/faculty-profile?profile=mjf0099#current-teaching
Susannah L. Cleveland,Librarian,3029,Library - SL - Music Library,University of North Texas,https://facultyinfo.unt.edu/faculty-profile?profile=slc0012#current-teaching
Morgan D. Gieringer,Adjunct Faculty,3030,Library - SL - Special Collections,University of North Texas,https://facultyinfo.unt.edu/faculty-profile?profile=mrd0004#current-teaching
Bree'ya Brown,Assistant Librarian,3031,Library - SL - Special Collections,University of North Texas,https://facultyinfo.unt.edu/faculty-profile?profile=bnb0090#current-teaching
Justin Lemons,Assistant Librarian,3032,Library - SL - Special Collections,University of North Texas,https://facultyinfo.unt.edu/faculty-profile?profile=jjl0037#current-teaching
Jess Tucker,Associate Librarian,3033,Library - SL - Special Collections,University of North Texas,https://facultyinfo.unt.edu/faculty-profile?profile=jat0482#current-teaching
Meagan May,Associate Librarian,3034,Library - SL - Special Collections,University of North Texas,https://facultyinfo.unt.edu/faculty-profile?profile=mm1467#current-teaching
Sue E. Parks,Associate Dean,3035,Library - Special Libraries,University of North Texas,https://facultyinfo.unt.edu/faculty-profile?profile=sep0017#current-teaching
Melissa C. McGuire,Associate Vice President,3036,Student Affairs,University of North Texas,https://facultyinfo.unt.edu/faculty-profile?profile=mcr0084#current-teaching
Harold Woodard,Staff,3037,Student Success,University of North Texas,https://facultyinfo.unt.edu/faculty-profile?profile=hw0187#current-teaching
Lisa Hollinger,Adjunct Faculty,3038,Technical Communication,University of North Texas,https://facultyinfo.unt.edu/faculty-profile?profile=lgh0010#current-teaching
